{
    "version": "2.7",
    "package": [
        "wget",
        "curl",
        "astra-sm",
        "dvbsnoop",
        "ffmpeg",
        "duktape",
		"util-linux",
		"openssh-sftp-server",
		"samba",
		"python-pip",
		"inadyn-mt",
		"hlsdl",
		"f4mdump",
        "gstplayer",
        "exteplayer3",
        "enigma2-plugin-systemplugins-serviceapp",
        "enigma2-plugin-extensions-epgimport",
        "gstreamer1.0-plugins-good",
        "gstreamer1.0-plugins-base",
        "gstreamer1.0-plugins-ugly",
        "libgstplayer-1.0-0",
        "python-beautifulsoup4",
        "python-requests",
        "python-sqlite3",
        "python-codecs",
        "python-core",
        "python-json",
        "python-netclient",
        "python-image"
    ],
       "plugins": {
        "quran": "wget https://raw.githubusercontent.com/MOHAMED19OS/Download/main/Quran/installer.sh -qO - | /bin/sh",
		
		"E2IPLAYER-DREAMSATPANEL":"wget -q --no-check-certificate http://ipkinstall.ath.cx/ipk-install/E2IPLAYER-DREAMSATPANEL/e2iplayer.sh -O - | /bin/sh",
        "ajpanel": "wget https://raw.githubusercontent.com/biko-73/AjPanel/main/installer.sh -qO - | /bin/sh",
        "arabic_savior": "wget https://raw.githubusercontent.com/fairbird/ArabicSavior/main/installer.sh -qO - | /bin/sh",
        "youtube": "wget https://raw.githubusercontent.com/MOHAMED19OS/Download/main/YouTube/installer.sh -qO - | /bin/sh",
        "iptosat": "wget https://raw.githubusercontent.com/MOHAMED19OS/Download/main/IPtoSAT/installer.sh -qO - | /bin/sh",
        "e2iplayer": "wget https://raw.githubusercontent.com/MOHAMED19OS/Download/main/E2IPLAYER_TSiplayer/installer.sh -qO - | /bin/sh",
        "suptv": "wget https://raw.githubusercontent.com/MOHAMED19OS/Download/main/Suptv/installer.sh -qO - | /bin/sh",
        "multi_stalker": "wget https://raw.githubusercontent.com/ziko-ZR1/Multi-Stalker-install/main/Downloads/installer.sh -qO - | /bin/sh",
        "raedquicksignal": "wget https://raw.githubusercontent.com/fairbird/RaedQuickSignal/main/installer.sh  -qO - | /bin/sh",
        "ipaudio":  "wget -q --no-check-certificate http://ipkinstall.ath.cx/ipaudio/installer.sh -O - | /bin/sh",     
        "keyadder": "wget https://raw.githubusercontent.com/fairbird/KeyAdder/main/installer.sh -qO - | /bin/sh",
        "footonsat": "wget https://raw.githubusercontent.com/ziko-ZR1/FootOnsat/main/Download/install.sh -qO - | /bin/sh",
        "newvirtualkeyBoard": "wget https://raw.githubusercontent.com/fairbird/NewVirtualKeyBoard/main/installer.sh -qO - | /bin/sh",
        "NewvirtualkeyBoard_Tunisiasat": "wget http://tunisia-dreambox.info/TSplugins/NewVirtualKeyBoard/installer.sh -O - | /bin/sh",
        "epg_grabber": "wget https://raw.githubusercontent.com/ziko-ZR1/Epg-plugin/master/Download/installer.sh -qO - | /bin/sh",
        "neoboot": "wget https://raw.githubusercontent.com/gutosie/neoboot/master/iNB.sh -qO - | /bin/sh",
        "flashonline": "wget https://raw.githubusercontent.com/MOHAMED19OS/Download/main/FlashOnline/installer.py -qO - | python",
        "xtraevante": "wget https://github.com/digiteng/xtra/raw/main/xtraEvent.sh -qO - | /bin/sh",
        "dreamsatpanel": "wget --no-check-certificate http://ipkinstall.ath.cx/ipk-install/DreamSatPanel/installer.sh  -qO - | /bin/sh",
        "jedimakerxtream": "wget https://raw.githubusercontent.com/biko-73/JediMakerXtream/main/installer.sh -qO - | /bin/sh",
        "xstreamity": "wget https://raw.githubusercontent.com/biko-73/xstreamity/main/installer.sh -qO - | /bin/sh",
        "xc_code": "wget https://raw.githubusercontent.com/MOHAMED19OS/Download/main/XC-Code/installer.sh -qO - | /bin/sh",
        "openmultiboot": "wget https://raw.githubusercontent.com/biko-73/openmultiboot/main/installer.sh -qO - | /bin/sh",
        "subssupport": "wget https://raw.githubusercontent.com/biko-73/SubsSupport/main/installer.sh -qO - | /bin/sh",
        "backupflash": "wget https://raw.githubusercontent.com/fairbird/backupflash/main/installer.sh -qO - | /bin/sh",
        "hasbahca": "wget https://raw.githubusercontent.com/MOHAMED19OS/Download/main/HasBahCa/installer.sh -qO - | /bin/sh",
        "channel": "wget https://raw.githubusercontent.com/MOHAMED19OS/Download/main/Channel/installer.py -qO - | python",
        "nordvpn": "wget http://nordvpnconnector.dd-dns.de/nvpnc-installer_ipk.sh -qO - | /bin/sh",
        "chocholousekpicons": "wget https://github.com/s3n0/e2plugins/raw/master/ChocholousekPicons/online-setup -qO - | bash -s install",
        "openwebif": "wget http://tunisia-dreambox.info/TSplugins/openWebif/installer.sh -qO - | /bin/sh",
        "novacam": "wget https://raw.githubusercontent.com/MOHAMED19OS/Download/main/NovCam/installer.py -qO - | python",
        "freeserver": "wget https://ia803104.us.archive.org/0/items/freecccamserver/installer.sh -O - | /bin/sh"
    }
}