<?xml version="1.0"  encoding="UTF-8" ?>
<!-- List of countries for Africa -->
<xml>
	 <country count="ALGERIA">

          <city name="Adrar">
               <zone>1$-0.283333$27.8833</zone>
          </city> 
          <city name="Algiers (Alger)">
               <zone>1$3.05$36.7833</zone>
          </city> 
		  <city name="Tipasa">
               <zone>1$2.434720$36.586831</zone>
          </city> 
          <city name="Annaba (Bône)">
               <zone>1$7.81667$36.8333</zone>
          </city> 
          <city name="Aoulef">
               <zone>1$1.08333$26.9667</zone>
          </city> 
          <city name="Batna">
               <zone>1$6.18333$35.55</zone>
          </city> 
          <city name="Béchar">
               <zone>1$-2.23333$31.6167</zone>
          </city> 
          <city name="Bejaïa (Bougie)">
               <zone>1$5.06667$36.7167</zone>
          </city> 
          <city name="Biskra">
               <zone>1$5.73333$34.8</zone>
          </city> 
          <city name="Bou Saâda">
               <zone>1$4.2$35.3333</zone>
          </city> 
          <city name="Constantine">
               <zone>1$6.61667$36.2833</zone>
          </city> 
          <city name="Djanet">
               <zone>1$9.46667$24.55</zone>
          </city> 
          <city name="Djelfa">
               <zone>1$3.25$34.6833</zone>
          </city> 
          <city name="El Goléa">
               <zone>1$2.86667$30.5667</zone>
          </city> 
          <city name="El Oued">
               <zone>1$6.11667$33.5</zone>
          </city> 
          <city name="Ghardaïa">
               <zone>1$3.61667$32.5167</zone>
          </city> 
          <city name="Hassi Messaoud">
               <zone>1$6.15$31.6667</zone>
          </city> 
          <city name="I–n–Salah">
               <zone>1$2.51667$27.25</zone>
          </city> 
          <city name="Illizi">
               <zone>1$9.46667$26.5</zone>
          </city> 
          <city name="In Aménas">
               <zone>1$9.63333$28.05</zone>
          </city> 
          <city name="Jijel (Djidjelli)">
               <zone>1$5.81667$36.8833</zone>
          </city> 
          <city name="Laghouat">
               <zone>1$2.93333$33.7667</zone>
          </city> 
          <city name="Mecheria">
               <zone>1$-0.3$33.5833</zone>
          </city> 
          <city name="Mostaganem">
               <zone>1$0.116667$35.85</zone>
          </city> 
          <city name="Oran">
               <zone>1$-0.6$35.6333</zone>
          </city> 
          <city name="Ouargla">
               <zone>1$5.4$31.9167</zone>
          </city> 
          <city name="Sétif">
               <zone>1$5.41667$36.1833</zone>
          </city> 
          <city name="Skikda (Philippeville)">
               <zone>1$6.95$36.9333</zone>
          </city> 
          <city name="Tamanrasset">
               <zone>1$5.46667$22.8167</zone>
          </city> 
          <city name="Tébessa">
               <zone>1$8.13333$35.4833</zone>
          </city> 
          <city name="Tiaret">
               <zone>1$1.43333$35.25</zone>
          </city> 
          <city name="Timimoun">
               <zone>1$0.283333$29.25</zone>
          </city> 
          <city name="Tindouf">
               <zone>1$-8.13333$27.6667</zone>
          </city> 
          <city name="Tlemcen">
               <zone>1$-1.25$34.8667</zone>
          </city> 
          <city name="Touggourt">
               <zone>1$6.13333$33.1167</zone>
          </city> 
     </country>
     <country count="ANGOLA">

          <city name="Benguela">
               <zone>1$13.4167$-12.5833</zone>
          </city> 
          <city name="Cabinda">
               <zone>1$12.1833$-5.55</zone>
          </city> 
          <city name="Huambo">
               <zone>1$15.75$-12.8</zone>
          </city> 
          <city name="Kuito (Bié)">
               <zone>1$16.95$-12.3833</zone>
          </city> 
          <city name="Luanda">
               <zone>1$13.2333$-8.85</zone>
          </city> 
     </country>   
     <country count="BENIN">

          <city name="Abomey">
               <zone>1$1.98333$7.18333</zone>
          </city> 
          <city name="Agbanta">
               <zone>1$2.45$6.61667</zone>
          </city> 
          <city name="Bohicon">
               <zone>1$2.0667$7.2</zone>
          </city> 
          <city name="Cotonou">
               <zone>1$2.38333$6.35</zone>
          </city> 
          <city name="Djougou">
               <zone>1$1.66667$9.7</zone>
          </city> 
          <city name="Glazoué">
               <zone>1$2.3$7.96667</zone>
          </city> 
          <city name="Kandi">
               <zone>1$2.93333$11.1333</zone>
          </city> 
          <city name="Natitingou">
               <zone>1$1.38333$10.3167</zone>
          </city> 
          <city name="Parakou">
               <zone>1$9.35$9.35</zone>
          </city> 
          <city name="Porto–Novo">
               <zone>1$2.61667$6.48333</zone>
          </city> 
          <city name="Savé">
               <zone>1$2.46667$8.03333</zone>
          </city> 
          <city name="Tanguiéta">
               <zone>1$1.2667$10.6167</zone>
          </city> 
     </country>
     <country count="BOTSWANA">

          <city name="Francistown">
               <zone>2$27.5$-21.2167</zone>
          </city> 
          <city name="Gaborone">
               <zone>2$25.9167$-24.75</zone>
          </city> 
          <city name="Ghanzi">
               <zone>2$21.65$-21.7</zone>
          </city> 
          <city name="Kanye">
               <zone>2$25.3167$-24.9833</zone>
          </city> 
          <city name="Kasane">
               <zone>2$25.15$-17.8167</zone>
          </city> 
          <city name="Letlhakane">
               <zone>2$25.5833$-21.4167</zone>
          </city> 
          <city name="Mahalapye">
               <zone>2$26.8167$-23.1</zone>
          </city> 
          <city name="Maun">
               <zone>2$23.4167$-20</zone>
          </city> 
          <city name="Nata">
               <zone>2$26.2$-20.2</zone>
          </city> 
          <city name="Palapye">
               <zone>2$27.1167$-22.55</zone>
          </city> 
          <city name="Selebi–Pikwe (Selibe–Phikwe)">
               <zone>2$27.8167$-22.05</zone>
          </city> 
          <city name="Serowe">
               <zone>2$26.6833$-22.3667</zone>
          </city> 
          <city name="Shakawe">
               <zone>2$21.85$-18.3667</zone>
          </city> 
          <city name="Tshabong (Tsabong)">
               <zone>2$22.4$-26.0167</zone>
          </city> 
          <city name="Tshane">
               <zone>2$21.8833$-24.0167</zone>
          </city> 
     </country>
     <country count="BURKINA FASO">

          <city name="Bobo–Dioulasso">
               <zone>0$-4.31667$11.1667</zone>
          </city> 
          <city name="Boromo">
               <zone>0$-2.93333$11.75</zone>
          </city> 
          <city name="Dédougou">
               <zone>0$-3.48333$12.4667</zone>
          </city> 
          <city name="Dori">
               <zone>0$-0.033333$14.0333</zone>
          </city> 
          <city name="Fada–Ngourma (Fada–N’Gourma)">
               <zone>0$0.366667$12.0333</zone>
          </city> 
          <city name="Gaoua">
               <zone>0$-3.18333$10.3333</zone>
          </city> 
          <city name="Ouagadougou">
               <zone>0$-1.51667$12.35</zone>
          </city> 
          <city name="Ouahigouya">
               <zone>0$-2.41667$13.5667</zone>
          </city> 
          <city name="Pô">
               <zone>0$-1.15$11.15</zone>
          </city> 
     </country>
     <country count="BURUNDI">

          <city name="Bujumbura">
               <zone>2$29.3167$-3.31667</zone>
          </city> 
          <city name="Gitega">
               <zone>2$29.9333$-3.43333</zone>
          </city> 
          <city name="Kirundo">
               <zone>2$30.1$-2.58333</zone>
          </city> 
     </country>
     <country count="CAMEROON">

          <city name="Abong Mbang">
               <zone>1$13.2$3.96667</zone>
          </city> 
          <city name="Bafia">
               <zone>1$11.25$4.73333</zone>
          </city> 
          <city name="Bafoussam">
               <zone>1$10.4$5.48333</zone>
          </city> 
          <city name="Bamenda">
               <zone>1$10.1167$5.98333</zone>
          </city> 
          <city name="Banyo">
               <zone>1$11.8167$6.78333</zone>
          </city> 
          <city name="Batouri">
               <zone>1$4.46667$4.46667</zone>
          </city> 
          <city name="Bétaré Oya">
               <zone>1$14.0667$5.6</zone>
          </city> 
          <city name="Douala">
               <zone>1$9.73333$4</zone>
          </city> 
          <city name="Garoua">
               <zone>1$13.3833$9.33333</zone>
          </city> 
          <city name="Kribi">
               <zone>1$9.9$2.95</zone>
          </city> 
          <city name="Kumba">
               <zone>1$9.41667$4.63333</zone>
          </city> 
          <city name="Limbe (Victoria)">
               <zone>1$9.21667$4.01667</zone>
          </city> 
          <city name="Lomié">
               <zone>1$13.6167$3.15</zone>
          </city> 
          <city name="Mamfe">
               <zone>1$9.28333$5.71667</zone>
          </city> 
          <city name="Maroua">
               <zone>1$14.25$10.45</zone>
          </city> 
          <city name="Meiganga">
               <zone>1$14.3667$6.53333</zone>
          </city> 
          <city name="Ngaoundéré">
               <zone>1$13.4$7.35</zone>
          </city> 
          <city name="Nkongsamba">
               <zone>1$9.93333$4.95</zone>
          </city> 
          <city name="Yaoundé">
               <zone>1$11.5167$3.86667</zone>
          </city> 
          <city name="Yoko">
               <zone>1$12.3667$5.55</zone>
          </city> 
     </country>
          <country count="CAPE VERDE">

          <city name="Praia">
               <zone>-1$-23.5167$14.9167</zone>
          </city> 
     </country>
     <country count="CENTRAL AFRICAN REPUBLIC">

          <city name="Alindao">
               <zone>1$21.2$5.05</zone>
          </city> 
          <city name="Bambari">
               <zone>1$20.65$5.85</zone>
          </city> 
          <city name="Bangassou">
               <zone>1$22.8333$4.73333</zone>
          </city> 
          <city name="Bangui">
               <zone>1$18.5167$4.4</zone>
          </city> 
          <city name="Berbérati">
               <zone>1$15.8$4.25</zone>
          </city> 
          <city name="Birao">
               <zone>1$22.7833$10.2833</zone>
          </city> 
          <city name="Bossangoa">
               <zone>1$17.4333$6.48333</zone>
          </city> 
          <city name="Bossembélé">
               <zone>1$17.6333$5.26667</zone>
          </city> 
          <city name="Bouar">
               <zone>1$15.6333$5.96667</zone>
          </city> 
          <city name="Bria">
               <zone>1$21.9833$6.53333</zone>
          </city> 
          <city name="N’Delle (Ndélé)">
               <zone>1$20.65$8.4</zone>
          </city> 
          <city name="Obo">
               <zone>1$26.5$5.4</zone>
          </city> 
          <city name="Yalinga">
               <zone>1$23.2667$6.5</zone>
          </city> 
     </country>
     <country count="CHAD">

          <city name="Abéché">
               <zone>1$20.85$13.85</zone>
          </city> 
          <city name="Am Timan">
               <zone>1$20.2833$11.0333</zone>
          </city> 
          <city name="Bokoro">
               <zone>1$17.05$12.3833</zone>
          </city> 
          <city name="Bol">
               <zone>1$14.7333$13.4333</zone>
          </city> 
          <city name="Faya–Largeau">
               <zone>1$19.1667$18</zone>
          </city> 
          <city name="Moundou">
               <zone>1$16.0667$8.61667</zone>
          </city> 
          <city name="N’Djamena (Ndjamena)">
               <zone>1$15.0333$12.1333</zone>
          </city> 
          <city name="Pala (Pala Oua)">
               <zone>1$14.9167$9.36667</zone>
          </city> 
          <city name="Sarh">
               <zone>1$18.3833$9.15</zone>
          </city> 
     </country>
          <country count="COMOROS">

          <city name="Anjouan Island">
               <zone>3$44.4333$-12.1167</zone>
          </city> 
          <city name="Foumboni, Mohéli Island">
               <zone>3$43.75$-12.3333</zone>
          </city> 
          <city name="Moroni, Grande Comore">
               <zone>3$43.2667$-11.6833</zone>
          </city> 
          <city name="Mutsamudu, Anjouan Island">
               <zone>3$44.3833$-12.15</zone>
          </city> 
     </country>
     <country count="COTE D'IVOIRE">

          <city name="Abidjan">
               <zone>0$-3.93333$5.25</zone>
          </city> 
          <city name="Adiaké">
               <zone>0$-3.3$5.3</zone>
          </city> 
          <city name="Bondoukou">
               <zone>0$-2.78333$8.05</zone>
          </city> 
          <city name="Bouaké">
               <zone>0$-5.06667$7.73333</zone>
          </city> 
          <city name="Daloa">
               <zone>0$-6.46667$6.86667</zone>
          </city> 
          <city name="Dimbokro">
               <zone>0$-4.7$6.65</zone>
          </city> 
          <city name="Gagnoa">
               <zone>0$-5.95$6.13333</zone>
          </city> 
          <city name="Korhogo">
               <zone>0$-5.61667$9.41667</zone>
          </city> 
          <city name="Man">
               <zone>0$-7.51667$7.38333</zone>
          </city> 
          <city name="Odienné">
               <zone>0$-7.56667$9.5</zone>
          </city> 
          <city name="San–Pédro">
               <zone>0$-6.65$4.75</zone>
          </city> 
          <city name="Sassandra">
               <zone>0$-6.08333$4.95</zone>
          </city> 
          <city name="Tabou">
               <zone>0$-7.36667$4.41667</zone>
          </city> 
          <city name="Yamoussoukro">
               <zone>0$-5.35$6.9</zone>
          </city> 
     </country>
     <country count="CONGO">

          <city name="Brazzaville">
               <zone>1$15.25$-4.25</zone>
          </city> 
          <city name="Djambala">
               <zone>1$14.7667$-2.53333</zone>
          </city> 
          <city name="Gamboma">
               <zone>1$15.8667$-1.86667</zone>
          </city> 
          <city name="Impfondo">
               <zone>1$18.0667$-1.61667</zone>
          </city> 
          <city name="Loubomo">
               <zone>1$12.7$-4.2</zone>
          </city> 
          <city name="Madingou">
               <zone>1$13.5667$-4.15</zone>
          </city> 
          <city name="Makabana">
               <zone>1$12.6167$-3.48333</zone>
          </city> 
          <city name="Makoua">
               <zone>1$15.5833$-0.016667</zone>
          </city> 
          <city name="Mpouya">
               <zone>1$16.2167$-2.61667</zone>
          </city> 
          <city name="Ouesso">
               <zone>1$16.05$1.61667</zone>
          </city> 
          <city name="Pointe–Noire">
               <zone>1$11.9$-4.81667</zone>
          </city> 
          <city name="Sibiti">
               <zone>1$13.35$-3.68333</zone>
          </city> 
          <city name="Souanké">
               <zone>1$14.1333$2.06667</zone>
          </city> 
     </country>
     <country count="COTE D'IVOIRE">

          <city name="Abidjan">
               <zone>0$-3.93333$5.25</zone>
          </city> 
          <city name="Adiaké">
               <zone>0$-3.3$5.3</zone>
          </city> 
          <city name="Bondoukou">
               <zone>0$-2.78333$8.05</zone>
          </city> 
          <city name="Bouaké">
               <zone>0$-5.06667$7.73333</zone>
          </city> 
          <city name="Daloa">
               <zone>0$-6.46667$6.86667</zone>
          </city> 
          <city name="Dimbokro">
               <zone>0$-4.7$6.65</zone>
          </city> 
          <city name="Gagnoa">
               <zone>0$-5.95$6.13333</zone>
          </city> 
          <city name="Korhogo">
               <zone>0$-5.61667$9.41667</zone>
          </city> 
          <city name="Man">
               <zone>0$-7.51667$7.38333</zone>
          </city> 
          <city name="Odienné">
               <zone>0$-7.56667$9.5</zone>
          </city> 
          <city name="San–Pédro">
               <zone>0$-6.65$4.75</zone>
          </city> 
          <city name="Sassandra">
               <zone>0$-6.08333$4.95</zone>
          </city> 
          <city name="Tabou">
               <zone>0$-7.36667$4.41667</zone>
          </city> 
          <city name="Yamoussoukro">
               <zone>0$-5.35$6.9</zone>
          </city> 
     </country>
     <country count="DJIBOUTI">

          <city name="Djibouti">
               <zone>3$43.1667$11.55</zone>
          </city> 
          <city name="Obock">
               <zone>3$43.2667$11.9833</zone>
          </city> 
     </country>
     <country count="EQUATORIAL GUINEA">

          <city name="Bata">
               <zone>1$9.75$1.85</zone>
          </city> 
          <city name="Cogo">
               <zone>1$9.7$1.08333</zone>
          </city> 
          <city name="Luba">
               <zone>1$8.55$3.45</zone>
          </city> 
          <city name="Malabo">
               <zone>1$8.76667$3.75</zone>
          </city> 
          <city name="Mongomo">
               <zone>1$11.3$1.61667</zone>
          </city> 
          <city name="R?o Muni (Mbini)">
               <zone>1$9.61667$1.58333</zone>
          </city> 
          <city name="San Antonio de Palé">
               <zone>1$5.6$1.4</zone>
          </city> 
          <city name="Santa Isabel">
               <zone>1$8.783$3.75</zone>
          </city> 
     </country>
     <country count="ERITREA">

          <city name="Agordat (?k’ordat)">
               <zone>3$37.8833$15.55</zone>
          </city> 
          <city name="Asmara">
               <zone>3$38.9167$15.2833</zone>
          </city> 
          <city name="Assab (?seb)">
               <zone>3$42.7333$13</zone>
          </city> 
          <city name="B?ylul">
               <zone>3$42.4333$13.1667</zone>
          </city> 
          <city name="Massawa (Mitsiwa’e)">
               <zone>3$39.45$15.6167</zone>
          </city> 
          <city name="Teseney">
               <zone>3$36.6833$15.1167</zone>
          </city> 
     </country> 
     <country count="EGYPT">

          <city name="Al ‘Ar?sh (El–‘Arîsh)">
               <zone>2$33.8167$31.0833</zone>
          </city> 
          <city name="Al Fayy?m">
               <zone>2$30.8333$29.3167</zone>
          </city> 
          <city name="Al Ghardaqah (Hurghada)">
               <zone>2$33.7167$27.15</zone>
          </city> 
          <city name="Al Miny?">
               <zone>2$30.75$28.1</zone>
          </city> 
          <city name="Alexandria (El Iskandar?ya)">
               <zone>2$29.9$31.2</zone>
          </city> 
          <city name="Asw?n">
               <zone>2$32.8833$24.0833</zone>
          </city> 
          <city name="Asy??">
               <zone>2$31.1833$27.1833</zone>
          </city> 
          <city name="Beni Suef (Bani Suwayf)">
               <zone>2$31.0833$29.0833</zone>
          </city> 
          <city name="Cairo (El Qâhira)">
               <zone>2$31.25$30.05</zone>
          </city> 
          <city name="Damanh?r (Damanhour)">
               <zone>2$30.4667$31.0333</zone>
          </city> 
          <city name="El–Tor">
               <zone>2$33.6167$28.2333</zone>
          </city> 
          <city name="Giza">
               <zone>2$31.2167$30.0167</zone>
          </city> 
          <city name="Idk? (Edkou)">
               <zone>2$30.3$31.3</zone>
          </city> 
          <city name="Luxor">
               <zone>2$32.7$25.6667</zone>
          </city> 
          <city name="Mars? Ma?ruh (Mersa Ma?rûh)">
               <zone>2$27.2167$31.3333</zone>
          </city> 
          <city name="Port Said">
               <zone>2$32.3$31.2667</zone>
          </city> 
          <city name="Qin?">
               <zone>2$32.7167$26.1667</zone>
          </city> 
          <city name="Sharm al–Sheikh (Sharm ash Shaykh)">
               <zone>2$34.2667$27.85</zone>
          </city> 
          <city name="Sohag (S?h?j)">
               <zone>2$31.6667$26.5333</zone>
          </city> 
          <city name="Suez (El Suweis)">
               <zone>2$32.55$29.9667</zone>
          </city> 
          <city name="Tanta">
               <zone>2$31$30.7833</zone>
          </city> 
     </country>
     <country count="EQUATORIAL GUINEA">

          <city name="Bata">
               <zone>1$9.75$1.85</zone>
          </city> 
          <city name="Cogo">
               <zone>1$9.7$1.08333</zone>
          </city> 
          <city name="Luba">
               <zone>1$8.55$3.45</zone>
          </city> 
          <city name="Malabo">
               <zone>1$8.76667$3.75</zone>
          </city> 
          <city name="Mongomo">
               <zone>1$11.3$1.61667</zone>
          </city> 
          <city name="R?o Muni (Mbini)">
               <zone>1$9.61667$1.58333</zone>
          </city> 
          <city name="San Antonio de Palé">
               <zone>1$5.6$1.4</zone>
          </city> 
          <city name="Santa Isabel">
               <zone>1$8.783$3.75</zone>
          </city> 
     </country>
     <country count="ERITREA">

          <city name="Agordat (?k’ordat)">
               <zone>3$37.8833$15.55</zone>
          </city> 
          <city name="Asmara">
               <zone>3$38.9167$15.2833</zone>
          </city> 
          <city name="Assab (?seb)">
               <zone>3$42.7333$13</zone>
          </city> 
          <city name="B?ylul">
               <zone>3$42.4333$13.1667</zone>
          </city> 
          <city name="Massawa (Mitsiwa’e)">
               <zone>3$39.45$15.6167</zone>
          </city> 
          <city name="Teseney">
               <zone>3$36.6833$15.1167</zone>
          </city> 
     </country>
     <country count="ETHIOPIA">

          <city name="Addis Ababa">
               <zone>3$38.8$8.98333</zone>
          </city> 
          <city name="Arba Mintch (?rba Minch’)">
               <zone>3$37.5333$5.96667</zone>
          </city> 
          <city name="Asosa (?sosa)">
               <zone>3$34.5333$10.05</zone>
          </city> 
          <city name="Awash (?wash)">
               <zone>3$40.1667$8.98333</zone>
          </city> 
          <city name="Awassa (?wasa)">
               <zone>3$38.5$7.06667</zone>
          </city> 
          <city name="Axum (?ksum)">
               <zone>3$38.7167$14.1167</zone>
          </city> 
          <city name="Bac?u (Bako [Baco])">
               <zone>3$36.6167$5.83333</zone>
          </city> 
          <city name="Bahir Dar (Bahar Dir)">
               <zone>3$37.4$11.6</zone>
          </city> 
          <city name="Debre Mark’os (Debre Marcos)">
               <zone>3$37.7167$10.35</zone>
          </city> 
          <city name="Dessie (Des?)">
               <zone>3$39.6833$11.0833</zone>
          </city> 
          <city name="Dire Dawa (Dir? Dawa)">
               <zone>3$41.8667$9.6</zone>
          </city> 
          <city name="G?n?r (Ghinnir)">
               <zone>3$40.7$7.13333</zone>
          </city> 
          <city name="Golei Uaga">
               <zone>3$43.5$5.93333</zone>
          </city> 
          <city name="Gondar">
               <zone>3$37.4333$12.5333</zone>
          </city> 
          <city name="Gor?">
               <zone>3$35.55$8.16667</zone>
          </city> 
          <city name="Harar">
               <zone>3$42.0045$9.3</zone>
          </city> 
          <city name="Jijiga (Jigjigga)">
               <zone>3$42.7167$9.33333</zone>
          </city> 
          <city name="J?ma (Jimma)">
               <zone>3$7.83333$7.66667</zone>
          </city> 
          <city name="Kebri Dahar (K’ebr? Dehar)">
               <zone>3$44.2833$6.75</zone>
          </city> 
          <city name="Mek’el? (Makale)">
               <zone>3$39.5$13.5</zone>
          </city> 
          <city name="Mena">
               <zone>3$39.8333$6.36667</zone>
          </city> 
          <city name="Neg?l? (Neghelli)">
               <zone>3$39.6$5.33333</zone>
          </city> 
     </country>
     <country count="GABON">

          <city name="Bitam">
               <zone>1$11.4833$2.08333</zone>
          </city> 
          <city name="Cocobeach">
               <zone>1$9.6$1</zone>
          </city> 
          <city name="Lambaréné">
               <zone>1$10.2333$-0.716667</zone>
          </city> 
          <city name="Lastoursville">
               <zone>1$12.7167$-0.833333</zone>
          </city> 
          <city name="Libreville">
               <zone>1$9.41667$0.45</zone>
          </city> 
          <city name="Makokou">
               <zone>1$12.8667$0.566667</zone>
          </city> 
          <city name="Masuku (Franceville)">
               <zone>1$13.4333$-1.65</zone>
          </city> 
          <city name="Mayumba (Mayoumba)">
               <zone>1$10.65$-3.41667</zone>
          </city> 
          <city name="Mékambo">
               <zone>1$13.9667$1</zone>
          </city> 
          <city name="Mitzic">
               <zone>1$11.5333$0.783333</zone>
          </city> 
          <city name="Moanda">
               <zone>1$13.2667$-1.53333</zone>
          </city> 
          <city name="Mouila">
               <zone>1$11$-1.86667</zone>
          </city> 
          <city name="Port–Gentil">
               <zone>1$8.75$-0.7</zone>
          </city> 
          <city name="Tchibanga">
               <zone>1$11.0167$-2.85</zone>
          </city> 
     </country>
     <country count="GAMBIA">

          <city name="Bakau">
               <zone>0$-16.7333$13.5</zone>
          </city> 
          <city name="Banjul">
               <zone>0$-16.5833$13.35</zone>
          </city> 
          <city name="Bansang">
               <zone>0$-14.6667$13.55</zone>
          </city> 
          <city name="Basse Santa Su">
               <zone>0$-14.2167$13.3167</zone>
          </city> 
          <city name="Brikama Ba">
               <zone>0$-14.9167$13.5333</zone>
          </city> 
          <city name="Bwiam">
               <zone>0$-16.0833$13.25</zone>
          </city> 
          <city name="Farafenni">
               <zone>0$-15.6167$13.5667</zone>
          </city> 
          <city name="Kau–ur">
               <zone>0$-15.3167$13.7</zone>
          </city> 
          <city name="Kuntair">
               <zone>0$-16.2$13.5333</zone>
          </city> 
          <city name="MacCarthy Island (Jangjangbure)">
               <zone>0$-14.7667$13.5333</zone>
          </city> 
          <city name="Mansa Konko">
               <zone>0$-15.55$13.4833</zone>
          </city> 
          <city name="Serrekunda">
               <zone>0$-16.7333$13.4833</zone>
          </city> 
     </country>
     <country count="GHANA">

          <city name="Accra">
               <zone>0$-0.166667$5.6</zone>
          </city> 
          <city name="Akuse">
               <zone>0$0.116667$6.1</zone>
          </city> 
          <city name="Anloga">
               <zone>0$0.833333$5.78333</zone>
          </city> 
          <city name="Bole">
               <zone>0$-2.48333$9.03333</zone>
          </city> 
          <city name="Cape Coast">
               <zone>0$-1.25$5.08333</zone>
          </city> 
          <city name="Esiama">
               <zone>0$-2.35$4.93333</zone>
          </city> 
          <city name="Ho">
               <zone>0$0.466667$6.6</zone>
          </city> 
          <city name="Kete Krachi">
               <zone>0$-0.016667$7.78333</zone>
          </city> 
          <city name="Koforidua">
               <zone>0$-0.25$6.08333</zone>
          </city> 
          <city name="Kumasi">
               <zone>0$-1.6$6.71667</zone>
          </city> 
          <city name="Navrongo">
               <zone>0$-1.1$10.9</zone>
          </city> 
          <city name="Oda (Akim Oda)">
               <zone>0$-0.983333$5.93333</zone>
          </city> 
          <city name="Saltpond">
               <zone>0$-1.06667$5.2</zone>
          </city> 
          <city name="Sefwi Bekwai">
               <zone>0$-2.33333$6.2</zone>
          </city> 
          <city name="Sunyani">
               <zone>0$-2.33333$7.33333</zone>
          </city> 
          <city name="Takoradi">
               <zone>0$-1.76667$4.88333</zone>
          </city> 
          <city name="Tamale">
               <zone>0$-0.85$9.5</zone>
          </city> 
          <city name="Tema">
               <zone>0$0$5.61667</zone>
          </city> 
          <city name="Wa">
               <zone>0$-2.5$10.05</zone>
          </city> 
          <city name="Wenchi">
               <zone>0$-2.1$7.75</zone>
          </city> 
          <city name="Yendi">
               <zone>0$-0.016667$9.45</zone>
          </city> 
     </country>
     <country count="GUINEA-BISSAU">

          <city name="Bafat?">
               <zone>0$-14.6667$12.1667</zone>
          </city> 
          <city name="Bissau">
               <zone>0$-15.65$11.8833</zone>
          </city> 
          <city name="Bolama">
               <zone>0$-15.4667$11.5833</zone>
          </city> 
          <city name="Bubaque">
               <zone>0$-15.8333$11.2833</zone>
          </city> 
          <city name="Cacheu">
               <zone>0$-16.1667$12.2667</zone>
          </city> 
     </country>
     <country count="KENYA">

          <city name="Eldoret">
               <zone>3$35.2833$0.533333</zone>
          </city> 
          <city name="Embu">
               <zone>3$37.45$-0.5</zone>
          </city> 
          <city name="Garissa">
               <zone>3$39.6333$-0.466667</zone>
          </city> 
          <city name="Isiolo">
               <zone>3$37.5833$0.35</zone>
          </city> 
          <city name="Kabete">
               <zone>3$36.6667$-1.3</zone>
          </city> 
          <city name="Kakamega">
               <zone>3$34.7833$0.283333</zone>
          </city> 
          <city name="Kericho">
               <zone>3$35.35$-0.366667</zone>
          </city> 
          <city name="Kibera">
               <zone>3$36.75$-1.26667</zone>
          </city> 
          <city name="Kisii">
               <zone>3$34.7833$-0.733333</zone>
          </city> 
          <city name="Kisumu">
               <zone>3$34.75$-0.1</zone>
          </city> 
          <city name="Kitale">
               <zone>3$35$1.01667</zone>
          </city> 
          <city name="Lamu">
               <zone>3$40.8333$-2.26667</zone>
          </city> 
          <city name="Lodwar">
               <zone>3$35.6167$3.11667</zone>
          </city> 
          <city name="Makindu">
               <zone>3$37.8333$-2.28333</zone>
          </city> 
          <city name="Malindi">
               <zone>3$40.1$-3.23333</zone>
          </city> 
          <city name="Mandera">
               <zone>3$41.8667$3.93333</zone>
          </city> 
          <city name="Marsabit">
               <zone>3$37.9$2.3</zone>
          </city> 
          <city name="Meru">
               <zone>3$37.65$0.083333</zone>
          </city> 
          <city name="Mombasa">
               <zone>3$39.6167$-4</zone>
          </city> 
          <city name="Moyale">
               <zone>3$39.05$3.51667</zone>
          </city> 
          <city name="Muchatha">
               <zone>3$36.8167$-1.33333</zone>
          </city> 
          <city name="Nairobi">
               <zone>3$36.8167$-1.28333</zone>
          </city> 
          <city name="Nakuru">
               <zone>3$36.1$-0.266667</zone>
          </city> 
          <city name="Nanyuki">
               <zone>3$37.0333$-0.066667</zone>
          </city> 
          <city name="Narok">
               <zone>3$35.8333$-1.13333</zone>
          </city> 
          <city name="Nyeri">
               <zone>3$36.9667$-0.5</zone>
          </city> 
          <city name="Voi">
               <zone>3$38.5667$-3.4</zone>
          </city> 
          <city name="Wajir">
               <zone>3$40.0667$1.75</zone>
          </city> 
     </country>
     <country count="LESOTHO">

          <city name="Berea">
               <zone>2$27.5667$-29.1167</zone>
          </city> 
          <city name="Buthaâ€“Buthe">
               <zone>2$28.25$-28.75</zone>
          </city> 
          <city name="Leribe">
               <zone>2$28$-28.9667</zone>
          </city> 
          <city name="Mafeteng">
               <zone>2$27.25$-29.85</zone>
          </city> 
          <city name="Maseru">
               <zone>2$27.55$-29.45</zone>
          </city> 
          <city name="Mohaleâ€™s Hoek">
               <zone>2$27.4333$-30.1167</zone>
          </city> 
          <city name="Mokhotlong">
               <zone>2$29$-29.3333</zone>
          </city> 
          <city name="Qachaâ€™s Nek">
               <zone>2$28.75$-30</zone>
          </city> 
          <city name="Quthing">
               <zone>2$27.6$-30.5</zone>
          </city> 
          <city name="Thabaâ€“Tseka">
               <zone>2$28.6667$-29.5</zone>
          </city> 
     </country>
	 <country count="LIBYAN ARAB JAMAHIRIYA">

          <city name="Al Jawf">
               <zone>2$23.3$24.2167</zone>
          </city> 
          <city name="AwbÄrÄ«">
               <zone>2$12.7667$26.5833</zone>
          </city> 
          <city name="Benghazi (BanghÄzÄ«)">
               <zone>2$20.0667$32.1167</zone>
          </city> 
          <city name="Ghadames (GhadÄmis)">
               <zone>2$9.5$30.1333</zone>
          </city> 
          <city name="GhÄt">
               <zone>2$10.15$25.1333</zone>
          </city> 
          <city name="Misurata (MiÅŸrÄtah)">
               <zone>2$15.1$32.3833</zone>
          </city> 
          <city name="Murzuq">
               <zone>2$13.9333$25.9167</zone>
          </city> 
          <city name="SabhÄ (Sebha)">
               <zone>2$14.45$27.0167</zone>
          </city> 
          <city name="Sirte (Surt)">
               <zone>2$16.6$31.1833</zone>
          </city> 
          <city name="Tripoli">
               <zone>2$13.15$32.6667</zone>
          </city> 
     </country>
     <country count="LIBERIA">

          <city name="Monrovia">
               <zone>0$-10.7833$6.3</zone>
          </city> 
          <city name="River Cess">
               <zone>0$-9.5833$5.4667</zone>
          </city> 
     </country>
     
     
     
</xml>
