<?xml version="1.0"  encoding="UTF-8" ?>
<!-- List of countries for Africa -->
<xml>
     
     <country count="MADAGASCAR">

          <city name="Analalava">
               <zone>3$47.7667$-14.6333</zone>
          </city> 
          <city name="Andapa">
               <zone>3$49.6167$-14.65</zone>
          </city> 
          <city name="Antalaha">
               <zone>3$50.25$-14.8833</zone>
          </city> 
          <city name="Antananarivo">
               <zone>3$47.4833$-18.8</zone>
          </city> 
          <city name="Antseranana (DiÃ©goâ€“Suarez)">
               <zone>3$49.3$-12.35</zone>
          </city> 
          <city name="Antsirabe">
               <zone>3$47.0667$-19.8167</zone>
          </city> 
          <city name="Besalampy">
               <zone>3$44.5$-16.75</zone>
          </city> 
          <city name="Djamandjary, Nosyâ€“Be Island">
               <zone>3$48.25$-13.3333</zone>
          </city> 
          <city name="Farafangana">
               <zone>3$47.8333$-22.8</zone>
          </city> 
          <city name="Fianarantsoa">
               <zone>3$47.1$-21.45</zone>
          </city> 
          <city name="Mahajanga (Majunga)">
               <zone>3$46.35$-15.6667</zone>
          </city> 
          <city name="Mahanoro">
               <zone>3$48.8$-19.8333</zone>
          </city> 
          <city name="Maintirano">
               <zone>3$44.0333$-18.05</zone>
          </city> 
          <city name="Mananjary">
               <zone>3$48.3667$-21.2</zone>
          </city> 
          <city name="Morombe">
               <zone>3$43.3667$-21.75</zone>
          </city> 
          <city name="Morondava">
               <zone>3$44.3167$-20.2833</zone>
          </city> 
          <city name="Ranohira">
               <zone>3$45.4$-22.55</zone>
          </city> 
          <city name="Sambava">
               <zone>3$50.1667$-14.2833</zone>
          </city> 
          <city name="Toamasina (Tamatave)">
               <zone>3$49.4$-18.1167</zone>
          </city> 
          <city name="TÃ´lanaro (Taolagnaro [Fortâ€“Dauphin])">
               <zone>3$46.95$-25.0333</zone>
          </city> 
          <city name="Toliara">
               <zone>3$43.7333$-23.3833</zone>
          </city> 
          <city name="Vohemar">
               <zone>3$50$-13.3667</zone>
          </city> 
          <city name="Vohilava, Ile Sainteâ€“Marie">
               <zone>3$49.8167$-17.0833</zone>
          </city> 
     </country>
     <country count="MADAGASCAR">

          <city name="Analalava">
               <zone>3$47.7667$-14.6333</zone>
          </city> 
          <city name="Andapa">
               <zone>3$49.6167$-14.65</zone>
          </city> 
          <city name="Antalaha">
               <zone>3$50.25$-14.8833</zone>
          </city> 
          <city name="Antananarivo">
               <zone>3$47.4833$-18.8</zone>
          </city> 
          <city name="Antseranana (DiÃ©goâ€“Suarez)">
               <zone>3$49.3$-12.35</zone>
          </city> 
          <city name="Antsirabe">
               <zone>3$47.0667$-19.8167</zone>
          </city> 
          <city name="Besalampy">
               <zone>3$44.5$-16.75</zone>
          </city> 
          <city name="Djamandjary, Nosyâ€“Be Island">
               <zone>3$48.25$-13.3333</zone>
          </city> 
          <city name="Farafangana">
               <zone>3$47.8333$-22.8</zone>
          </city> 
          <city name="Fianarantsoa">
               <zone>3$47.1$-21.45</zone>
          </city> 
          <city name="Mahajanga (Majunga)">
               <zone>3$46.35$-15.6667</zone>
          </city> 
          <city name="Mahanoro">
               <zone>3$48.8$-19.8333</zone>
          </city> 
          <city name="Maintirano">
               <zone>3$44.0333$-18.05</zone>
          </city> 
          <city name="Mananjary">
               <zone>3$48.3667$-21.2</zone>
          </city> 
          <city name="Morombe">
               <zone>3$43.3667$-21.75</zone>
          </city> 
          <city name="Morondava">
               <zone>3$44.3167$-20.2833</zone>
          </city> 
          <city name="Ranohira">
               <zone>3$45.4$-22.55</zone>
          </city> 
          <city name="Sambava">
               <zone>3$50.1667$-14.2833</zone>
          </city> 
          <city name="Toamasina (Tamatave)">
               <zone>3$49.4$-18.1167</zone>
          </city> 
          <city name="TÃ´lanaro (Taolagnaro [Fortâ€“Dauphin])">
               <zone>3$46.95$-25.0333</zone>
          </city> 
          <city name="Toliara">
               <zone>3$43.7333$-23.3833</zone>
          </city> 
          <city name="Vohemar">
               <zone>3$50$-13.3667</zone>
          </city> 
          <city name="Vohilava, Ile Sainteâ€“Marie">
               <zone>3$49.8167$-17.0833</zone>
          </city> 
     </country>
     <country count="MALAWI">

          <city name="Blantyre">
               <zone>2$35$-15.7833</zone>
          </city> 
          <city name="Chitipa">
               <zone>2$33.2667$-9.7</zone>
          </city> 
          <city name="Dedza">
               <zone>2$34.2667$-14.3167</zone>
          </city> 
          <city name="Karonga">
               <zone>2$33.8833$-9.95</zone>
          </city> 
          <city name="Lilongwe">
               <zone>2$33.7667$-14</zone>
          </city> 
          <city name="Limbe">
               <zone>2$35.05$-15.8167</zone>
          </city> 
          <city name="Mangochi">
               <zone>2$35.25$-14.4333</zone>
          </city> 
          <city name="Monkey Bay">
               <zone>2$34.9167$-14.0833</zone>
          </city> 
          <city name="Mzimba">
               <zone>2$33.6167$-11.8833</zone>
          </city> 
          <city name="Mzuzu">
               <zone>2$34.0167$-11.45</zone>
          </city> 
          <city name="Nkhotakota (Nkhota)">
               <zone>2$34.2667$-12.9167</zone>
          </city> 
          <city name="Salima">
               <zone>2$34.5833$-13.75</zone>
          </city> 
     </country>

     <country count="MALI">

          <city name="Bamako">
               <zone>3$-7.95$12.5333</zone>
          </city> 
          <city name="Bougouni">
               <zone>3$-7.5$11.4167</zone>
          </city> 
          <city name="Gao">
               <zone>3$-0.05$16.2667</zone>
          </city> 
          <city name="Hombori">
               <zone>3$-1.68333$15.3333</zone>
          </city> 
          <city name="Kayes">
               <zone>3$-11.4333$14.4333</zone>
          </city> 
          <city name="KÃ©niÃ©ba">
               <zone>3$-11.2333$12.85</zone>
          </city> 
          <city name="Kidal">
               <zone>3$1.35$18.4333</zone>
          </city> 
          <city name="Kita">
               <zone>3$-9.48333$13.0667</zone>
          </city> 
          <city name="Koutiala">
               <zone>3$-5.46667$12.3833</zone>
          </city> 
          <city name="MÃ©naka">
               <zone>3$2.21667$15.8667</zone>
          </city> 
          <city name="Mopti">
               <zone>3$-4.1$14.5167</zone>
          </city> 
          <city name="Nara">
               <zone>3$-7.28333$15.1667</zone>
          </city> 
          <city name="Nioro du Sahel">
               <zone>3$-9.35$15.2333</zone>
          </city> 
          <city name="San">
               <zone>3$-4.83333$13.3333</zone>
          </city> 
          <city name="SÃ©gou">
               <zone>3$-6.15$13.4</zone>
          </city> 
          <city name="Sikasso">
               <zone>3$-5.68333$11.35</zone>
          </city> 
          <city name="Tessalit">
               <zone>3$0.983333$20.2</zone>
          </city> 
          <city name="Timbuktu">
               <zone>3$-3$16.7167</zone>
          </city> 
     </country>
     <country count="MAURITANIA">

          <city name="Akjoujt">
               <zone>0$-14.3667$19.75</zone>
          </city> 
          <city name="Atar">
               <zone>0$-13.0667$20.5167</zone>
          </city> 
          <city name="Ayoun el Atrous (AÃ¯oun el Atrouss)">
               <zone>0$-9.6$16.7</zone>
          </city> 
          <city name="Bir Moghrein">
               <zone>0$-11.6167$25.2333</zone>
          </city> 
          <city name="Boutilimit">
               <zone>0$-14.6833$17.5333</zone>
          </city> 
          <city name="KaÃ©di">
               <zone>0$-13.5167$16.15</zone>
          </city> 
          <city name="KÃ®fa (Kiffa)">
               <zone>0$-11.4$16.6333</zone>
          </city> 
          <city name="NÃ©ma">
               <zone>0$-7.26667$16.6</zone>
          </city> 
          <city name="Nouadhibou">
               <zone>0$-17.0333$20.9333</zone>
          </city> 
          <city name="Nouakchott">
               <zone>0$-15.95$18.1</zone>
          </city> 
          <city name="Rosso">
               <zone>0$-15.8167$16.5</zone>
          </city> 
          <city name="Tidjikja">
               <zone>0$-11.4333$18.5667</zone>
          </city> 
     </country>
     <country count="MOROCCO">

          <city name="Agadir">
               <zone>0$-9.56667$30.3833</zone>
          </city> 
          <city name="Al HoceÃ¯ma">
               <zone>0$-3.91667$35.25</zone>
          </city> 
          <city name="Bou Arfa">
               <zone>0$-1.98333$32.5</zone>
          </city> 
          <city name="Casablanca">
               <zone>0$-7.66667$33.5667</zone>
          </city> 
          <city name="Er Rachidia">
               <zone>0$-4.4$31.9333</zone>
          </city> 
          <city name="Essaouira">
               <zone>0$-9.78333$31.5167</zone>
          </city> 
          <city name="Fes">
               <zone>0$-4.95$34.0833</zone>
          </city> 
          <city name="Ifrane">
               <zone>0$-5.16667$33.5</zone>
          </city> 
          <city name="Kenitra (Portâ€“Lyautey)">
               <zone>0$-6.6$34.3</zone>
          </city> 
          <city name="Khouribga">
               <zone>0$-6.95$32.9</zone>
          </city> 
          <city name="Marrakech">
               <zone>0$-8.03333$31.6167</zone>
          </city> 
          <city name="Meknes">
               <zone>0$-5.53333$33.8833</zone>
          </city> 
          <city name="Nador">
               <zone>0$-2.91667$35.15</zone>
          </city> 
          <city name="Ouarzazate">
               <zone>0$-6.9$30.9333</zone>
          </city> 
          <city name="Oujda">
               <zone>0$-1.93333$34.7833</zone>
          </city> 
          <city name="Rabat">
               <zone>0$-6.85$34.0333</zone>
          </city> 
          <city name="Safi">
               <zone>0$-9.23333$32.2833</zone>
          </city> 
          <city name="Sidi Ifni">
               <zone>0$-10.1833$29.3667</zone>
          </city> 
          <city name="Tanâ€“Tan">
               <zone>0$-11.15$28.45</zone>
          </city> 
          <city name="Tangier">
               <zone>0$-5.75$35.8</zone>
          </city> 
          <city name="Taza">
               <zone>0$-4$34.2167</zone>
          </city> 
          <city name="TÃ©touan">
               <zone>0$-5.38333$35.5667</zone>
          </city> 
          <city name="Tiznit">
               <zone>0$-9.73333$29.7167</zone>
          </city> 
     </country>
          <country count="MAURITIUS">

          <city name="Curepipe">
               <zone>4$57.5167$-20.3167</zone>
          </city> 
          <city name="MahÃ©bourg">
               <zone>4$57.7$-20.4</zone>
          </city> 
          <city name="Port Louis">
               <zone>4$57.5$-20.1667</zone>
          </city> 
          <city name="Port Mathurin">
               <zone>4$63.4167$-19.6833</zone>
          </city> 
          <city name="Vacoasâ€“Phoenix">
               <zone>4$57.4833$-20.3</zone>
          </city> 
     </country>
     <country count="MOZAMBIQUE">

          <city name="Beira">
               <zone>2$34.9$-19.8</zone>
          </city> 
          <city name="Chimoio">
               <zone>2$33.4667$-19.1167</zone>
          </city> 
          <city name="Cuamba">
               <zone>2$36.5333$-14.8167</zone>
          </city> 
          <city name="Inhambane">
               <zone>2$35.3833$-23.8667</zone>
          </city> 
          <city name="Lichinga">
               <zone>2$35.2333$-13.3</zone>
          </city> 
          <city name="Lumbo">
               <zone>2$40.6667$-15.0333</zone>
          </city> 
          <city name="Maputo">
               <zone>2$32.5667$-26</zone>
          </city> 
          <city name="Matundo">
               <zone>2$33.6333$-16.1</zone>
          </city> 
          <city name="Nampula">
               <zone>2$39.2833$-15.1</zone>
          </city> 
          <city name="Pemba">
               <zone>2$40.5333$-12.9833</zone>
          </city> 
          <city name="Quelimane">
               <zone>2$36.8833$-17.8833</zone>
          </city> 
          <city name="Tete">
               <zone>2$33.5833$-16.1833</zone>
          </city> 
          <city name="Vila de Moc?mboa da Praia">
               <zone>2$40.3667$-11.35</zone>
          </city> 
          <city name="Vilanculos">
               <zone>2$34.3167$-21.9833</zone>
          </city> 
          <city name="Xaiâ€“Xai">
               <zone>2$33.6333$-25.05</zone>
          </city> 
     </country>    
     <country count="NAMIBIA">

          <city name="Detmont">
               <zone>1$17.4667$-22.5</zone>
          </city> 
          <city name="Gobabis">
               <zone>1$18.9667$-22.4667</zone>
          </city> 
          <city name="Grootfontein">
               <zone>1$18.1167$-19.6</zone>
          </city> 
          <city name="Keetmanshoop">
               <zone>1$18.1167$-26.5333</zone>
          </city> 
          <city name="LÃ¼deritz">
               <zone>1$15.25$-26.6833</zone>
          </city> 
          <city name="Rundu">
               <zone>1$19.7667$-17.9167</zone>
          </city> 
          <city name="Swakopmund">
               <zone>1$14.5667$-22.6833</zone>
          </city> 
          <city name="Walvis Bay">
               <zone>1$14.5167$-22.9833</zone>
          </city> 
          <city name="Windhoek">
               <zone>1$17.1$-22.5667</zone>
          </city> 
     </country>
     <country count="NIGER">

          <city name="Agadez (Agades)">
               <zone>1$7.98333$17</zone>
          </city> 
          <city name="Arlit">
               <zone>1$7.63333$19</zone>
          </city> 
          <city name="Bilma">
               <zone>1$12.9167$18.6833</zone>
          </city> 
          <city name="Birni Nkonni">
               <zone>1$5.25$13.8</zone>
          </city> 
          <city name="Diffa">
               <zone>1$12.7833$13.4167</zone>
          </city> 
          <city name="Gaya">
               <zone>1$3.45$11.8833</zone>
          </city> 
          <city name="GourÃ©">
               <zone>1$10.3$13.9833</zone>
          </city> 
          <city name="Maineâ€“Soroa">
               <zone>1$12.0333$13.2333</zone>
          </city> 
          <city name="Malbaza">
               <zone>1$5.51667$13.95</zone>
          </city> 
          <city name="Maradi">
               <zone>1$7.08333$13.4667</zone>
          </city> 
          <city name="Niamey">
               <zone>1$2.16667$13.4833</zone>
          </city> 
          <city name="Tahoua">
               <zone>1$5.25$14.9</zone>
          </city> 
          <city name="TillabÃ©ry">
               <zone>1$1.45$14.2</zone>
          </city> 
          <city name="Zinder">
               <zone>1$9$13.7833</zone>
          </city> 
     </country>
     <country count="NIGERIA">

          <city name="Abuja">
               <zone>1$7.18333$9.2</zone>
          </city> 
          <city name="Bida">
               <zone>1$6.01667$9.1</zone>
          </city> 
          <city name="Calabar">
               <zone>1$8.35$4.96667</zone>
          </city> 
          <city name="Enugu">
               <zone>1$7.55$6.46667</zone>
          </city> 
          <city name="Gusau">
               <zone>1$6.7$12.1667</zone>
          </city> 
          <city name="Ibadan">
               <zone>1$3.9$7.43333</zone>
          </city> 
          <city name="Ilorin">
               <zone>1$4.58333$8.48333</zone>
          </city> 
          <city name="Jos">
               <zone>1$8.9$9.86667</zone>
          </city> 
          <city name="Kaduna">
               <zone>1$7.45$10.6</zone>
          </city> 
          <city name="Kano">
               <zone>1$8.53333$12.05</zone>
          </city> 
          <city name="Lagos">
               <zone>1$3.33333$6.58333</zone>
          </city> 
          <city name="Maiduguri">
               <zone>1$13.0833$11.85</zone>
          </city> 
          <city name="Makurdi">
               <zone>1$8.61667$7.68333</zone>
          </city> 
          <city name="Oshogbo">
               <zone>1$4.48333$7.78333</zone>
          </city> 
          <city name="Port Harcourt">
               <zone>1$7.01667$4.85</zone>
          </city> 
          <city name="Sokoto">
               <zone>1$5.25$13.0167</zone>
          </city> 
          <city name="Yola">
               <zone>1$12.4667$9.23333</zone>
          </city> 
          <city name="Zaria">
               <zone>1$7.68333$11.1333</zone>
          </city> 
     </country>

     <country count="RWANDA">

          <city name="Butare">
               <zone>2$29.7333$-2.6</zone>
          </city> 
          <city name="Cyangugu">
               <zone>2$28.9$-2.48333</zone>
          </city> 
          <city name="Gisenyi">
               <zone>2$29.25$-1.66667</zone>
          </city> 
          <city name="Kigali">
               <zone>2$30.1167$-1.96667</zone>
          </city> 
          <city name="Ruhengeri">
               <zone>2$29.6333$-1.5</zone>
          </city> 
     </country>
     <country count="SENEGAL">

          <city name="Dakar">
               <zone>0$-17.5$14.7333</zone>
          </city> 
          <city name="Diourbel">
               <zone>0$-16.2333$14.65</zone>
          </city> 
          <city name="Kabrousse">
               <zone>0$-16.7167$12.3333</zone>
          </city> 
          <city name="Kaolack">
               <zone>0$-16.0667$14.1333</zone>
          </city> 
          <city name="KÃ©dougou">
               <zone>0$-12.2167$12.7167</zone>
          </city> 
          <city name="Kolda">
               <zone>0$-14.9667$12.8833</zone>
          </city> 
          <city name="LinguÃ¨re">
               <zone>0$-15.1167$15.3833</zone>
          </city> 
          <city name="Matam">
               <zone>0$-13.25$15.65</zone>
          </city> 
          <city name="Podor">
               <zone>0$-14.9667$16.65</zone>
          </city> 
          <city name="Saintâ€“Louis">
               <zone>0$-16.45$16.05</zone>
          </city> 
          <city name="Tambacounda">
               <zone>0$-13.6833$13.7667</zone>
          </city> 
          <city name="Ziguinchor">
               <zone>0$-16.2667$12.55</zone>
          </city> 
     </country>
     <country count="SIERRA LEONE">

          <city name="Bo">
               <zone>0$-11.35$7.93333</zone>
          </city> 
          <city name="Freetown">
               <zone>0$-13.25$8.5</zone>
          </city> 
          <city name="Kenema">
               <zone>0$-11.2$7.86667</zone>
          </city> 
          <city name="Koidu">
               <zone>0$-10.8333$8.46667</zone>
          </city> 
          <city name="Koindu">
               <zone>0$-10.3167$8.43333</zone>
          </city> 
          <city name="Lunsar">
               <zone>0$-12.5333$8.68333</zone>
          </city> 
          <city name="Makeni">
               <zone>0$-12.05$8.88333</zone>
          </city> 
          <city name="Port Loko">
               <zone>0$-12.7833$8.76667</zone>
          </city> 
     </country>
     <country count="SOMALIA">

          <city name="Barawa">
               <zone>3$44$1.08333</zone>
          </city> 
          <city name="Beledweyne (Belet Uen)">
               <zone>3$45.2167$4.7</zone>
          </city> 
          <city name="Buur Gaabo">
               <zone>3$41.8333$-1.16667</zone>
          </city> 
          <city name="Cadale (Adale)">
               <zone>3$46.45$2.78333</zone>
          </city> 
          <city name="Galcaio">
               <zone>3$47.4167$6.78333</zone>
          </city> 
          <city name="Garoowe (Garoe)">
               <zone>3$48.4833$8.4</zone>
          </city> 
          <city name="Marka (Merca)">
               <zone>3$44.8833$1.71667</zone>
          </city> 
          <city name="Mogadishu (Mogadiisho)">
               <zone>3$45.35$2.03333</zone>
          </city> 
          <city name="Qardho (Gardo)">
               <zone>3$49.0833$9.5</zone>
          </city> 
     </country>
     <country count="SOUTH AFRICA">

          <city name="Aliwal North">
               <zone>2$26.7167$-30.7167</zone>
          </city> 
          <city name="Bisho">
               <zone>2$27.3333$-32.8333</zone>
          </city> 
          <city name="East London">
               <zone>2$27.8333$-33.0333</zone>
          </city> 
          <city name="Graaffâ€“Reinet">
               <zone>2$24.5333$-32.25</zone>
          </city> 
          <city name="Mdantsane">
               <zone>2$27.7$-32.9333</zone>
          </city> 
          <city name="Middelburg">
               <zone>2$25.0333$-31.5</zone>
          </city> 
          <city name="Port Elizabeth">
               <zone>2$25.6$-33.9833</zone>
          </city> 
          <city name="Port St. Johnâ€™s">
               <zone>2$29.55$-31.6333</zone>
          </city> 
          <city name="Queenstown">
               <zone>2$26.8667$-31.9</zone>
          </city> 
          <city name="Umtata">
               <zone>2$28.6667$-31.5333</zone>
          </city>
          <city name="Bethlehem">
               <zone>2$28.3333$-28.25</zone>
          </city> 
          <city name="Bloemfontein">
               <zone>2$26.3$-29.1</zone>
          </city> 
          <city name="Frankfort">
               <zone>2$28.5$-27.2667</zone>
          </city> 
          <city name="Welkom">
               <zone>2$26.6667$-27.9833</zone>
          </city> 
          <city name="Alexandra">
               <zone>2$28.0833$-26.1</zone>
          </city> 
          <city name="Boksburg">
               <zone>2$28.2333$-26.2</zone>
          </city> 
          <city name="Germiston">
               <zone>2$28.1667$-26.2167</zone>
          </city> 
          <city name="Johannesburg">
               <zone>2$28$-26.25</zone>
          </city> 
          <city name="Kempton Park">
               <zone>2$28.2333$-26.1</zone>
          </city> 
          <city name="Pretoria">
               <zone>2$28.2167$-25.75</zone>
          </city> 
          <city name="Roodepoort">
               <zone>2$27.9$-26.1833</zone>
          </city> 
          <city name="Soweto">
               <zone>2$27.9$-26.2333</zone>
          </city>
          <city name="Durban">
               <zone>2$30.9333$-29.9167</zone>
          </city> 
          <city name="Greytown">
               <zone>2$30.5$-29.1167</zone>
          </city> 
          <city name="Ladysmith">
               <zone>2$29.7667$-28.5667</zone>
          </city> 
          <city name="Margate">
               <zone>2$30.35$-30.85</zone>
          </city> 
          <city name="Newcastle">
               <zone>2$29.9833$-27.7833</zone>
          </city> 
          <city name="Pietermaritzburg">
               <zone>2$30.4$-29.65</zone>
          </city> 
          <city name="Richards Bay">
               <zone>2$32.1$-28.8</zone>
          </city> 
          <city name="Ulundi">
               <zone>2$31.4167$-28.3167</zone>
          </city> 
          <city name="Umlazi">
               <zone>2$30.8333$-29.95</zone>
          </city> 
          <city name="Vryheid">
               <zone>2$30.8$-27.7833</zone>
          </city> 
          <city name="Ellisras">
               <zone>2$27.6833$-23.7167</zone>
          </city> 
          <city name="Hoedspruit">
               <zone>2$31.0333$-24.3667</zone>
          </city> 
          <city name="Louis Trichardt">
               <zone>2$29.7167$-23.0167</zone>
          </city> 
          <city name="Phalaborwa">
               <zone>2$31.15$-23.9333</zone>
          </city> 
          <city name="Polokwane">
               <zone>2$29.45$-23.8667</zone>
          </city> 
          <city name="Tzaneen">
               <zone>2$30.3333$-23.8167</zone>
          </city> 
          <city name="Bethal">
               <zone>2$29.45$-26.4833</zone>
          </city> 
          <city name="Carolina">
               <zone>2$30.1167$-26.0667</zone>
          </city> 
          <city name="Ermelo">
               <zone>2$29.9833$-26.5</zone>
          </city> 
          <city name="Middelburg">
               <zone>2$29.4333$-25.6833</zone>
          </city> 
          <city name="Nelspruit">
               <zone>2$30.9833$-25.4333</zone>
          </city> 
          <city name="Piet Retief">
               <zone>2$30.8333$-27.0167</zone>
          </city> 
          <city name="Standerton">
               <zone>2$29.1167$-26.9667</zone>
          </city> 
          <city name="Witbank">
               <zone>2$29.1833$-25.8167</zone>
          </city> 
          <city name="Lichtenburg">
               <zone>2$26.1833$-26.1833</zone>
          </city> 
          <city name="Mmabatho">
               <zone>2$25.5333$-25.7833</zone>
          </city> 
          <city name="Vryburg">
               <zone>2$24.6333$-26.95</zone>
          </city> 
          <city name="Alexander Bay">
               <zone>2$16.5333$-28.5667</zone>
          </city> 
          <city name="Calvinia">
               <zone>2$19.7667$-31.4667</zone>
          </city> 
          <city name="De Aar">
               <zone>2$24.0167$-30.65</zone>
          </city> 
          <city name="Fraserburg">
               <zone>2$21.5167$-31.9167</zone>
          </city> 
          <city name="Kimberley">
               <zone>2$24.7667$-28.8</zone>
          </city> 
          <city name="Sishen">
               <zone>2$23$-27.6333</zone>
          </city> 
          <city name="Springbok">
               <zone>2$17.8667$-29.6667</zone>
          </city> 
          <city name="Upington">
               <zone>2$21.2667$-28.4</zone>
          </city> 
          <city name="Beaufort West">
               <zone>2$22.5833$-32.35</zone>
          </city> 
          <city name="Bredasdorp">
               <zone>2$20.0333$-34.5333</zone>
          </city> 
          <city name="Cape Town">
               <zone>2$18.6$-33.9833</zone>
          </city> 
          <city name="George">
               <zone>2$22.3833$-34</zone>
          </city> 
          <city name="Knysna (Plettenberg Bay)">
               <zone>2$23.0333$-34.0333</zone>
          </city> 
          <city name="Marion Island">
               <zone>2$37.75$-46.9167</zone>
          </city> 
          <city name="Mossel Bay">
               <zone>2$22.15$-34.1833</zone>
          </city> 
          <city name="Oudtshoorn">
               <zone>2$22.2167$-33.5667</zone>
          </city> 
          <city name="Paarl">
               <zone>2$18.9333$-33.75</zone>
          </city> 
          <city name="Prince Edward Island">
               <zone>2$37.85$-46.7667</zone>
          </city> 
          <city name="Saldanha">
               <zone>2$17.9333$-33</zone>
          </city> 
          <city name="Stellenbosch">
               <zone>2$18.8333$-33.9667</zone>
          </city> 
          <city name="Vredendal">
               <zone>2$18.5$-31.6667</zone>
          </city> 
          <city name="Worcester">
               <zone>2$19.45$-33.65</zone>
          </city> 
      </country>
     <country count="SUDAN">

          <city name="Al F?shir (El F?sher)">
               <zone>3$25.3333$13.6167</zone>
          </city> 
          <city name="Al Junaynah (Geneina)">
               <zone>3$22.45$13.4833</zone>
          </city> 
          <city name="Al Qad?rif">
               <zone>3$35.4$14.0333</zone>
          </city> 
          <city name="Al Ubayyid (El Obeid)">
               <zone>3$30.2333$13.1667</zone>
          </city> 
          <city name="Ar Rank (Renk)">
               <zone>3$32.7833$11.75</zone>
          </city> 
          <city name="Ar Ru?ayri?">
               <zone>3$34.3833$11.7833</zone>
          </city> 
          <city name="Atbara (â€˜A?barah)">
               <zone>3$33.9667$17.7</zone>
          </city> 
          <city name="Dongola (Dunqulah)">
               <zone>3$30.4833$19.1667</zone>
          </city> 
          <city name="Juba">
               <zone>3$31.6$4.86667</zone>
          </city> 
          <city name="K?duql? (Kadugli)">
               <zone>3$29.7167$11</zone>
          </city> 
          <city name="Kassal?">
               <zone>3$36.4$15.4667</zone>
          </city> 
          <city name="Khartoum">
               <zone>3$32.55$15.6</zone>
          </city> 
          <city name="K?st? (Kosti)">
               <zone>3$32.6667$13.1667</zone>
          </city> 
          <city name="Malak?l">
               <zone>3$31.65$9.55</zone>
          </city> 
          <city name="Nyala">
               <zone>3$24.8833$12.05</zone>
          </city> 
          <city name="Port Sudan">
               <zone>3$37.2333$19.4333</zone>
          </city> 
          <city name="Rumbek">
               <zone>3$29.6833$6.8</zone>
          </city> 
          <city name="Sann?r (Senn?r)">
               <zone>3$33.6167$13.55</zone>
          </city> 
          <city name="Saw?kin">
               <zone>3$37.3333$19.1167</zone>
          </city> 
          <city name="Wadi Halfa (W?di Half?â€™)">
               <zone>3$31.3667$21.8167</zone>
          </city> 
     
     </country>      
     <country count="TANZANIA, UNITED REPUBLIC OF">

          <city name="Arusha">
               <zone>3$36.6167$-3.33333</zone>
          </city> 
          <city name="Bukoba">
               <zone>3$31.8167$-1.33333</zone>
          </city> 
          <city name="Chake Chake, Pemba Island">
               <zone>3$39.7667$-5.25</zone>
          </city> 
          <city name="Dar es Salaam">
               <zone>3$39.2$-6.86667</zone>
          </city> 
          <city name="Dodoma">
               <zone>3$35.7667$-6.16667</zone>
          </city> 
          <city name="Iringa">
               <zone>3$35.75$-7.66667</zone>
          </city> 
          <city name="Kigoma">
               <zone>3$29.6333$-4.88333</zone>
          </city> 
          <city name="Kilimanjaro National Park">
               <zone>3$37.3333$-3.16667</zone>
          </city> 
          <city name="Kilwa Kivinje">
               <zone>3$39.4$-8.75</zone>
          </city> 
          <city name="Mbeya">
               <zone>3$33.4667$-8.93333</zone>
          </city> 
          <city name="Mombo">
               <zone>3$38.2833$-4.88333</zone>
          </city> 
          <city name="Morogoro">
               <zone>3$37.65$-6.83333</zone>
          </city> 
          <city name="Moshi">
               <zone>3$37.3333$-3.35</zone>
          </city> 
          <city name="Mtwara">
               <zone>3$40.1833$-10.2667</zone>
          </city> 
          <city name="Musoma">
               <zone>3$33.8$-1.5</zone>
          </city> 
          <city name="Mwanza">
               <zone>3$32.9167$-2.46667</zone>
          </city> 
          <city name="Nachingwea">
               <zone>3$38.75$-10.35</zone>
          </city> 
          <city name="Same">
               <zone>3$37.7167$-4.08333</zone>
          </city> 
          <city name="Shinyanga">
               <zone>3$33.4167$-3.58333</zone>
          </city> 
          <city name="Songea">
               <zone>3$35.5833$-10.6833</zone>
          </city> 
          <city name="Tabora">
               <zone>3$32.8333$-5.01667</zone>
          </city> 
          <city name="Tanga">
               <zone>3$39.6667$-5.08333</zone>
          </city> 
          <city name="Zanzibar">
               <zone>3$39.1833$-6.16667</zone>
          </city> 
     </country>
     
     <country count="TOGO">

          <city name="AnÃ©ho">
               <zone>0$1.61667$6.23333</zone>
          </city> 
          <city name="AtakpamÃ©">
               <zone>0$1.11667$7.58333</zone>
          </city> 
          <city name="KpÃ©mÃ©">
               <zone>0$1.53333$6.23333</zone>
          </city> 
          <city name="Lamaâ€“Kara">
               <zone>0$1.2$9.55</zone>
          </city> 
          <city name="LomÃ©">
               <zone>0$1.25$6.16667</zone>
          </city> 
          <city name="Mango">
               <zone>0$0.466667$10.3667</zone>
          </city> 
          <city name="Niamtougou">
               <zone>0$1.1$9.76667</zone>
          </city> 
          <city name="SokodÃ©">
               <zone>0$1.15$8.98333</zone>
          </city> 
          <city name="Tabligbo">
               <zone>0$1.5$6.58333</zone>
          </city> 
     </country>
     <country count="TUNISIA">

          <city name="Al Munastir (Monastir)">
               <zone>1$10.75$35.6667</zone>
          </city> 
          <city name="Al Qayraw?n (Kairouan)">
               <zone>1$10.5$33.3833</zone>
          </city> 
          <city name="Ariana">
	           <zone>1$10.1255$36.9922</zone>
	      </city>
          <city name="Bizerte">
               <zone>1$9.8$37.25</zone>
          </city> 
          <city name="Ben Arous">
	           <zone>1$10.2319$36.7435</zone>
	      </city>
	      <city name="Beja">
	           <zone>1$9.1920$36.7253</zone>
	      </city>
          <city name="Djerba">
               <zone>1$10.8667$32.8833</zone>
          </city> 
          <city name="El Borma">
               <zone>1$9.16667$31.6833</zone>
          </city> 
          <city name="Gabes">
               <zone>1$10.1$33.8833</zone>
          </city> 
          <city name="Gafsa">
               <zone>1$8.81667$34.4167</zone>
          </city> 
          <city name="Jundobah (Jendouba)">
               <zone>1$10.75$35.6667</zone>
          </city> 
          <city name="Kasserine">
	           <zone>1$8.8287$35.1715</zone>
	      </city>
	      <city name="Kebili">
	           <zone>1$8.8362$33.1245</zone>
	      </city>
	      <city name="Kef">
	          <zone>1$8.6600$36.1230</zone>
	      </city>
	      <city name="Mahdia">
	          <zone>1$11.0457$35.5024</zone>
	      </city>
	      <city name="Manouba">
	          <zone>1$10.1011$36.8077</zone>
	      </city>
	      
          <city name="Medenine (Madanin)">
               <zone>1$10.5$33.3833</zone>
          </city>
          <city name="Nabeul">
	           <zone>1$10.7347$36.4541</zone>
	      </city> 
          <city name="Qulaybiyah (KÃ©libia)">
               <zone>1$11.0833$36.85</zone>
          </city> 
          <city name="Jendouba">
	           <zone>1$10.75$35.6667</zone>
	
	      </city>
          <city name="Ramadah">
               <zone>1$9.8$37.25</zone>
          </city> 
          <city name="Sfax">
               <zone>1$10.6833$34.7167</zone>
          </city> 
          <city name="Sidi Bouzid">
	           <zone>1$9.5$35.0333</zone>
	      </city>
	      <city name="Siliana">
	           <zone>1$9.3699$36.0906</zone>
	      </city>
          <city name="Sousse">
               <zone>1$10.6667$35.8333</zone>
          </city> 
          <city name="Tabarka (Tabarqah)">
               <zone>1$8.75$36.95</zone>
          </city>
          <city name="Tataouine">
	          <zone>1$10.0807$32.1344</zone>
	      </city>
 
          <city name="Tawzar">
               <zone>1$8.1$33.9167</zone>
          </city> 
          <city name="Tunis">
               <zone>1$10.1797$36.8028</zone>
          </city> 
          <city name="Zaghouan">
	          <zone>1$10.1472$36.3997</zone>
	      </city>
     </country>
     <country count="UGANDA">

          <city name="Arua">
               <zone>3$30.9167$3.05</zone>
          </city> 
          <city name="Bugembe">
               <zone>3$33.2833$0.483333</zone>
          </city> 
          <city name="Busia">
               <zone>3$34$0.483333</zone>
          </city> 
          <city name="Entebbe">
               <zone>3$32.4667$0.066667</zone>
          </city> 
          <city name="Fort Portal">
               <zone>3$30.2833$0.666667</zone>
          </city> 
          <city name="Gulu">
               <zone>3$32.3333$2.75</zone>
          </city> 
          <city name="Jinja">
               <zone>3$33.1833$0.45</zone>
          </city> 
          <city name="Kabale">
               <zone>3$29.9833$-1.25</zone>
          </city> 
          <city name="Kampala">
               <zone>3$32.4167$0.316667</zone>
          </city> 
          <city name="Kasese">
               <zone>3$30.1$0.183333</zone>
          </city> 
          <city name="Kitgum">
               <zone>3$32.8667$3.28333</zone>
          </city> 
          <city name="Koboko">
               <zone>3$30.9667$3.41667</zone>
          </city> 
          <city name="Lira">
               <zone>3$32.9$2.25</zone>
          </city> 
          <city name="Lugazi">
               <zone>3$32.9167$0.383333</zone>
          </city> 
          <city name="Masaka">
               <zone>3$31.7667$-0.366667</zone>
          </city> 
          <city name="Masindi">
               <zone>3$31.7167$1.68333</zone>
          </city> 
          <city name="Mbale">
               <zone>3$34.1667$1.05</zone>
          </city> 
          <city name="Mbarara">
               <zone>3$30.65$-0.616667</zone>
          </city> 
          <city name="Moroto">
               <zone>3$34.65$2.53333</zone>
          </city> 
          <city name="Moyo">
               <zone>3$31.7167$3.61667</zone>
          </city> 
          <city name="Mubende">
               <zone>3$31.3833$0.55</zone>
          </city> 
          <city name="Murchison Falls">
               <zone>3$31.75$2.25</zone>
          </city> 
          <city name="Pakuba">
               <zone>3$31.4667$2.38333</zone>
          </city> 
          <city name="Soroti">
               <zone>3$33.6167$1.71667</zone>
          </city> 
          <city name="Tororo">
               <zone>3$34.1667$0.683333</zone>
          </city> 
     </country>
	      <country count="ZAMBIA">

          <city name="Chipata">
               <zone>2$32.5833$-13.55</zone>
          </city> 
          <city name="Choma">
               <zone>2$26.9833$-16.8333</zone>
          </city> 
          <city name="Isoka">
               <zone>2$32.4667$-10.1167</zone>
          </city> 
          <city name="Kabompo">
               <zone>2$24.2$-13.6</zone>
          </city> 
          <city name="Kabwe">
               <zone>2$28.4667$-14.45</zone>
          </city> 
          <city name="Kaoma">
               <zone>2$24.8$-14.8</zone>
          </city> 
          <city name="Kasama">
               <zone>2$31.1333$-10.2167</zone>
          </city> 
          <city name="Kasempa">
               <zone>2$25.8333$-13.45</zone>
          </city> 
          <city name="Kawambwa">
               <zone>2$29.0833$-9.78333</zone>
          </city> 
          <city name="Lilayi">
               <zone>2$28.3333$-15.5333</zone>
          </city> 
          <city name="Livingstone">
               <zone>2$25.8167$-17.8167</zone>
          </city> 
          <city name="Lundazi">
               <zone>2$33.2$-12.2833</zone>
          </city> 
          <city name="Lusaka">
               <zone>2$28.2833$-15.4167</zone>
          </city> 
          <city name="Mansa">
               <zone>2$28.85$-11.1</zone>
          </city> 
          <city name="Mbala">
               <zone>2$31.3333$-8.85</zone>
          </city> 
          <city name="Mongu">
               <zone>2$23.15$-15.25</zone>
          </city> 
          <city name="Mpika">
               <zone>2$31.4333$-11.9</zone>
          </city> 
          <city name="Mwinilunga">
               <zone>2$24.4333$-11.75</zone>
          </city> 
          <city name="Ndola">
               <zone>2$28.65$-12.9833</zone>
          </city> 
          <city name="Petauke">
               <zone>2$31.2833$-14.25</zone>
          </city> 
          <city name="Pweto">
               <zone>2$28.9$-8.46667</zone>
          </city> 
          <city name="Senanga">
               <zone>2$23.2667$-16.1</zone>
          </city> 
          <city name="Serenje">
               <zone>2$30.2167$-13.2333</zone>
          </city> 
          <city name="Sesheke">
               <zone>2$24.3$-17.4667</zone>
          </city> 
          <city name="Solwezi">
               <zone>2$26.3833$-12.1833</zone>
          </city> 
          <city name="Zambezi">
               <zone>2$23.1167$-13.5333</zone>
          </city> 
     </country>
          <country count="ZIMBABWE">

          <city name="Beitbridge">
               <zone>2$30$-22.2167</zone>
          </city> 
          <city name="Binga">
               <zone>2$27.3333$-17.6167</zone>
          </city> 
          <city name="Buffalo Range">
               <zone>2$31.5833$-21.0167</zone>
          </city> 
          <city name="Bulawayo">
               <zone>2$28.6$-20.15</zone>
          </city> 
          <city name="Chipinge">
               <zone>2$32.6167$-20.2</zone>
          </city> 
          <city name="Gokwe">
               <zone>2$28.9333$-18.2167</zone>
          </city> 
          <city name="Gweru">
               <zone>2$29.85$-19.45</zone>
          </city> 
          <city name="Harare">
               <zone>2$31.1333$-17.9167</zone>
          </city> 
          <city name="Hwange">
               <zone>2$26.5$-18.3333</zone>
          </city> 
          <city name="Kariba">
               <zone>2$28.8833$-16.5167</zone>
          </city> 
          <city name="Karoi">
               <zone>2$29.6167$-16.8333</zone>
          </city> 
          <city name="Masvingo">
               <zone>2$30.8667$-20.0667</zone>
          </city> 
          <city name="Mutoko">
               <zone>2$32.2167$-17.4167</zone>
          </city> 
          <city name="Rusape">
               <zone>2$32.1333$-18.5333</zone>
          </city> 
          <city name="Victoria Falls">
               <zone>2$25.85$-18.1</zone>
          </city> 
          <city name="Zvishavane">
               <zone>2$30.0333$-20.3333</zone>
          </city> 
     </country>
</xml>
