﻿<?xml version="1.0"  encoding="UTF-8" ?>
<!-- List of countries for Africa -->
<xml>
	<country count="Afghanistan">
		  <city name="Bagram (Bagram)">
               <zone>4$69.25$34.95</zone>
          </city> 
          <city name="Charikar">
               <zone>4$69.25$35</zone>
          </city> 
          <city name="Farah">
               <zone>4$62.1833$32.3667</zone>
          </city> 
          <city name="Feyzabad (Faizabad)">
               <zone>4$70.5167$37.1167</zone>
          </city> 
          <city name="Herat">
               <zone>4$62.2167$34.2167</zone>
          </city> 
          <city name="Jalalabad">
               <zone>4$70.4667$34.4333</zone>
          </city> 
          <city name="Kabul">
               <zone>4$69.2$34.5167</zone>
          </city> 
          <city name="Kandahar">
               <zone>4$65.5$31.5333</zone>
          </city> 
          <city name="Lashkar Gah">
               <zone>4$64.35$31.5</zone>
          </city> 
          <city name="Mazar Sharif">
               <zone>4$67.2$36.7</zone>
          </city> 
          <city name="Sheberghan">
               <zone>4$65.7167$36.6667</zone>
          </city> 
          <city name="Shindand">
               <zone>4$62.2833$33.4</zone>
          </city> 
          <city name="Zaranj">
               <zone>4$61.85$31.0833</zone>
          </city> 
          <city name="Ziak">
               <zone>4$71.4167$36.5</zone>
          </city> 
       </country>
       <country count="ARMENIA">

          <city name="Abovyan">
               <zone>4$44.7833$40.2667</zone>
          </city> 
          <city name="Akhuryan">
               <zone>4$44.6333$40.2667</zone>
          </city> 
          <city name="Ararat">
               <zone>4$44.6833$39.8333</zone>
          </city> 
          <city name="Etchmiadzin">
               <zone>4$44.2833$40.15</zone>
          </city> 
          <city name="Gyumri">
               <zone>4$43.8333$40.7667</zone>
          </city> 
          <city name="Kapan">
               <zone>4$46.4$39.2</zone>
          </city> 
          <city name="Sevan">
               <zone>4$44.95$40.55</zone>
          </city> 
          <city name="Vanadzor">
               <zone>4$44.4833$40.8</zone>
          </city> 
          <city name="Yerevan">
               <zone>4$44.4667$40.1333</zone>
          </city> 
        </country>
        <country count="AZERBAIJAN">

          <city name="Baku">
               <zone>4$50.0667$40.45</zone>
          </city> 
          <city name="Dzhulfa">
               <zone>4$45.6167$38.9667</zone>
          </city> 
          <city name="Ganja (G?nc?)">
               <zone>4$46.3667$40.6833</zone>
          </city> 
          <city name="Lankaran">
               <zone>4$48.85$38.75</zone>
          </city> 
          <city name="Mingechaur">
               <zone>4$47.05$40.75</zone>
          </city> 
          <city name="Naxivan">
               <zone>4$45.2333$39.2</zone>
          </city> 
          <city name="Sumgay?t">
               <zone>4$49.6333$40.6</zone>
          </city> 
          </country>
          <country count="BAHRAIN">

          <city name="Al Jufayr">
               <zone>3$50.5833$26.2167</zone>
          </city> 
          <city name="Bahrain Island">
               <zone>3$50.5833$26.2167</zone>
          </city> 
          <city name="Manama">
               <zone>3$50.5833$26.2167</zone>
          </city> 
          <city name="Sitrah">
               <zone>3$50.5833$26.2167</zone>
          </city> 
         </country>
         
		<country count="bangladesh">
		<city name="Chittagong">
               <zone>6$91.8167$22.2667</zone>
          </city> 
          <city name="Coxs Bazar">
               <zone>6$91.9667$21.4333</zone>
          </city> 
          <city name="Dhaka (Dacca)">
               <zone>6$90.3833$23.7667</zone>
          </city> 
          <city name="Ishurdi">
               <zone>6$89.05$24.1333</zone>
          </city> 
          <city name="Jessore">
               <zone>6$89.1667$23.1833</zone>
          </city> 
          <city name="Khulna">
               <zone>6$89.5333$22.8333</zone>
          </city> 
          <city name="Rajshahi">
               <zone>6$88.7$24.3667</zone>
          </city> 
          <city name="Sylhet">
               <zone>6$91.8833$24.9</zone>
          </city> 
          <city name="Tongi">
               <zone>6$90.4$23.85</zone>
          </city> 
		  </country>
		  
          <country count="BELARUS">

          <city name="Babruysk">
               <zone>2$29.2333$53.15</zone>
          </city> 
          <city name="Brest">
               <zone>2$23.8833$52.1</zone>
          </city> 
          <city name="Dzyarzhynsk (Dzerzhinsk)">
               <zone>2$27.1$53.6667</zone>
          </city> 
          <city name="Homel (Gomel)">
               <zone>2$31.0167$52.5167</zone>
          </city> 
          <city name="Hrodna (Grodna)">
               <zone>2$23.8333$53.6833</zone>
          </city> 
          <city name="Minsk">
               <zone>2$27.6333$53.9333</zone>
          </city> 
          <city name="Mogilev (Mahilyow)">
               <zone>2$30.35$53.9</zone>
          </city> 
          <city name="Navapolatsk">
               <zone>2$28.65$55.5333</zone>
          </city> 
          <city name="Polotsk">
               <zone>2$28.7667$55.5167</zone>
          </city> 
          <city name="Smolevichi">
               <zone>2$28.0833$54.0333</zone>
          </city> 
          <city name="Vitsyebsk">
               <zone>2$30.2167$55.1667</zone>
          </city> 
          <city name="Zhlobin">
               <zone>2$30.0167$52.9167</zone>
          </city> 
          </country>
          <country count="BHUTAN">

          <city name="Paro">
               <zone>6$89.4167$27.4333</zone>
          </city> 
          <city name="Phuntsholing">
               <zone>6$89.3833$26.8833</zone>
          </city> 
          <city name="Thimphu">
               <zone>6$89.65$27.4667</zone>
          </city> 
          </country>
          <country count="BRUNEI DARUSSALAM">

          <city name="Bandar Seri Begawan">
               <zone>8$114.933$4.93333</zone>
          </city> 
          <city name="Kampong Lumut">
               <zone>8$114.5$4.7</zone>
          </city> 
          <city name="Kuala Belait">
               <zone>8$114.183$4.58333</zone>
          </city> 
          <city name="Muara">
               <zone>8$115.033$5.03333</zone>
          </city> 
          <city name="Seria">
               <zone>8$114.383$4.65</zone>
          </city> 
          <city name="Tanjong Salirong">
               <zone>8$115.1$4.9</zone>
          </city> 
          </country>
          <country count="Cambodia">
		 <city name="Kampong Cham">
               <zone>7$105.45$12</zone>
          </city> 
          <city name="Phnom Penh">
               <zone>7$104.85$11.55</zone>
          </city> 
          <city name="Pouthisat">
               <zone>7$103.917$12.5333</zone>
          </city> 
          <city name="Siem Reap (Siemreab [near Angkor Wat])">
               <zone>7$103.85$13.3667</zone>
          </city> 
		  </country>
		  <country count="CHINA">

          <city name="Hefei">
               <zone>8$117.233$31.8667</zone>
          </city> 
          <city name="Huainan">
               <zone>8$117$32.6667</zone>
          </city>
		      <city name="Beijing (Peking)">
               <zone>8$116.283$39.9333</zone>
          </city> 
          <city name="Mentougou">
               <zone>8$116.05$39.9333</zone>
          </city>
		   <city name="Chongqing">
               <zone>8$106.483$29.5167</zone>
          </city> 
          <city name="Lianhe">
               <zone>8$108.75$29.5167</zone>
          </city> 
          <city name="Wan Xian">
               <zone>8$108.417$30.8333</zone>
          </city> 
		  
          <city name="Fuzhou (Foochow)">
               <zone>8$119.283$26.0833</zone>
          </city> 
          <city name="Xiamen (Amoy)">
               <zone>8$118.083$24.4833</zone>
          </city> 
		    <city name="Lanzhou">
               <zone>8$103.75$36.0167</zone>
          </city> 
          <city name="Yumen">
               <zone>8$97.85$39.9333</zone>
          </city>
		      <city name="Dongguan">
               <zone>8$113.767$23.05</zone>
          </city> 
          <city name="Guangzhou (Canton)">
               <zone>8$113.333$23.1667</zone>
          </city> 
          <city name="Huangpu">
               <zone>8$113.333$23.75</zone>
          </city> 
          <city name="Huizhou">
               <zone>8$114.4$23.0833</zone>
          </city> 
          <city name="Shantou">
               <zone>8$116.683$23.4</zone>
          </city> 
          <city name="Shenzhen">
               <zone>8$114.1$22.55</zone>
          </city> 
          <city name="Zhanjiang (Tsamkong)">
               <zone>8$110.4$21.2167</zone>
          </city> 
		   <city name="Guilin">
               <zone>8$110.3$25.3333</zone>
          </city> 
          <city name="Nanning">
               <zone>8$108.35$22.8167</zone>
          </city> 
		   <city name="Duyun">
               <zone>8$107.517$26.2</zone>
          </city> 
          <city name="Guiyang">
               <zone>8$106.717$26.5833</zone>
          </city> 
		   <city name="Haikou">
               <zone>8$110.35$20.0333</zone>
          </city> 
		   <city name="Handan">
               <zone>8$114.483$36.6167</zone>
          </city> 
          <city name="Shijiazhuang">
               <zone>8$114.467$38.05</zone>
          </city> 
          <city name="Zhangjiakou">
               <zone>8$114.883$40.8333</zone>
          </city> 
		    <city name="Harbin">
               <zone>8$126.683$45.75</zone>
          </city> 
          <city name="Qiqihar">
               <zone>8$123.917$47.3833</zone>
          </city> 
		    <city name="Luoyang">
               <zone>8$112.467$34.6833</zone>
          </city> 
          <city name="Zhengzhou">
               <zone>8$113.65$34.7167</zone>
          </city> 
		  <city name="Wuhan">
               <zone>8$114.133$30.6167</zone>
          </city> 
		  
          <city name="Changsha">
               <zone>8$113.083$28.2</zone>
          </city> 
          <city name="Xiangtan">
               <zone>8$112.9$27.85</zone>
          </city> 
		    <city name="Baotou">
               <zone>8$109.983$40.6667</zone>
          </city> 
          <city name="Hohhot">
               <zone>8$111.683$40.8167</zone>
          </city> 
		  <city name="Nanjing">
               <zone>8$118.8$32</zone>
          </city> 
          <city name="Suzhou">
               <zone>8$120.617$31.3</zone>
          </city> 
		     <city name="Ganzhou">
               <zone>8$114.95$25.85</zone>
          </city> 
          <city name="Nanchang">
               <zone>8$115.917$28.6</zone>
          </city> 
		  <city name="Changchun">
               <zone>8$125.217$43.9</zone>
          </city> 
          <city name="Jilin">
               <zone>8$126.55$43.85</zone>
          </city> 
		  <city name="Anshan">
               <zone>8$122.983$41.1333</zone>
          </city> 
          <city name="Benxi">
               <zone>8$123.75$41.3333</zone>
          </city> 
          <city name="Dalian (Dairen)">
               <zone>8$121.633$38.9</zone>
          </city> 
          <city name="Fushun">
               <zone>8$122.883$41.8667</zone>
          </city> 
          <city name="Shenyang">
               <zone>8$123.4$41.8</zone>
          </city> 
		  <city name="Shizuishan">
               <zone>8$106.417$39.0167</zone>
          </city> 
          <city name="Tianshuibu">
               <zone>8$106.75$37.1667</zone>
          </city> 
          <city name="Yinchuan">
               <zone>8$106.217$38.4833</zone>
          </city> 
		   <city name="Xining">
               <zone>8$101.767$36.6167</zone>
          </city> 
		   <city name="Xian">
               <zone>8$108.933$34.3</zone>
          </city> 
          <city name="Yanan">
               <zone>8$109.5$36.6</zone>
          </city> 
		     <city name="Jinan">
               <zone>8$116.983$36.6833</zone>
          </city> 
          <city name="Qingdao">
               <zone>8$120.333$36.0667</zone>
          </city> 
          <city name="Yantai">
               <zone>8$121.417$37.5333</zone>
          </city> 
          <city name="Zibo">
               <zone>8$118.017$36.7833</zone>
          </city> 
		     <city name="Shanghai">
               <zone>8$121.467$31.2333</zone>
          </city> 
          <city name="Wusong">
               <zone>8$121.483$31.3833</zone>
          </city> 
		  <city name="Datong">
               <zone>8$113.3$40.0833</zone>
          </city> 
          <city name="Taiyuan">
               <zone>8$112.55$37.7833</zone>
          </city> 
		    <city name="Chengdu">
               <zone>8$104.017$30.6667</zone>
          </city> 
          <city name="Daxian">
               <zone>8$107.5$31.3</zone>
          </city> 
          <city name="Deyang">
               <zone>8$104.367$31.2333</zone>
          </city> 
          <city name="Guangyuan">
               <zone>8$105.867$32.4333</zone>
          </city> 
          <city name="Huaying">
               <zone>8$106.667$30.2</zone>
          </city> 
          <city name="Jiangyou">
               <zone>8$104.75$31.7833</zone>
          </city> 
          <city name="Jiuzhaigou">
               <zone>8$103.767$32.9</zone>
          </city> 
          <city name="Leshan">
               <zone>8$103.75$29.5667</zone>
          </city> 
          <city name="Luzhou">
               <zone>8$105.45$28.9</zone>
          </city> 
          <city name="Mianyang">
               <zone>8$104.817$31.5</zone>
          </city> 
          <city name="Nanchong">
               <zone>8$106.067$30.8</zone>
          </city> 
          <city name="Neijiang">
               <zone>8$105.05$29.5833</zone>
          </city> 
          <city name="Panzhihua">
               <zone>8$101.167$26.55</zone>
          </city> 
          <city name="Quxian">
               <zone>8$106.983$30.85</zone>
          </city> 
          <city name="Suining">
               <zone>8$105.567$30.5167</zone>
          </city> 
          <city name="Xichang">
               <zone>8$102.217$27.9667</zone>
          </city> 
          <city name="Yaan">
               <zone>8$103$30</zone>
          </city> 
          <city name="Yibin">
               <zone>8$104.633$28.7833</zone>
          </city> 
          <city name="Zigong">
               <zone>8$104.783$29.4</zone>
          </city> 
		     <city name="Tianjin">
               <zone>8$117.35$39.1833</zone>
          </city> 
		    <city name="Lhasa">
               <zone>8$91.1333$29.6667</zone>
          </city> 
		           <city name="Altay">
               <zone>8$89.5$43.9333</zone>
          </city> 
          <city name="Hami">
               <zone>8$93.5167$42.8167</zone>
          </city> 
          <city name="Hotan">
               <zone>8$79.9333$37.1333</zone>
          </city> 
          <city name="Kashi">
               <zone>8$75.9833$39.4667</zone>
          </city> 
          <city name="Urmqi">
               <zone>8$87.4667$43.9</zone>
          </city> 
          <city name="Xinyuan">
               <zone>8$83.2333$43.4333</zone>
          </city> 
          <city name="Yining">
               <zone>8$81.3333$43.95</zone>
          </city> 
		   <city name="Jinghong (Yunjinghong)">
               <zone>8$100.417$21.45</zone>
          </city> 
          <city name="Kunming">
               <zone>8$102.683$25.0167</zone>
          </city> 
		    <city name="Hangzhou">
               <zone>8$120.167$30.2333</zone>
          </city> 
          <city name="Ningbo">
               <zone>8$121.517$29.8667</zone>
          </city> 
          </country>
          <country count="TIMOR LESTE">

          <city name="Baucau (Baukau)">
               <zone>9$126.4$ 8.5</zone>
          </city> 
          <city name="Dili (Dilli)">
               <zone>9$125.567$ 8.56667</zone>
          </city> 
          <city name="LoloToi">
               <zone>9$124.367$ 9.2</zone>
          </city> 
          <city name="Suai">
               <zone>9$125.25$ 9.3</zone>
          </city> 
          </country>
          <country count="GEORGIA">

          <city name="Batumi (Batumi)">
               <zone>4$41.6333$41.6333</zone>
          </city> 
          <city name="Gurjaani">
               <zone>4$45.7$41.75</zone>
          </city> 
          <city name="Kutaisi (Kutaisi)">
               <zone>4$42.6667$42.25</zone>
          </city> 
          <city name="Poti (Poti)">
               <zone>4$41.6667$42.15</zone>
          </city> 
          <city name="Rustavi">
               <zone>4$45.0333$41.55</zone>
          </city> 
          <city name="Sokhumi (Sukhum)">
               <zone>4$41.0333$43.0167</zone>
          </city> 
          <city name="Tbilisi">
               <zone>4$44.95$41.6833</zone>
          </city> 
          <city name="Tskhinvali">
               <zone>4$43.9333$42.2167</zone>
          </city> 
          </country>
          <country count="HONG KONG">

          <city name="Hong Kong">
               <zone>8$114.183$22.3333</zone>
          </city> 
          <city name="Kowloon">
               <zone>8$114.167$22.3</zone>
          </city> 
          <city name="Tsuen Wan">
               <zone>8$114.117$22.3667</zone>
          </city> 
          </country>
               <country count="INDIA">

          <city name="Car Nicobar">
               <zone>6$92.8167$9.15</zone>
          </city> 
          <city name="Port Blair, South Andaman Island">
               <zone>6$92.7167$11.6667</zone>
          </city>
		   <city name="Hyder?b?d">
               <zone>6$78.4667$17.45</zone>
          </city> 
          <city name="Kadapa (Cuddapah)">
               <zone>6$78.8333$14.4833</zone>
          </city> 
          <city name="Puttaparthi">
               <zone>6$77.7833$14.1333</zone>
          </city> 
          <city name="R?jahmundry">
               <zone>6$81.7667$16.9667</zone>
          </city> 
          <city name="Tirupati">
               <zone>6$79.4167$13.65</zone>
          </city> 
          <city name="Vijayaw?da">
               <zone>6$80.8$16.5333</zone>
          </city> 
          <city name="Vish?khapatnam">
               <zone>6$83.3$17.7</zone>
          </city> 
		      <city name="Itanagar (It?nagar)">
               <zone>6$93.5667$27.0833</zone>
          </city> 
		    <city name="Dibrugarh">
               <zone>6$95.0167$27.4833</zone>
          </city> 
          <city name="Dispur">
               <zone>6$91.8333$26.0833</zone>
          </city> 
          <city name="Guwah?ti">
               <zone>6$91.5833$26.1667</zone>
          </city> 
          <city name="North Lakhimpur">
               <zone>6$94.1167$27.2333</zone>
          </city> 
          <city name="Silchar">
               <zone>6$92.8$24.8167</zone>
          </city> 
		       <city name="Gaya">
               <zone>6$84.95$24.75</zone>
          </city> 
          <city name="Patna">
               <zone>6$85.1$25.6</zone>
          </city> 
		  
          <city name="Chandigarh">
               <zone>6$76.75$30.7333</zone>
          </city> 
		        <city name="Raipur">
               <zone>6$81.6333$21.2333</zone>
          </city> 
		         <city name="Silvassa">
               <zone>6$73$20.2833</zone>
          </city> 
		  
          <city name="Dam?n">
               <zone>6$72.85$20.4167</zone>
          </city> 
		   <city name="Bawana (Baw?na)">
               <zone>6$77.0333$28.7833</zone>
          </city> 
          <city name="New Delhi">
               <zone>6$77.1167$28.5667</zone>
          </city> 
		            <city name="Marmagao (Goa)">
               <zone>6$73.8167$15.3833</zone>
          </city> 
          <city name="Panaji">
               <zone>6$73.8167$15.3833</zone>
          </city> 
		  
          <city name="Ahmedabad (Ahmad?b?d)">
               <zone>6$72.6167$23.0333</zone>
          </city> 
          <city name="Bh?vnagar (Bharnagar)">
               <zone>6$72.2$21.75</zone>
          </city> 
          <city name="Bhuj">
               <zone>6$69.6667$23.25</zone>
          </city> 
          <city name="G?ndh?nagar">
               <zone>6$72.5833$23.3333</zone>
          </city> 
          <city name="J?mnagar">
               <zone>6$70.0667$22.4667</zone>
          </city> 
          <city name="K?ndla">
               <zone>6$70.2167$23.0333</zone>
          </city> 
          <city name="Rajkot (R?jkot)">
               <zone>6$70.7833$22.3</zone>
          </city> 
          <city name="Vadodara">
               <zone>6$73.2667$22.3</zone>
          </city> 
		       <city name="Chandigarh">
               <zone>6$76.75$30.7333</zone>
          </city> 
          <city name="Hisar">
               <zone>6$75.7333$29.1667</zone>
          </city> 
		        <city name="Bil?spur">
               <zone>6$76.6667$31.25</zone>
          </city> 
          <city name="Dharamsala">
               <zone>6$76.4$32.2</zone>
          </city> 
          <city name="Kulu">
               <zone>6$77.1$31.9667</zone>
          </city> 
          <city name="Shimla">
               <zone>6$77.1667$31.1</zone>
          </city> 
		  
          <city name="Jammu">
               <zone>6$74.8667$32.7</zone>
          </city> 
          <city name="Sr?nagar">
               <zone>6$74.8167$34.0833</zone>
          </city> 
		         <city name="Jamshedpur">
               <zone>6$86.1833$22.8167</zone>
          </city> 
          <city name="R?nch?">
               <zone>6$85.3167$23.3167</zone>
          </city> 
		        <city name="Bangalore (Bengal?ru)">
               <zone>6$77.5833$12.9833</zone>
          </city> 
          <city name="Belgaum">
               <zone>6$74.6167$15.85</zone>
          </city> 
          <city name="Bellary">
               <zone>6$76.85$15.15</zone>
          </city> 
          <city name="HubliDh?rw?d">
               <zone>6$75.1667$15.35</zone>
          </city> 
          <city name="Mandya">
               <zone>6$76.9$12.55</zone>
          </city> 
          <city name="Mangalore">
               <zone>6$74.8833$12.9167</zone>
          </city> 
          <city name="Mysore">
               <zone>6$76.65$12.3</zone>
          </city> 
		  
          <city name="Cochin">
               <zone>6$76.2667$9.95</zone>
          </city> 
          <city name="Kozhikode">
               <zone>6$75.7667$11.25</zone>
          </city> 
          <city name="Thiruvananthapuram (Trivandrum)">
               <zone>6$76.95$8.46667</zone>
          </city> 
		  
          <city name="Bangaram Island (Bingaram Island)">
               <zone>6$72.3333$10.9167</zone>
          </city> 
          <city name="Kavaratti">
               <zone>6$72.65$10.5833</zone>
          </city> 
		  
          <city name="Bhop?l">
               <zone>6$77.35$23.2833</zone>
          </city> 
          <city name="Gwalior">
               <zone>6$78.2333$26.2333</zone>
          </city> 
          <city name="Indore">
               <zone>6$75.8$22.7167</zone>
          </city> 
          <city name="Jabalpur">
               <zone>6$79.95$23.2</zone>
          </city> 
          <city name="Khandwa">
               <zone>6$76.3667$21.8333</zone>
          </city> 
          <city name="Satna">
               <zone>6$80.8333$24.5667</zone>
          </city> 
		       <city name="Ahmadnagar">
               <zone>6$74.7333$19.0833</zone>
          </city> 
          <city name="Akola">
               <zone>6$77.0667$20.7</zone>
          </city> 
          <city name="Aurangabad">
               <zone>6$75.4$19.85</zone>
          </city> 
          <city name="J?lna">
               <zone>6$75.8833$19.8333</zone>
          </city> 
          <city name="Kolh?pur">
               <zone>6$74.2333$16.7</zone>
          </city> 
          <city name="Mumbai (Bombay)">
               <zone>6$72.85$19.1167</zone>
          </city> 
          <city name="Nagpur (N?gpur)">
               <zone>6$79.05$21.1</zone>
          </city> 
          <city name="Nasik">
               <zone>6$73.8$19.9833</zone>
          </city> 
          <city name="Pimpri">
               <zone>6$73.8167$18.55</zone>
          </city> 
          <city name="Pune (Dighi)">
               <zone>6$73.8667$18.5333</zone>
          </city> 
          <city name="Shol?pur">
               <zone>6$75.9$17.6667</zone>
          </city> 
		            <city name="Imph?l">
               <zone>6$93.9$24.7667</zone>
          </city> 
		   <city name="Shillong">
               <zone>6$91.85$25.55</zone>
          </city> 
		    <city name="??zawl">
               <zone>6$92.6667$23.6667</zone>
          </city> 
		     <city name="Koh?ma">
               <zone>6$94.1167$25.6667</zone>
          </city> 
		            <city name="Bhubaneshwar">
               <zone>6$85.8333$20.25</zone>
          </city> 
          <city name="Jharsuguda (Jh?rsuguda)">
               <zone>6$84.0833$21.5833</zone>
          </city> 
		    <city name="K?raik?l">
               <zone>6$79.7833$10.95</zone>
          </city> 
          <city name="Mahe">
               <zone>6$75.5333$11.7</zone>
          </city> 
          <city name="Pondicherry">
               <zone>6$79.8833$11.9333</zone>
          </city> 
          <city name="Yanam">
               <zone>6$82.2167$16.7333</zone>
          </city> 
		          <city name="Amritsar">
               <zone>6$74.8667$31.6333</zone>
          </city> 
          <city name="Chandigarh">
               <zone>6$76.75$30.7333</zone>
          </city> 
          <city name="Pathankot (Path?nkot)">
               <zone>6$75.65$32.2833</zone>
          </city>
		       <city name="Jaipur">
               <zone>6$75.8$26.8167</zone>
          </city> 
          <city name="Jodhpur">
               <zone>6$75.7333$29.1667</zone>
          </city> 
          <city name="Kota">
               <zone>6$75.85$25.15</zone>
          </city> 
          <city name="Udaipur">
               <zone>6$73.6167$24.5667</zone>
          </city> 
		  
          <city name="Gangtok">
               <zone>6$88.6167$27.3333</zone>
          </city> 
		     <city name="Chennai (Madras)">
               <zone>6$80.1833$13</zone>
          </city> 
          <city name="Coimbatore">
               <zone>6$77.05$11.0333</zone>
          </city> 
          <city name="Madurai">
               <zone>6$78.0833$9.83333</zone>
          </city> 
          <city name="N?gercoil">
               <zone>6$77.4333$8.16667</zone>
          </city> 
          <city name="Thiruchendur">
               <zone>6$78.1167$8.48333</zone>
          </city> 
          <city name="Thiruvannaamalai">
               <zone>6$79.0667$12.2167</zone>
          </city> 
          <city name="Thoothukudi (Tuticorin)">
               <zone>6$78.1333$8.78333</zone>
          </city> 
          <city name="Tiruchirappalli (Tiruchchir?ppalli)">
               <zone>6$78.7167$10.7667</zone>
          </city> 
          <city name="Tirunelveli">
               <zone>6$77.7$8.73333</zone>
          </city> 
          <city name="Vellore">
               <zone>6$79.15$12.9167</zone>
          </city> 
		  
          <city name="Agartala">
               <zone>6$91.25$23.8833</zone>
          </city> 
		         <city name="Agra (?gra)">
               <zone>6$77.9667$27.15</zone>
          </city> 
          <city name="Allahabad">
               <zone>6$81.7333$25.45</zone>
          </city> 
          <city name="Bareilly">
               <zone>6$79.4$28.3667</zone>
          </city> 
          <city name="Gorakhpur">
               <zone>6$83.3667$26.75</zone>
          </city> 
          <city name="Jh?nsi">
               <zone>6$75.7333$29.1667</zone>
          </city> 
          <city name="K?npur">
               <zone>6$80.4$26.4</zone>
          </city> 
          <city name="Lucknow">
               <zone>6$80.8833$26.75</zone>
          </city> 
          <city name="V?r?nasi">
               <zone>6$83$25.45</zone>
          </city> 
		       <city name="Dehra D?n">
               <zone>6$78.0333$30.3167</zone>
          </city> 
          <city name="Pantnagar">
               <zone>6$79.5$29.0833</zone>
          </city> 
		      <city name="Kolkata (Calcutta)">
               <zone>6$88.45$22.65</zone>
          </city> 
          <city name="Siliguri">
               <zone>6$88.3167$26.6333</zone>
          </city> 
		  
          </country>
          <country count="INDONESIA">

          <city name="Bandung">
               <zone>7$107.583$ 6.9</zone>
          </city> 
          <city name="Bekasi">
               <zone>7$106.9$ 6.25</zone>
          </city> 
          <city name="Cilacap (Tjilatjap)">
               <zone>7$109.017$ 7.73333</zone>
          </city> 
          <city name="Cilegon">
               <zone>7$106.053$ 6.0156</zone>
          </city> 
          <city name="Cirebon (Tjeribon)">
               <zone>7$108.567$ 6.73333</zone>
          </city> 
          <city name="Depok">
               <zone>7$106.833$ 6.41667</zone>
          </city> 
          <city name="Indramayu">
               <zone>7$108.317$ 6.33333</zone>
          </city> 
          <city name="Jakarta (Dutch Batavia)">
               <zone>7$106.65$ 6.11667</zone>
          </city> 
          <city name="Kediri">
               <zone>7$112.017$ 7.81667</zone>
          </city> 
          <city name="Madiun">
               <zone>7$111.517$ 7.61667</zone>
          </city> 
          <city name="Malang">
               <zone>7$112.7$ 7.96667</zone>
          </city> 
          <city name="Pasuruan">
               <zone>7$112.9$ 7.63333</zone>
          </city> 
          <city name="Pekalongan">
               <zone>7$109.667$ 6.88333</zone>
          </city> 
          <city name="Semarang">
               <zone>7$110.383$ 6.98333</zone>
          </city> 
          <city name="Surabaya">
               <zone>7$112.767$ 7.36667</zone>
          </city> 
          <city name="Surakarta (Solo)">
               <zone>7$110.917$ 7.86667</zone>
          </city> 
          <city name="Tangerang">
               <zone>7$106.617$ 6.18333</zone>
          </city> 
          <city name="Tasikmalaya">
               <zone>7$108.25$ 7.33333</zone>
          </city> 
          <city name="Tegal">
               <zone>7$109.133$ 6.86667</zone>
          </city> 
          <city name="Yogyakarta">
               <zone>7$110.433$ 7.78333</zone>
          </city>
		  
		   <city name="Balikpapan">
               <zone>8$116.9$1.26667</zone>
          </city> 
          <city name="Banjarmasin">
               <zone>8$114.75$ 3.43333</zone>
          </city> 
          <city name="Ketapang">
               <zone>7$109.967$ 1.85</zone>
          </city> 
          <city name="Kotabaru">
               <zone>8$116.217$ 3.4</zone>
          </city> 
          <city name="Long Bawan">
               <zone>8$115.683$3.73333</zone>
          </city> 
          <city name="Muaratewe">
               <zone>7$114.9$ 0.95</zone>
          </city> 
          <city name="Palangkaraya">
               <zone>7$113.933$ 2.26667</zone>
          </city> 
          <city name="Pangkalanbuun">
               <zone>7$111.617$ 2.68333</zone>
          </city> 
          <city name="Pontianak">
               <zone>7$109.333$ 0.033333</zone>
          </city> 
          <city name="Putussibau">
               <zone>7$112.933$ 0.833333</zone>
          </city> 
          <city name="Samarinda">
               <zone>8$117.15$ 0.616667</zone>
          </city> 
          <city name="Singkawang">
               <zone>7$108.983$0.916667</zone>
          </city> 
          <city name="Sintang">
               <zone>7$111.533$0.116667</zone>
          </city> 
          <city name="Tanjung Redeb">
               <zone>8$116.483$2.16667</zone>
          </city> 
          <city name="Tanjung Selor">
               <zone>8$117.333$2.85</zone>
          </city> 
          <city name="Tarakan">
               <zone>8$117.567$3.33333</zone>
          </city>		  
		  
		   <city name="Denpasar">
               <zone>8$115.167$ 8.75</zone>
          </city> 
          <city name="Ende">
               <zone>8$121.65$ 8.83333</zone>
          </city> 
          <city name="Kolana, Alor Island">
               <zone>8$125.083$ 8.21667</zone>
          </city> 
          <city name="Kupang">
               <zone>8$123.667$ 10.1667</zone>
          </city> 
          <city name="Larantuka">
               <zone>8$122.967$ 8.26667</zone>
          </city> 
          <city name="Mataram">
               <zone>8$116.117$ 8.58333</zone>
          </city> 
          <city name="Maumere">
               <zone>8$122.25$ 8.63333</zone>
          </city> 
          <city name="Raba">
               <zone>8$118.7$ 8.55</zone>
          </city> 
          <city name="Rote Island">
               <zone>8$123.067$ 10.7333</zone>
          </city> 
          <city name="Sumbawa Besar">
               <zone>8$117.417$ 8.43333</zone>
          </city> 
          <city name="Waingapu">
               <zone>8$120.333$ 9.66667</zone>
          </city>
		  
		  <city name="Amahai">
               <zone>9$128.883$ 3.35</zone>
          </city> 
          <city name="Ambon">
               <zone>9$128.083$ 3.7</zone>
          </city> 
          <city name="Galeia">
               <zone>9$127.833$1.81667</zone>
          </city> 
          <city name="Labuha">
               <zone>9$124.55$ 1.61667</zone>
          </city> 
          <city name="Namlea">
               <zone>9$127.083$ 3.25</zone>
          </city> 
          <city name="Sanana Island">
               <zone>9$126$ 2.08333</zone>
          </city> 
          <city name="Saumlaki">
               <zone>9$131.3$ 7.98333</zone>
          </city> 
          <city name="Ternate">
               <zone>9$127.383$0.783333</zone>
          </city> 
		  
		  <city name="Baubau">
               <zone>8$122.617$ 5.46667</zone>
          </city> 
          <city name="Gorontalo">
               <zone>8$123.067$0.516667</zone>
          </city> 
          <city name="Kendari">
               <zone>8$122.433$ 4.1</zone>
          </city> 
          <city name="Luwuk">
               <zone>8$122.783$ 0.9</zone>
          </city> 
          <city name="Makassar (Ujung Pandang)">
               <zone>8$119.55$ 5.06667</zone>
          </city> 
          <city name="Mamuju">
               <zone>8$118.9$ 2.68333</zone>
          </city> 
          <city name="Manado (Menado)">
               <zone>8$124.917$1.53333</zone>
          </city> 
          <city name="Palu">
               <zone>8$119.733$ 0.683333</zone>
          </city> 
          <city name="Poso">
               <zone>8$120.733$ 1.38333</zone>
          </city> 
          <city name="Tahuna">
               <zone>8$125.467$3.58333</zone>
          </city> 
          <city name="Tolitoli">
               <zone>8$120.8$1.01667</zone>
          </city>
		  
		  <city name="Banda Aceh">
               <zone>7$95.4167$5.51667</zone>
          </city> 
          <city name="Bandar Lampung">
               <zone>7$105.183$ 5.26667</zone>
          </city> 
          <city name="Batam">
               <zone>7$104$1</zone>
          </city> 
          <city name="Benan">
               <zone>7$104.467$ 0.533333</zone>
          </city> 
          <city name="Bengkulu">
               <zone>7$102.333$ 3.88333</zone>
          </city> 
          <city name="Gunungsitoli">
               <zone>7$97.5833$1.33333</zone>
          </city> 
          <city name="Jambi City">
               <zone>7$103.65$ 1.63333</zone>
          </city> 
          <city name="Lhokseumawe">
               <zone>7$97.2$5.68333</zone>
          </city> 
          <city name="Medan">
               <zone>7$98.6833$3.56667</zone>
          </city> 
          <city name="Menggala">
               <zone>7$105.183$4.45</zone>
          </city> 
          <city name="Meulaboh">
               <zone>7$96.1167$4.25</zone>
          </city> 
          <city name="Mukomuko">
               <zone>7$101.617$ 2.58333</zone>
          </city> 
          <city name="Natuna Besar Island">
               <zone>7$108.383$3.95</zone>
          </city> 
          <city name="Padang (Teluk Bajur)">
               <zone>7$100.35$ 0.883333</zone>
          </city> 
          <city name="Pakanbaru">
               <zone>7$101.45$0.466667</zone>
          </city> 
          <city name="Palembang">
               <zone>7$104.7$ 2.9</zone>
          </city> 
          <city name="Pangkalpinang">
               <zone>7$106.133$ 2.16667</zone>
          </city> 
          <city name="Pekanbaru">
               <zone>7$101.467$0.833333</zone>
          </city> 
          <city name="Rengat">
               <zone>7$102.317$0.466667</zone>
          </city> 
          <city name="Sabang">
               <zone>7$95.3167$5.86667</zone>
          </city> 
          <city name="Sibolga">
               <zone>7$98.8833$1.55</zone>
          </city> 
          <city name="Tanjung Pandan (Tanjung Pandan)">
               <zone>7$107.75$ 2.75</zone>
          </city> 
          <city name="Tanjung Pinang (Tanjungpinang)">
               <zone>7$104.533$0.916667</zone>
          </city>
		   
		    <city name="Biak">
               <zone>9$136.117$ 1.18333</zone>
          </city> 
          <city name="Enarotali">
               <zone>9$136.367$ 3.91667</zone>
          </city> 
          <city name="Fakfak">
               <zone>9$132.25$ 2.88333</zone>
          </city> 
          <city name="Jayapura">
               <zone>9$140.483$ 2.56667</zone>
          </city> 
          <city name="Kaimana">
               <zone>9$133.75$ 3.66667</zone>
          </city> 
          <city name="Keawkwa">
               <zone>9$136.517$ 4.75</zone>
          </city> 
          <city name="Manokwari">
               <zone>9$134.05$ 0.883333</zone>
          </city> 
          <city name="Merauke">
               <zone>9$140.383$ 8.46667</zone>
          </city> 
          <city name="Nabire">
               <zone>9$135.5$ 3.33333</zone>
          </city> 
          <city name="Sarmi">
               <zone>9$138.717$ 1.83333</zone>
          </city> 
          <city name="Serui">
               <zone>9$136.233$ 1.86667</zone>
          </city> 
          <city name="Sorong">
               <zone>9$131.117$ 0.933333</zone>
          </city> 
          <city name="Tanahmerah Bay">
               <zone>9$140.3$ 6.1</zone>
          </city> 
          <city name="Wamena">
               <zone>9$138.75$ 3.83333</zone>
          </city> 
		  </country>
		  <country count="IRAN, ISLAMIC REPUBLIC OF">

          <city name="Ardabil (Ardab?l)">
               <zone>3.5$48.3$38.25</zone>
          </city>
		  <city name="B?shehr">
               <zone>3.5$50.8333$28.9833</zone>
          </city>
			    <city name="Shahre Kord">
               <zone>3.5$50.85$32.3333</zone>
          </city> 
		          <city name="Tabriz (Tabr?z)">
               <zone>3.5$46.2833$38.0833</zone>
          </city> 
		  
          <city name="Isfahan (E?fah?n)">
               <zone>3.5$51.7167$32.4667</zone>
          </city> 
          <city name="K?sh?n">
               <zone>3.5$51.45$33.9833</zone>
          </city> 
		            <city name="Abadeh (?b?deh)">
               <zone>3.5$52.6667$31.1833</zone>
          </city> 
          <city name="Fas?">
               <zone>3.5$53.6833$28.9667</zone>
          </city> 
          <city name="Sh?r?z">
               <zone>3.5$52.5833$29.5333</zone>
          </city> 
		  <city name="Rasht">
               <zone>3.5$49.6333$37.2</zone>
          </city> 
		  
          <city name="Gorgan (Gorg?n)">
               <zone>3.5$54.4833$36.8333</zone>
          </city> 
		        <city name="Hamad?n">
               <zone>3.5$48.5$34.8</zone>
          </city> 
          <city name="Mal?yer">
               <zone>3.5$48.7833$34.2667</zone>
          </city> 
		       <city name="Bandar Abbas">
               <zone>3.5$56.3667$27.2167</zone>
          </city> 
          <city name="Bandare Lengeh">
               <zone>3.5$54.8333$26.5833</zone>
          </city> 
          <city name="J?sk">
               <zone>3.5$57.7667$25.6333</zone>
          </city>
		     <city name="?l?m">
               <zone>3.5$46.4333$33.8</zone>
          </city> 
		         <city name="Bam">
               <zone>3.5$58.4$29.1</zone>
          </city> 
          <city name="Kerm?n">
               <zone>3.5$56.9667$30.25</zone>
          </city> 
		     <city name="Kerm?nsh?h">
               <zone>3.5$47.1167$34.2667</zone>
          </city> 
          <city name="Qa?re Sh?r?n (Ghasre Shirin)">
               <zone>3.5$45.5833$34.5167</zone>
          </city> 
		   <city name="Abadan (?b?d?n)">
               <zone>3.5$48.25$30.3667</zone>
          </city> 
          <city name="Agha Jari (?gh? J?r?)">
               <zone>3.5$49.6667$30.7667</zone>
          </city> 
          <city name="Ahv?z (Ahw?z)">
               <zone>3.5$48.6667$31.3333</zone>
          </city> 
          <city name="Masjede Soleym?n">
               <zone>3.5$49.2667$31.9833</zone>
          </city> 
          <city name="Saqqez (Saghez)">
               <zone>3.5$46.2667$36.25</zone>
          </city> 
		            <city name="Do Gonbad?n">
               <zone>3.5$50.7833$30.4333</zone>
          </city> 
          <city name="Y?s?j">
               <zone>3.5$51.5833$30.6167</zone>
          </city> 
		  
          <city name="Sanandaj">
               <zone>3.5$47$35.3333</zone>
          </city> 
		       <city name="Khorramabad (Khorram?b?d)">
               <zone>3.5$48.3333$33.5</zone>
          </city> 
		  
          <city name="Ar?k">
               <zone>3.5$49.4$34.1</zone>
          </city> 
		     <city name="Gorg?n">
               <zone>3.5$54.4667$36.8167</zone>
          </city> 
          <city name="Sakht Sar (R?msar)">
               <zone>3.5$50.6667$36.9</zone>
          </city> 
          <city name="S?r?">
               <zone>3.5$53.0667$36.5667</zone>
          </city> 
		     <city name="Bojn?rd">
               <zone>3.5$57.3333$37.4667</zone>
          </city> 
		  
          <city name="Qazvin (Qazv?n)">
               <zone>3.5$50$36.2667</zone>
          </city> 
		        <city name="Qom (Qum)">
               <zone>3.5$50.9$34.8167</zone>
          </city> 
		  
          <city name="Mashhad">
               <zone>3.5$59.6000000$36.3000000</zone>
          </city> 
          <city name="Sabzevar (Sabzev?r)">
               <zone>3.5$57.6667$36.2167</zone>
          </city> 
          <city name="Tabas (?abas)">
               <zone>3.5$56.9167$33.6</zone>
          </city> 
          <city name="Torbate Heydarieh (Torbate Heydar?yeh)">
               <zone>3.5$59.2167$35.2667</zone>
          </city> 
		  
          <city name="Semn?n">
               <zone>3.5$53.3833$35.55</zone>
          </city> 
		     <city name="Chabahar (Ch?bah?r (Ch?heBah?r) [Bandar Behesht?])">
               <zone>3.5$63.6667$25.4167</zone>
          </city> 
          <city name="Iranshahr (?r?nshahr)">
               <zone>3.5$60.7$27.2</zone>
          </city> 
          <city name="Z?bol">
               <zone>3.5$61.4833$31.3333</zone>
          </city> 
          <city name="Z?hed?n">
               <zone>3.5$60.9$29.4667</zone>
          </city> 
		            <city name="B?rjand">
               <zone>3.5$59.2$32.8667</zone>
          </city> 
		  
          <city name="Esl?mshahr">
               <zone>3.5$51.1667$35.5167</zone>
          </city> 
          <city name="Karaj">
               <zone>3.5$51.4333$35.6667</zone>
          </city> 
          <city name="Tehran (Tehr?n)">
               <zone>3.5$51.4333$35.6667</zone>
          </city> 
		      <city name="Khvoy (Khowy)">
               <zone>3.5$44.9667$38.55</zone>
          </city> 
          <city name="Urmia (Uroumieh)">
               <zone>3.5$45.0833$37.5333</zone>
          </city>
		  
          <city name="Yazd">
               <zone>3.5$54.4$31.9</zone>
          </city> 
		      <city name="Qazv?n">
               <zone>3.5$50$36.25</zone>
          </city> 
          <city name="Zanj?n">
               <zone>3.5$48.4833$36.6833</zone>
          </city> 
          </country>
          <country count="Iraq">
		   <city name="Al Amarah">
               <zone>3$47.1667$31.8333</zone>
          </city> 
          <city name="Al Basrah (Basrah)">
               <zone>3$47.65$30.4167</zone>
          </city> 
          <city name="Al Fallujah (Fallujah)">
               <zone>3$43.7667$33.3333</zone>
          </city> 
          <city name="Al Hillah (Hilla)">
               <zone>3$44.4167$32.5</zone>
          </city> 
          <city name="An Najaf (Najaf)">
               <zone>3$44.3333$31.9833</zone>
          </city> 
          <city name="An Nasiriyah (Nasiriyah)">
               <zone>3$46.2667$31.0333</zone>
          </city> 
          <city name="Ar Ramadi">
               <zone>3$43.3333$33.4333</zone>
          </city> 
          <city name="Arbil (Irbil)">
               <zone>3$44.0167$36.1667</zone>
          </city> 
          <city name="As Sulaymaniyah (Sulaimaniya)">
               <zone>3$45.4667$35.5833</zone>
          </city> 
          <city name="Baghdad (Baghdad)">
               <zone>3$44.2333$33.2333</zone>
          </city> 
          <city name="Balad">
               <zone>3$44.1333$34</zone>
          </city> 
          <city name="Baqubah">
               <zone>3$44.6667$33.75</zone>
          </city> 
          <city name="Karbala (AlKarbala)">
               <zone>3$44.0333$32.6</zone>
          </city> 
          <city name="Kirkuk">
               <zone>3$44.4667$35.4667</zone>
          </city> 
          <city name="Mosul (Al Mawsil)">
               <zone>3$43.15$36.3167</zone>
          </city> 
          <city name="Tikrit">
               <zone>3$43.7$34.6</zone>
          </city> 
		  </country>
          <country count="JAPAN">

          <city name="Nagoya">
               <zone>9$136.933$35.25</zone>
          </city> 
          <city name="Toyota">
               <zone>9$137.15$35.0833</zone>
          </city>
		   <city name="Akita">
               <zone>9$140.217$39.6167</zone>
          </city> 
          <city name="Noshiro">
               <zone>9$140.033$40.2</zone>
          </city> 
		       <city name="Aomori">
               <zone>9$140.7$40.7333</zone>
          </city> 
          <city name="Hachinohe">
               <zone>9$141.467$40.55</zone>
          </city> 
          <city name="Misawa">
               <zone>9$141.383$40.7</zone>
          </city> 
          <city name="Mutsu">
               <zone>9$141.167$41.2833</zone>
          </city> 
		  
          <city name="Chiba">
               <zone>9$139.917$35.4</zone>
          </city> 
          <city name="Ichikawa">
               <zone>9$139.917$35.7333</zone>
          </city> 
          <city name="Kisarazu">
               <zone>9$139.917$35.4</zone>
          </city> 
          <city name="Narita">
               <zone>9$140.317$35.7833</zone>
          </city> 
          <city name="Sakura">
               <zone>9$140.233$35.7167</zone>
          </city> 
          <city name="Tateyama">
               <zone>9$139.833$34.9833</zone>
          </city> 
		       <city name="Imabari">
               <zone>9$133$34.05</zone>
          </city> 
          <city name="Matsuyama">
               <zone>9$132.7$33.8167</zone>
          </city> 
		  
          <city name="Fukui">
               <zone>9$136.233$36.1333</zone>
          </city> 
		   <city name="Buzen">
               <zone>9$131.133$33.6167</zone>
          </city> 
          <city name="Fukuoka">
               <zone>9$130.45$33.5833</zone>
          </city> 
          <city name="Kitaky?sh?">
               <zone>9$130.95$33.8333</zone>
          </city> 
          <city name="Yahatanishiku">
               <zone>9$130.75$33.8167</zone>
          </city> 
          <city name="Yanagawa">
               <zone>9$130.4$33.1667</zone>
          </city> 
		  
          <city name="Fukushima">
               <zone>9$140.433$37.2333</zone>
          </city> 
		         <city name="Gifu">
               <zone>9$136.867$35.3833</zone>
          </city>
		   <city name="Maebashi">
               <zone>9$139.067$36.3833</zone>
          </city> 
		  <city name="">
               <zone>9$132.5$34.5167</zone>
          </city> 
          <city name="Hiroshima">
               <zone>9$132.45$34.4</zone>
          </city> 
		    <city name="Asahikawa">
               <zone>9$142.367$43.8</zone>
          </city> 
          <city name="Chitose">
               <zone>9$141.65$42.8167</zone>
          </city> 
          <city name="Eniwa">
               <zone>9$141.583$42.9167</zone>
          </city> 
          <city name="Hakodate">
               <zone>9$140.817$41.7667</zone>
          </city> 
          <city name="Kitami">
               <zone>9$143.9$43.8</zone>
          </city> 
          <city name="Kushiro">
               <zone>9$144.4$42.9833</zone>
          </city> 
          <city name="Monbetsu">
               <zone>9$143.533$44.25</zone>
          </city> 
          <city name="Muroran">
               <zone>9$140.983$42.3167</zone>
          </city> 
          <city name="Nakashibetsu">
               <zone>9$144.967$43.5667</zone>
          </city> 
          <city name="Obihiro">
               <zone>9$143.217$42.7333</zone>
          </city> 
          <city name="Okushiri Island">
               <zone>9$139.45$42.0667</zone>
          </city> 
          <city name="Otofuke">
               <zone>9$143.25$43</zone>
          </city> 
          <city name="Rebun Island (Rebunt?)">
               <zone>9$141.033$45.45</zone>
          </city> 
          <city name="Rishiri Island">
               <zone>9$141.183$45.25</zone>
          </city> 
          <city name="Sapporo">
               <zone>9$141.383$43.1167</zone>
          </city> 
          <city name="Tomakomai">
               <zone>9$141.6$42.6333</zone>
          </city> 
          <city name="Wakkanai">
               <zone>9$141.8$45.4</zone>
          </city> 
		     <city name="Himeji">
               <zone>9$134.7$34.8167</zone>
          </city> 
          <city name="Kobe">
               <zone>9$135.167$34.6833</zone>
          </city> 
          <city name="Toyooka">
               <zone>9$134.833$35.5333</zone>
          </city> 
		  
          <city name="Mito">
               <zone>9$140.467$36.3667</zone>
          </city> 
          <city name="Tsuchiura">
               <zone>9$140.2$36.0833</zone>
          </city> 
		  <city name="Kanazawa">
               <zone>9$136.65$36.5667</zone>
          </city> 
          <city name="Komatsu">
               <zone>9$136.417$36.3833</zone>
          </city> 
		  <city name="Hanamaki">
               <zone>9$141.133$39.4333</zone>
          </city> 
          <city name="Morioka">
               <zone>9$141.15$39.7</zone>
          </city> 
		   <city name="Naoshima">
               <zone>9$134$34.4667</zone>
          </city> 
          <city name="Takamatsu">
               <zone>9$134.017$34.2167</zone>
          </city>
		    <city name="Amami">
               <zone>9$129.5$28.3333</zone>
          </city> 
          <city name="Kagoshima">
               <zone>9$130.717$31.8</zone>
          </city> 
          <city name="Kanoya">
               <zone>9$130.833$31.3667</zone>
          </city> 
          <city name="Kikai Island">
               <zone>9$129.933$28.3167</zone>
          </city> 
          <city name="Okinoerabujima">
               <zone>9$128.7$27.4333</zone>
          </city> 
          <city name="Tanegashima">
               <zone>9$131.033$30.5833</zone>
          </city> 
          <city name="Tokunoshima">
               <zone>9$128.917$27.6667</zone>
          </city> 
          <city name="Yakushima">
               <zone>9$130.667$30.3833</zone>
          </city> 
          <city name="Yoronjima">
               <zone>9$128.4$27.05</zone>
          </city> 
		     <city name="Atsugi">
               <zone>9$139.45$35.45</zone>
          </city> 
          <city name="Yokohama">
               <zone>9$139.65$35.45</zone>
          </city> 
          <city name="Yokosuka">
               <zone>9$139.667$35.2833</zone>
          </city> 
          <city name="Zama">
               <zone>9$139.4$35.5167</zone>
          </city>
		  
          <city name="K?chi">
               <zone>9$133.667$33.5333</zone>
          </city>
		  
          <city name="Kumamoto">
               <zone>9$130.717$32.8</zone>
          </city> 
		  
          <city name="Ky?to">
               <zone>9$130.717$32.8</zone>
          </city> 
		     <city name="Tsu">
               <zone>9$136.517$34.7167</zone>
          </city> 
		    <city name="Ishinomaki">
               <zone>9$141.3$38.4167</zone>
          </city> 
          <city name="Sendai">
               <zone>9$140.883$38.25</zone>
          </city> 
          <city name="Shiogama">
               <zone>9$141.017$38.3167</zone>
          </city> 
		  <city name="Miyazaki">
               <zone>9$131.45$31.8667</zone>
          </city> 
          <city name="Saito">
               <zone>9$131.4$32.1</zone>
          </city> 
		    <city name="Matsumoto">
               <zone>9$137.967$36.25</zone>
          </city> 
          <city name="Nagano">
               <zone>9$138.183$36.65</zone>
          </city> 
		     <city name="Fukue">
               <zone>9$128.833$32.6667</zone>
          </city> 
          <city name="Iki Island">
               <zone>9$129.783$33.75</zone>
          </city> 
          <city name="Nagasaki">
               <zone>9$129.917$32.9167</zone>
          </city> 
          <city name="Ojika">
               <zone>9$129.05$33.2167</zone>
          </city> 
          <city name="Sasebo">
               <zone>9$129.717$33.15</zone>
          </city> 
          <city name="Shinkamigot?">
               <zone>9$129.183$32.9833</zone>
          </city> 
          <city name="Tsushima Island">
               <zone>9$129.333$34.2833</zone>
          </city> 
		    <city name="Nara">
               <zone>9$135.833$34.6833</zone>
          </city>
		   <city name="Niigata">
               <zone>9$139.117$37.95</zone>
          </city> 
          <city name="Sado Island">
               <zone>9$138.25$38.05</zone>
          </city> 
		       <city name="?ita">
               <zone>9$131.583$33.4833</zone>
          </city> 
		     <city name="Okayama">
               <zone>9$133.85$34.75</zone>
          </city>
		   <city name="Aguni">
               <zone>9$127.233$26.6</zone>
          </city> 
          <city name="Chatan">
               <zone>9$127.783$26.25</zone>
          </city> 
          <city name="Hateruma">
               <zone>9$123.8$24.0667</zone>
          </city> 
          <city name="Iejima">
               <zone>9$127.783$26.7167</zone>
          </city> 
          <city name="Ishigaki Island">
               <zone>9$124.167$24.3333</zone>
          </city> 
          <city name="Kitadait?">
               <zone>9$131.333$25.7833</zone>
          </city> 
          <city name="Kumejima">
               <zone>9$126.8$26.3333</zone>
          </city> 
          <city name="Marine Corps Air Station Futenma">
               <zone>9$127.75$26.2667</zone>
          </city> 
          <city name="Minamidait?">
               <zone>9$131.233$25.8333</zone>
          </city> 
          <city name="Miyakojima">
               <zone>9$125.283$24.7833</zone>
          </city> 
          <city name="Naha">
               <zone>9$127.65$26.1833</zone>
          </city> 
          <city name="Okinawa Island">
               <zone>9$127.833$26.3333</zone>
          </city> 
          <city name="Shimojishima">
               <zone>9$125.25$27.75</zone>
          </city> 
          <city name="Tarama Island">
               <zone>9$124.7$24.65</zone>
          </city> 
          <city name="Yonaguni Island">
               <zone>9$122.983$24.4667</zone>
          </city> 
		  <city name="Izumisano">
               <zone>9$135.317$34.4167</zone>
          </city> 
          <city name="Kishiwada">
               <zone>9$135.367$34.4667</zone>
          </city> 
          <city name="Osaka">
               <zone>9$135.45$34.7833</zone>
          </city> 
          <city name="Yao">
               <zone>9$135.6$34.6</zone>
          </city> 
		  <city name="Saga">
               <zone>9$130.3$33.15</zone>
          </city>
		      <city name="Iruma">
               <zone>9$139.417$35.8333</zone>
          </city> 
          <city name="Saitama">
               <zone>9$139.617$35.8667</zone>
          </city> 
		   <city name="?tsu">
               <zone>9$135.867$35</zone>
          </city> 
		  <city name="Masuda">
               <zone>9$131.85$34.6667</zone>
          </city> 
          <city name="Matsue">
               <zone>9$133.067$35.4667</zone>
          </city> 
          <city name="Okinoshima">
               <zone>9$133.333$36.1833</zone>
          </city> 
		  
          <city name="Fuji">
               <zone>9$138.65$35.15</zone>
          </city> 
          <city name="Hamamatsu">
               <zone>9$137.7$34.75</zone>
          </city> 
          <city name="Numazu">
               <zone>9$138.867$35.1</zone>
          </city> 
          <city name="Shizuoka">
               <zone>9$138.383$34.9667</zone>
          </city> 
		   <city name="Utsunomiya">
               <zone>9$139.867$36.5167</zone>
          </city> 
		   <city name="Komatsushima">
               <zone>9$134.633$34</zone>
          </city> 
          <city name="Tokushima">
               <zone>9$134.617$34.1333</zone>
          </city> 
		    <city name="Akishima">
               <zone>9$139.367$35.6833</zone>
          </city> 
          <city name="Bonin Islands">
               <zone>9$142.183$27.0833</zone>
          </city> 
          <city name="Ch?fu">
               <zone>9$139.533$35.6667</zone>
          </city> 
          <city name="Hachij?jima">
               <zone>9$139.783$33.1167</zone>
          </city> 
          <city name="Iwo Jima">
               <zone>9$141.317$24.7833</zone>
          </city> 
          <city name="Izu ?shima">
               <zone>9$139.367$34.7333</zone>
          </city> 
          <city name="K?t?">
               <zone>9$139.85$35.6333</zone>
          </city> 
          <city name="Minamitorishima">
               <zone>9$153.967$24.3</zone>
          </city> 
          <city name="Miyakejima">
               <zone>9$139.567$34.0667</zone>
          </city> 
          <city name="Shinagawa">
               <zone>9$139.783$35.5833</zone>
          </city> 
          <city name="Tachikawa">
               <zone>9$139.4$35.7</zone>
          </city> 
          <city name="Tokyo">
               <zone>9$139.767$35.6833</zone>
          </city> 
		  <city name="Sakaiminato">
               <zone>9$133.25$35.55</zone>
          </city> 
          <city name="Tottori">
               <zone>9$134.167$35.5333</zone>
          </city> 
          <city name="Yonago">
               <zone>9$133.25$35.4833</zone>
          </city> 
		  <city name="Toyama">
               <zone>9$137.183$36.65</zone>
          </city> 
		   <city name="Shirahama">
               <zone>9$135.35$34.6667</zone>
          </city> 
          <city name="Wakayama">
               <zone>9$135.183$34.2167</zone>
          </city> 
		  <city name="Tsuruoka">
               <zone>9$139.833$38.7333</zone>
          </city> 
          <city name="Yamagata">
               <zone>9$140.367$38.4167</zone>
          </city> 
		   <city name="H?fu">
               <zone>9$131.55$34.0333</zone>
          </city> 
          <city name="Iwakuni">
               <zone>9$132.233$34.1333</zone>
          </city> 
          <city name="Ube">
               <zone>9$131.283$33.9333</zone>
          </city> 
          <city name="Yamaguchi">
               <zone>9$131.483$34.1667</zone>
          </city> 
		    <city name="K?fu">
               <zone>9$138.583$35.65</zone>
          </city> 
     </country>
     <country count="Jordan">
		  <city name="Al Aqabah">
               <zone>2$35.0167$29.6333</zone>
          </city> 
          <city name="Al Mafraq (Mafraq)">
               <zone>2$36.2667$32.3667</zone>
          </city> 
          <city name="Amman">
               <zone>2$35.9833$31.9833</zone>
          </city> 
          <city name="Irbid">
               <zone>2$35.85$32.55</zone>
          </city> 
          <city name="Maan">
               <zone>2$35.7833$30.1667</zone>
          </city> 
          <city name="Madaba">
               <zone>2$35.75$31.6667</zone>
          </city> 
          <city name="Mahattat al Hafif (As Safawi)">
               <zone>2$37.1333$32.2</zone>
          </city> 
          <city name="Mahattat al Jufur">
               <zone>2$38.2$32.5</zone>
          </city> 
          <city name="Zarqa">
               <zone>2$36.1$32.0833</zone>
          </city> 
		  </country>
		  <country count="Kazakhstan">
		<city name="Aktobe (Aktiubinsk)">
               <zone>5$57.15$50.2833</zone>
          </city> 
          <city name="Almaty">
               <zone>5$76.9333$43.2333</zone>
          </city> 
          <city name="Aqtau">
               <zone>5$51.1$43.8667</zone>
          </city> 
          <city name="Aral">
               <zone>5$61.65$46.7833</zone>
          </city> 
          <city name="Arkalyk (Arqalyk)">
               <zone>5$66.8333$50.2167</zone>
          </city> 
          <city name="Astana (Tselinograd)">
               <zone>5$71.45$51.2</zone>
          </city> 
          <city name="Atbasar">
               <zone>5$68.3333$51.8</zone>
          </city> 
          <city name="Atyrau (Guryev)">
               <zone>5$51.95$47.1167</zone>
          </city> 
          <city name="Balqash (Balhash)">
               <zone>5$74.9833$46.8333</zone>
          </city> 
          <city name="Dzhezkazgan (Zhezkazgan)">
               <zone>5$67.7167$47.6833</zone>
          </city> 
          <city name="Ekibastuz">
               <zone>5$75.3667$51.7</zone>
          </city> 
          <city name="Kandyagash">
               <zone>5$57.45$49.4667</zone>
          </city> 
          <city name="Karaganda">
               <zone>5$73.1667$49.8333</zone>
          </city> 
          <city name="Kokshetau (Kkshetau)">
               <zone>5$69.4167$53.3</zone>
          </city> 
          <city name="Kulsary">
               <zone>5$54.0167$46.9833</zone>
          </city> 
          <city name="Oral">
               <zone>5$51.3833$51.25</zone>
          </city> 
          <city name="Oskemen">
               <zone>5$82.5833$49.9667</zone>
          </city> 
          <city name="Pavlodar">
               <zone>5$76.95$52.3</zone>
          </city> 
          <city name="Petropavl">
               <zone>5$69.1$54.9</zone>
          </city> 
          <city name="Qostanay (Kustanaisk)">
               <zone>5$63.6167$53.2</zone>
          </city> 
          <city name="Qyzylorda (KzylOrda)">
               <zone>5$44.7667$44.85</zone>
          </city> 
          <city name="Rudnyy">
               <zone>5$63.0833$52.9667</zone>
          </city> 
          <city name="Saryagach">
               <zone>5$69.1667$41.45</zone>
          </city> 
          <city name="Semey (Semipalatinsk)">
               <zone>5$80.25$50.4667</zone>
          </city> 
          <city name="Shubarkuduk">
               <zone>5$56.4833$49.1333</zone>
          </city> 
          <city name="Shymkent (Shimkent)">
               <zone>5$69.7$42.3167</zone>
          </city> 
          <city name="Taldykorgan (TaldyKurgan Stantsiya)">
               <zone>5$78.3833$45</zone>
          </city> 
          <city name="Taraz">
               <zone>5$71.3667$42.9</zone>
          </city> 
          <city name="Zaysan (Zaisan)">
               <zone>5$84.9167$47.4667</zone>
          </city> 
          <city name="Zhayrem (Zhairem)">
               <zone>5$70.5833$48.2167</zone>
          </city> 
		  </country>
		  <country count="Kuwait">
		 <city name="Al Jahra">
               <zone>3$47.6667$29.3333</zone>
          </city> 
          <city name="Al Wafrah">
               <zone>3$47.8333$28.55</zone>
          </city> 
          <city name="Camp Doha">
               <zone>3$47.6333$29.3167</zone>
          </city> 
          <city name="Hawalli">
               <zone>3$48.0333$29.3167</zone>
          </city> 
          <city name="Jleeb AlShuyoukh (Jalib ash Shuyukh [Jalib AlShuyukh])">
               <zone>3$47.9333$29.25</zone>
          </city> 
          <city name="Kuwait City (AlKuwait)">
               <zone>3$47.9833$29.3333</zone>
          </city> 
		  </country>
		  <country count="LAO PEOPLE'S DEMOCRATIC REPUBLIC">

          <city name="Attapu (Attopeu)">
               <zone>7$106.833$14.8</zone>
          </city> 
          <city name="Luang Prabang">
               <zone>7$102.133$19.8833</zone>
          </city> 
          <city name="Muang Xaignabouri (Sayaboury)">
               <zone>7$101.733$19.2333</zone>
          </city> 
          <city name="Pakxe">
               <zone>7$105.167$15.1167</zone>
          </city> 
          <city name="Salavan">
               <zone>7$106.433$15.6833</zone>
          </city> 
          <city name="Savannakhet">
               <zone>7$104.65$16.55</zone>
          </city> 
          <city name="Thakhek">
               <zone>7$104.65$17.3833</zone>
          </city> 
          <city name="Vientiane">
               <zone>7$102.567$17.95</zone>
          </city> 
     </country>
     <country count="Lebanon">
		<city name="Al Hirmil">
               <zone>2$36.4167$34.4</zone>
          </city> 
          <city name="An Naqqash (En Naqqach)">
               <zone>2$35.1333$33.1167</zone>
          </city> 
          <city name="Baalbek">
               <zone>2$36.2$34</zone>
          </city> 
          <city name="Beirut (Beirout)">
               <zone>2$35.4833$33.8167</zone>
          </city> 
          <city name="Chekka (Chekka Aatqa [Shikka])">
               <zone>2$35.75$34.3167</zone>
          </city> 
          <city name="Juniyah (Jounieh)">
               <zone>2$35.6333$33.9833</zone>
          </city> 
          <city name="Sidon (Sada)">
               <zone>2$35.3667$33.55</zone>
          </city> 
          <city name="Tripoli">
               <zone>2$36.85$34.4333</zone>
          </city> 
          <city name="Tyre (?ur)">
               <zone>2$35.1833$33.2667</zone>
          </city> 
          <city name="Zahlah">
               <zone>2$35.8833$33.85</zone>
          </city> 
		  </country>
		  
     
     
</xml>
