<?xml version="1.0" encoding="UTF-8" ?> 
	<xml>
	                 <country count="AUSTRALIA">

          <city name="Ashmore and Cartier Islands">
               <zone>10$123.083$-12.2333</zone>
          </city>
		  
          <city name="Canberra">
               <zone>10$149.183$-35.3</zone>
          </city> 
          <city name="Tuggeranong">
               <zone>10$149.15$-35.4333</zone>
          </city> 
		  <city name="Cato Island">
               <zone>10$155.533$-23.25</zone>
          </city> 
          <city name="Lihou Reef">
               <zone>10$150.5$-17.5</zone>
          </city> 
          <city name="Mellish Reef">
               <zone>10$155.833$-17.45</zone>
          </city> 
          <city name="Tregrosse Islands">
               <zone>10$150.75$-17.6167</zone>
          </city> 
          <city name="Willis Islets">
               <zone>10$149$-16.5</zone>
          </city> 
		  
          <city name="Greenpatch">
               <zone>10$150.736$-35.1407</zone>
          </city> 
          <city name="Jervis Bay Village">
               <zone>10$150.683$-35.15</zone>
          </city> 
          <city name="Wreck Bay Village">
               <zone>10$150.683$-35</zone>
          </city> 
		     <city name="Albury">
               <zone>10$146.95$-36.0667</zone>
          </city> 
          <city name="Armidale">
               <zone>10$151.667$-30.5</zone>
          </city> 
          <city name="Ballina">
               <zone>10$153.55$-28.8667</zone>
          </city> 
          <city name="Bankstown">
               <zone>10$150.917$-33.9167</zone>
          </city> 
          <city name="Batemans Bay">
               <zone>10$150.183$-35.7</zone>
          </city> 
          <city name="Bathurst">
               <zone>10$149.567$-33.4167</zone>
          </city> 
          <city name="Bega">
               <zone>10$149.833$-36.6667</zone>
          </city> 
          <city name="Bourke">
               <zone>10$145.933$-30.1</zone>
          </city> 
          <city name="Bowral">
               <zone>10$150.4$-34.5</zone>
          </city> 
          <city name="Broken Hill">
               <zone>10$141.467$-31.9667</zone>
          </city> 
          <city name="Cabramurra">
               <zone>10$148.383$-33.9333</zone>
          </city> 
          <city name="Camden">
               <zone>10$150.683$-34.0333</zone>
          </city> 
          <city name="Campbelltown">
               <zone>10$150.817$-34.0667</zone>
          </city> 
          <city name="Cape Byron">
               <zone>10$153.65$-28.6333</zone>
          </city> 
          <city name="Cessnock">
               <zone>10$151.333$-32.8333</zone>
          </city> 
          <city name="Cobar">
               <zone>10$145.8$-31.4833</zone>
          </city> 
          <city name="Coffs Harbour">
               <zone>10$153.117$-30.3167</zone>
          </city> 
          <city name="Cooma">
               <zone>10$149.083$-36.2333</zone>
          </city> 
          <city name="Deniliquin">
               <zone>10$144.967$-35.5333</zone>
          </city> 
          <city name="Dubbo">
               <zone>10$148.567$-32.2</zone>
          </city> 
          <city name="Forster">
               <zone>10$152.517$-32.1833</zone>
          </city> 
          <city name="Glen Innes">
               <zone>10$151.75$-29.7167</zone>
          </city> 
          <city name="Gosford">
               <zone>10$151.35$-33.4333</zone>
          </city> 
          <city name="Goulburn">
               <zone>10$149.717$-34.75</zone>
          </city> 
          <city name="Grafton">
               <zone>10$152.933$-29.6833</zone>
          </city> 
          <city name="Griffith">
               <zone>10$146.033$-34.2833</zone>
          </city> 
          <city name="Hamilton">
               <zone>10$151.75$-32.9167</zone>
          </city> 
          <city name="Inverell">
               <zone>10$151.117$-29.7667</zone>
          </city> 
          <city name="Ivanhoe">
               <zone>10$144.283$-32.9333</zone>
          </city> 
          <city name="Katoomba">
               <zone>10$150.317$-33.7167</zone>
          </city> 
          <city name="Kempsey">
               <zone>10$152.833$-31.0833</zone>
          </city> 
          <city name="Kurnell">
               <zone>10$151.2$-34</zone>
          </city> 
          <city name="Lismore">
               <zone>10$153.283$-28.8</zone>
          </city> 
          <city name="Lithgow">
               <zone>10$150.15$-33.4833</zone>
          </city> 
          <city name="Liverpool">
               <zone>10$150.917$-33.9167</zone>
          </city> 
          <city name="Lord Howe Island">
               <zone>10$159.083$-31.5</zone>
          </city> 
          <city name="Maitland">
               <zone>10$151.55$-32.7333</zone>
          </city> 
          <city name="Merimbula">
               <zone>10$149.9$-36.9</zone>
          </city> 
          <city name="Moree">
               <zone>10$149.833$-29.4667</zone>
          </city> 
          <city name="Mudgee">
               <zone>10$149.583$-32.1</zone>
          </city> 
          <city name="Narrabri">
               <zone>10$149.767$-30.3167</zone>
          </city> 
          <city name="Newcastle">
               <zone>10$151.767$-32.9333</zone>
          </city> 
          <city name="Nowra">
               <zone>10$150.533$-34.95</zone>
          </city> 
          <city name="Orange">
               <zone>10$149.1$-33.2833</zone>
          </city> 
          <city name="Parkes">
               <zone>10$148.167$-33.1333</zone>
          </city> 
          <city name="Parramatta">
               <zone>10$151$-33.8167</zone>
          </city> 
          <city name="Penrith">
               <zone>10$150.683$-33.7667</zone>
          </city> 
          <city name="Perisher Valley">
               <zone>10$148.417$-36.4</zone>
          </city> 
          <city name="Port Macquarie">
               <zone>10$152.917$-31.4333</zone>
          </city> 
          <city name="Richmond">
               <zone>10$150.75$-33.9333</zone>
          </city> 
          <city name="Scone">
               <zone>10$150.85$-32.0833</zone>
          </city> 
          <city name="Singleton">
               <zone>10$151$-32.5667</zone>
          </city> 
          <city name="Springwood">
               <zone>10$150.55$-33.7</zone>
          </city> 
          <city name="Sydney">
               <zone>10$151.183$-33.95</zone>
          </city> 
          <city name="Tamworth">
               <zone>10$150.833$-31.0833</zone>
          </city> 
          <city name="Taree">
               <zone>10$152.45$-31.9</zone>
          </city> 
          <city name="Terrey Hills">
               <zone>10$151.217$-33.6833</zone>
          </city> 
          <city name="Thredbo Village">
               <zone>10$148.3$-36.5</zone>
          </city> 
          <city name="Wagga Wagga">
               <zone>10$147.45$-35.15</zone>
          </city> 
          <city name="Wollongong">
               <zone>10$150.9$-34.4167</zone>
          </city> 
          <city name="Young">
               <zone>10$148.317$-34.2833</zone>
          </city> 
		    <city name="Alice Springs">
               <zone>10$133.883$-23.8</zone>
          </city> 
          <city name="Alyangula">
               <zone>10$136.4$-13.8</zone>
          </city> 
          <city name="Borroloola">
               <zone>10$136.283$-16.0667</zone>
          </city> 
          <city name="Darwin">
               <zone>10$130.867$-12.4</zone>
          </city> 
          <city name="Jabiru">
               <zone>10$132.833$-12.6667</zone>
          </city> 
          <city name="Katherine">
               <zone>10$132.25$-14.4333</zone>
          </city> 
          <city name="Nhulunbuy">
               <zone>10$136.767$-12.1833</zone>
          </city> 
          <city name="Tennant Creek">
               <zone>10$134.167$-19.6333</zone>
          </city> 
          <city name="Uluru (Ayers Rock)">
               <zone>10$130.967$-25.1833</zone>
          </city> 
          <city name="Yulara">
               <zone>10$130.983$-25.2333</zone>
          </city> 
		    <city name="Ayr – Home Hill">
               <zone>10$147.4$-19.5833</zone>
          </city> 
          <city name="Bowen">
               <zone>10$148.233$-20.0167</zone>
          </city> 
          <city name="Brisbane">
               <zone>10$153.1$-27.3833</zone>
          </city> 
          <city name="Bundaberg">
               <zone>10$152.35$-24.8667</zone>
          </city> 
          <city name="Cairns">
               <zone>10$145.75$-16.8833</zone>
          </city> 
          <city name="Charleville">
               <zone>10$146.267$-26.4</zone>
          </city> 
          <city name="Charters Towers">
               <zone>10$146.267$-20.1</zone>
          </city> 
          <city name="Clermont">
               <zone>10$147.633$-22.8167</zone>
          </city> 
          <city name="Dalby">
               <zone>10$151.267$-27.1833</zone>
          </city> 
          <city name="Emerald">
               <zone>10$148.15$-23.5167</zone>
          </city> 
          <city name="Gladstone">
               <zone>10$151.25$-23.85</zone>
          </city> 
          <city name="Gold Coast">
               <zone>10$153.417$-28.05</zone>
          </city> 
          <city name="Goondiwindi">
               <zone>10$150.317$-28.55</zone>
          </city> 
          <city name="Gympie">
               <zone>10$152.667$-26.1833</zone>
          </city> 
          <city name="Hamilton Island">
               <zone>10$148.95$-20.35</zone>
          </city> 
          <city name="Hervey Bay">
               <zone>10$152.867$-25.3167</zone>
          </city> 
          <city name="Ingham">
               <zone>10$146.167$-18.65</zone>
          </city> 
          <city name="Innisfail">
               <zone>10$146.083$-17.55</zone>
          </city> 
          <city name="Ipswich">
               <zone>10$152.717$-27.6333</zone>
          </city> 
          <city name="Kingaroy">
               <zone>10$151.833$-26.5333</zone>
          </city> 
          <city name="Longreach">
               <zone>10$144.267$-23.4333</zone>
          </city> 
          <city name="Mackay">
               <zone>10$149.2$-21.1167</zone>
          </city> 
          <city name="Mareeba">
               <zone>10$145.433$-17</zone>
          </city> 
          <city name="Maroochydore (Sunshine Coast)">
               <zone>10$153.083$-26.6</zone>
          </city> 
          <city name="Maryborough">
               <zone>10$152.7$-25.5333</zone>
          </city> 
          <city name="Moranbah">
               <zone>10$148.05$-22</zone>
          </city> 
          <city name="Mount Isa">
               <zone>10$139.467$-20.6667</zone>
          </city> 
          <city name="Proserpine">
               <zone>10$148.533$-20.4833</zone>
          </city> 
          <city name="Rockhampton">
               <zone>10$150.467$-23.3833</zone>
          </city> 
          <city name="Roma">
               <zone>10$148.8$-26.55</zone>
          </city> 
          <city name="Southport">
               <zone>10$153.4$-27.9667</zone>
          </city> 
          <city name="Toowoomba">
               <zone>10$151.95$-27.55</zone>
          </city> 
          <city name="Townsville">
               <zone>10$146.75$-19.25</zone>
          </city> 
          <city name="Warwick">
               <zone>10$152.017$-28.2167</zone>
          </city> 
          <city name="Weipa">
               <zone>10$141.883$-12.6333</zone>
          </city> 
          <city name="Winton">
               <zone>10$143.033$-22.3833</zone>
          </city> 
          <city name="Yeppoon">
               <zone>10$150.733$-23.1333</zone>
          </city> 
		    <city name="Adelaide">
               <zone>10$138.583$-34.9333</zone>
          </city> 
          <city name="Ceduna">
               <zone>10$133.7$-32.1167</zone>
          </city> 
          <city name="Clare">
               <zone>10$138.6$-33.8333</zone>
          </city> 
          <city name="Coober Pedy">
               <zone>10$134.75$-29.0167</zone>
          </city> 
          <city name="Coonawarra">
               <zone>10$140.833$-37.2833</zone>
          </city> 
          <city name="Elizabeth">
               <zone>10$138.667$-34.7167</zone>
          </city> 
          <city name="Keith">
               <zone>10$140.35$-36.0833</zone>
          </city> 
          <city name="Kingscote">
               <zone>10$137.633$-35.65</zone>
          </city> 
          <city name="Kyancutta">
               <zone>10$135.55$-33.1333</zone>
          </city> 
          <city name="Leigh Creek">
               <zone>10$138.417$-30.4667</zone>
          </city> 
          <city name="Mount Barker">
               <zone>10$138.85$-35.0667</zone>
          </city> 
          <city name="Mount Gambier">
               <zone>10$140.783$-37.7333</zone>
          </city> 
          <city name="Murray Bridge">
               <zone>10$139.267$-35.1</zone>
          </city> 
          <city name="Naracoorte">
               <zone>10$140.75$-36.95</zone>
          </city> 
          <city name="Nuriootpa">
               <zone>10$138.983$-34.4667</zone>
          </city> 
          <city name="Port Augusta">
               <zone>10$137.767$-33.4833</zone>
          </city> 
          <city name="Port Lincoln">
               <zone>10$135.867$-34.7333</zone>
          </city> 
          <city name="Port Noarlunga">
               <zone>10$138.5$-35.15</zone>
          </city> 
          <city name="Port Pirie">
               <zone>10$138.017$-33.2</zone>
          </city> 
          <city name="Renmark">
               <zone>10$140.733$-34.1667</zone>
          </city> 
          <city name="Robe">
               <zone>10$139.75$-37.15</zone>
          </city> 
          <city name="Roxby Downs">
               <zone>10$136.9$-34.58</zone>
          </city> 
          <city name="Victor Harbor">
               <zone>10$138.617$-35.55</zone>
          </city> 
          <city name="Whyalla">
               <zone>10$137.567$-33.0333</zone>
          </city> 
          <city name="Woomera">
               <zone>10$136.783$-31.2</zone>
          </city> 
          <city name="Wudinna">
               <zone>10$135.45$-33.0333</zone>
          </city> 
		   <city name="Burnie">
               <zone>10$145.9$-41.0667</zone>
          </city> 
          <city name="Devonport">
               <zone>10$146.367$-41.1667</zone>
          </city> 
          <city name="Grassy">
               <zone>10$144.05$-40.05</zone>
          </city> 
          <city name="Hobart">
               <zone>10$147.483$-42.8333</zone>
          </city> 
          <city name="Latrobe">
               <zone>10$146.417$-41.2667</zone>
          </city> 
          <city name="Launceston">
               <zone>10$147.2$-41.5333</zone>
          </city> 
          <city name="Macquarie Island (Macca)">
               <zone>10$158.95$-54.4833</zone>
          </city> 
          <city name="St. Helens">
               <zone>10$148.233$-41.3167</zone>
          </city> 
          <city name="Strahan">
               <zone>10$145.317$-42.15</zone>
          </city> 
          <city name="Swansea">
               <zone>10$148.083$-42.1333</zone>
          </city> 
		   <city name="Bairnsdale">
               <zone>10$147.617$-37.8333</zone>
          </city> 
          <city name="Ballarat">
               <zone>10$143.85$-37.55</zone>
          </city> 
          <city name="Bendigo">
               <zone>10$144.267$-36.75</zone>
          </city> 
          <city name="Broadmeadows">
               <zone>10$144.9$-37.6667</zone>
          </city> 
          <city name="Colac">
               <zone>10$143.583$-38.3333</zone>
          </city> 
          <city name="Echuca">
               <zone>10$144.75$-36.1333</zone>
          </city> 
          <city name="Geelong">
               <zone>10$144.35$-38.1333</zone>
          </city> 
          <city name="Horsham">
               <zone>10$142.217$-36.7167</zone>
          </city> 
          <city name="Lara">
               <zone>10$144.483$-38.0333</zone>
          </city> 
          <city name="Laverton">
               <zone>10$122.383$-28.6167</zone>
          </city> 
          <city name="Melbourne">
               <zone>10$144.833$-37.8167</zone>
          </city> 
          <city name="Mildura">
               <zone>10$142.083$-34.2167</zone>
          </city> 
          <city name="Mitcham">
               <zone>10$145.2$-37.8167</zone>
          </city> 
          <city name="Moorabbin">
               <zone>10$145.1$-37.9667</zone>
          </city> 
          <city name="Mornington">
               <zone>10$145.033$-38.2667</zone>
          </city> 
          <city name="Mount Buller">
               <zone>10$146.417$-37.1333</zone>
          </city> 
          <city name="Mount Dandenong">
               <zone>10$145.367$-37.8333</zone>
          </city> 
          <city name="Mount Hotham">
               <zone>10$147.133$-36.9833</zone>
          </city> 
          <city name="Orbost">
               <zone>10$148.45$-37.7</zone>
          </city> 
          <city name="Saint Kilda">
               <zone>10$144.983$-37.8667</zone>
          </city> 
          <city name="Sale">
               <zone>10$147.133$-38.1</zone>
          </city> 
          <city name="Scoresby">
               <zone>10$145.217$-37.9</zone>
          </city> 
          <city name="Seymour">
               <zone>10$145.133$-37.0333</zone>
          </city> 
          <city name="Shepparton">
               <zone>10$145.4$-36.3833</zone>
          </city> 
          <city name="Sunshine">
               <zone>10$144.833$-37.7833</zone>
          </city> 
          <city name="Swan Hill">
               <zone>10$143.55$-35.3333</zone>
          </city> 
          <city name="Tullamarine">
               <zone>10$144.867$-37.7167</zone>
          </city> 
          <city name="Wangaratta">
               <zone>10$146.317$-36.3667</zone>
          </city> 
          <city name="Warrnambool">
               <zone>10$142.233$-38.3833</zone>
          </city> 
          <city name="Watsonia">
               <zone>10$145.083$-37.7</zone>
          </city> 
          <city name="Wonthaggi">
               <zone>10$145.533$-38.6167</zone>
          </city> 
          <city name="Yarra Glen">
               <zone>10$124.367$-37.6333</zone>
          </city> 
		   <city name="Albany">
               <zone>10$11.8833$-35.0167</zone>
          </city> 
          <city name="Augusta">
               <zone>10$115.167$-34.3167</zone>
          </city> 
          <city name="Barrow Island">
               <zone>10$115.383$-20.8167</zone>
          </city> 
          <city name="Border Village">
               <zone>10$128.983$-31.6833</zone>
          </city> 
          <city name="Bridgetown">
               <zone>10$116.133$-33.95</zone>
          </city> 
          <city name="Broome">
               <zone>10$122.217$-17.95</zone>
          </city> 
          <city name="Bunbury">
               <zone>10$115.65$-33.35</zone>
          </city> 
          <city name="Busselton">
               <zone>10$115.35$-33.65</zone>
          </city> 
          <city name="Caiguna">
               <zone>10$125.467$-32.2833</zone>
          </city> 
          <city name="Carnarvon">
               <zone>10$113.667$-24.8833</zone>
          </city> 
          <city name="Collie">
               <zone>10$116.15$-33.3667</zone>
          </city> 
          <city name="Dalwallinu">
               <zone>10$116.667$-30.2833</zone>
          </city> 
          <city name="Denham">
               <zone>10$113.533$-25.9333</zone>
          </city> 
          <city name="Derby">
               <zone>10$123.617$-17.3</zone>
          </city> 
          <city name="Esperance">
               <zone>10$121.883$-33.85</zone>
          </city> 
          <city name="Eucla">
               <zone>10$128.867$-31.7167</zone>
          </city> 
          <city name="Exmouth">
               <zone>10$114.133$-21.9333</zone>
          </city> 
          <city name="Fitzroy Crossing">
               <zone>10$125.567$-18.2</zone>
          </city> 
          <city name="Forrest">
               <zone>10$128.1$-30.8333</zone>
          </city> 
          <city name="Geraldton">
               <zone>10$114.783$-28.7833</zone>
          </city> 
          <city name="Giles">
               <zone>10$128.483$-25.0667</zone>
          </city> 
          <city name="Halls Creek">
               <zone>10$127.667$-18.2333</zone>
          </city> 
          <city name="Kalbarri">
               <zone>10$114.167$-27.7167</zone>
          </city> 
          <city name="Kalgoorlie–Boulder">
               <zone>10$121.45$-30.7833</zone>
          </city> 
          <city name="Kalumburu">
               <zone>10$126.65$-14.3</zone>
          </city> 
          <city name="Karratha">
               <zone>10$116.85$-20.7333</zone>
          </city> 
          <city name="Katanning">
               <zone>10$117.55$-33.7</zone>
          </city> 
          <city name="Kununurra">
               <zone>10$128.7$-15.7667</zone>
          </city> 
          <city name="Lake Argyle">
               <zone>10$128.717$-16.3167</zone>
          </city> 
          <city name="Lake Grace">
               <zone>10$118.467$-33.1</zone>
          </city> 
          <city name="Laverton">
               <zone>10$122.4$-28.6333</zone>
          </city> 
          <city name="Leinster">
               <zone>10$120.7$-27.9167</zone>
          </city> 
          <city name="Leonora">
               <zone>10$121.333$-28.8833</zone>
          </city> 
          <city name="Madura">
               <zone>10$127$-31.9167</zone>
          </city> 
          <city name="Mandurah">
               <zone>10$115.75$-32.5333</zone>
          </city> 
          <city name="Manjimup">
               <zone>10$116.15$-34.25</zone>
          </city> 
          <city name="Marble Bar">
               <zone>10$119.75$-21.1667</zone>
          </city> 
          <city name="Margaret River">
               <zone>10$115.083$-33.95</zone>
          </city> 
          <city name="Meekatharra">
               <zone>10$118.533$-26.6</zone>
          </city> 
          <city name="Merredin">
               <zone>10$118.283$-31.4833</zone>
          </city> 
          <city name="Moora">
               <zone>10$116$-30.6333</zone>
          </city> 
          <city name="Morawa">
               <zone>10$116$-29.2167</zone>
          </city> 
          <city name="Mundrabilla">
               <zone>10$127.55$-30.7833</zone>
          </city> 
          <city name="Narrogin">
               <zone>10$117.183$-32.9333</zone>
          </city> 
          <city name="Newman">
               <zone>10$119.733$-23.35</zone>
          </city> 
          <city name="Norseman">
               <zone>10$121.783$-32.2</zone>
          </city> 
          <city name="Northam">
               <zone>10$116.667$-31.65</zone>
          </city> 
          <city name="Onslow">
               <zone>10$115.1$-21.65</zone>
          </city> 
          <city name="Paraburdoo">
               <zone>10$117.683$-23.2</zone>
          </city> 
          <city name="Perth">
               <zone>10$115.95$-31.9333</zone>
          </city> 
          <city name="Port Hedland">
               <zone>10$118.567$-20.3333</zone>
          </city> 
          <city name="Ravensthorpe">
               <zone>10$120.033$-33.5833</zone>
          </city> 
          <city name="Roebourne">
               <zone>10$117.15$-20.7667</zone>
          </city> 
          <city name="Tom Price">
               <zone>10$117.8$-22.7</zone>
          </city> 
          <city name="Wanneroo">
               <zone>10$115.8$-31.75</zone>
          </city> 
          <city name="Wyndham">
               <zone>10$128.117$-15.4833</zone>
          </city> 
     </country>
	  
          <country count="New Zealand">

          <city name="Antipodes Islands">
               <zone>13$178.783$-49.6667</zone>
          </city> 
          <city name="Auckland">
               <zone>13$174.8$-37.0167</zone>
          </city> 
          <city name="Auckland Islands">
               <zone>13$166$-50.75</zone>
          </city> 
          <city name="Bounty Islands">
               <zone>13$179.033$-47.75</zone>
          </city> 
          <city name="Campbell Islands">
               <zone>13$169.167$-52.5</zone>
          </city> 
          <city name="Christchurch">
               <zone>13$172.55$-43.4833</zone>
          </city> 
          <city name="Curtis Island">
               <zone>13$-178.567$-30.55</zone>
          </city> 
          <city name="Dunedin">
               <zone>13$170.2$-45.9333</zone>
          </city> 
          <city name="Gisborne">
               <zone>13$177.983$-38.6667</zone>
          </city> 
          <city name="Hokitika">
               <zone>13$170.983$-42.7167</zone>
          </city> 
          <city name="Invercargill">
               <zone>13$168.55$-46.7</zone>
          </city> 
          <city name="Kaikoura">
               <zone>13$173.7$-42.4167</zone>
          </city> 
          <city name="LEsperance Rock">
               <zone>13$-178.9$-31.4333</zone>
          </city> 
          <city name="Macauley Island">
               <zone>13$178.45$-30.25</zone>
          </city> 
          <city name="Manukau City">
               <zone>13$174.9$-37.0333</zone>
          </city> 
          <city name="Napier">
               <zone>13$176.917$-39.4833</zone>
          </city> 
          <city name="New Plymouth">
               <zone>13$174.183$-39.0167</zone>
          </city> 
          <city name="Owenga">
               <zone>13$-176.367$-44.0167</zone>
          </city> 
          <city name="Palmerston North">
               <zone>13$175.617$-40.3167</zone>
          </city> 
          <city name="Paraparaumu">
               <zone>13$174.983$-40.9</zone>
          </city> 
          <city name="Raoul Island">
               <zone>13$-177.917$-29.25</zone>
          </city> 
          <city name="Rotorua">
               <zone>13$176.317$-38.1167</zone>
          </city> 
          <city name="Tauranga">
               <zone>13$176.2$-37.6667</zone>
          </city> 
          <city name="Te Anau">
               <zone>13$167.717$-45.4167</zone>
          </city> 
          <city name="Waitangi">
               <zone>13$-176.567$-43.95</zone>
          </city> 
          <city name="Wanganui">
               <zone>13$175.05$-39.9333</zone>
          </city> 
          <city name="Wellington">
               <zone>13$174.8$-41.3333</zone>
          </city> 
     </country>	 
		  
		 
	
   </xml>