<?xml version="1.0"  encoding="UTF-8" ?>
<!-- List of countries for Europe -->
<xml>
	 <country count="ALBANIA">

          <city name="Tirana">
               <zone>1$19.7833$41.3333</zone>
          </city> 
     </country>
	 
     <country count="ARMENIA">

          <city name="Abovyan">
               <zone>4$44.7833$40.2667</zone>
          </city> 
          <city name="Akhuryan">
               <zone>4$44.6333$40.2667</zone>
          </city> 
          <city name="Ararat">
               <zone>4$44.6833$39.8333</zone>
          </city> 
          <city name="Etchmiadzin">
               <zone>4$44.2833$40.15</zone>
          </city> 
          <city name="Gyumri">
               <zone>4$43.8333$40.7667</zone>
          </city> 
          <city name="Kapan">
               <zone>4$46.4$39.2</zone>
          </city> 
          <city name="Sevan">
               <zone>4$44.95$40.55</zone>
          </city> 
          <city name="Vanadzor">
               <zone>4$44.4833$40.8</zone>
          </city> 
          <city name="Yerevan">
               <zone>4$44.4667$40.1333</zone>
          </city> 
     </country>
	 
     <country count="AUSTRIA">

          <city name="Bad Vöslau">
               <zone>1$16.25$47.95</zone>
          </city> 
          <city name="Bregenz">
               <zone>1$9.76667$47.5</zone>
          </city> 
          <city name="Feldkirch">
               <zone>1$9.6$47.2333</zone>
          </city> 
          <city name="Freistadt">
               <zone>1$14.4$48.5</zone>
          </city> 
          <city name="Graz">
               <zone>1$15.4333$47</zone>
          </city> 
          <city name="Hoersching (Hörsching)">
               <zone>1$14.1833$48.2333</zone>
          </city> 
          <city name="Innsbruck">
               <zone>1$11.35$47.2667</zone>
          </city> 
          <city name="Klagenfurt">
               <zone>1$14.3333$46.65</zone>
          </city> 
          <city name="Krems an der Donau">
               <zone>1$15.6333$48.4333</zone>
          </city> 
          <city name="Linz">
               <zone>1$14.3$48.3</zone>
          </city> 
          <city name="Salzburg">
               <zone>1$13$47.8</zone>
          </city> 
          <city name="Schwaz">
               <zone>1$11.7$47.3333</zone>
          </city> 
          <city name="Steyrermühl">
               <zone>1$13.8$47.9833</zone>
          </city> 
          <city name="Tulln">
               <zone>1$16.1167$48.3167</zone>
          </city> 
          <city name="Vienna">
               <zone>1$16.5667$48.1167</zone>
          </city> 
          <city name="Villach">
               <zone>1$13.8333$46.6</zone>
          </city> 
          <city name="Wels">
               <zone>1$14.0333$48.1667</zone>
          </city> 
          <city name="Wiener Neustadt">
               <zone>1$16.25$47.8333</zone>
          </city> 
          <city name="Zell Am See">
               <zone>1$12.7833$47.2833</zone>
          </city> 
          <city name="Zeltweg">
               <zone>1$14.75$47.2</zone>
          </city> 
     </country>
	 
     <country count="BELARUS">

          <city name="Babruysk">
               <zone>2$29.2333$53.15</zone>
          </city> 
          <city name="Brest">
               <zone>2$23.8833$52.1</zone>
          </city> 
          <city name="Dzyarzhynsk (Dzerzhinsk)">
               <zone>2$27.1$53.6667</zone>
          </city> 
          <city name="Homel’ (Gomel’)">
               <zone>2$31.0167$52.5167</zone>
          </city> 
          <city name="Hrodna (Grodna)">
               <zone>2$23.8333$53.6833</zone>
          </city> 
          <city name="Minsk">
               <zone>2$27.6333$53.9333</zone>
          </city> 
          <city name="Mogilev (Mahilyow)">
               <zone>2$30.35$53.9</zone>
          </city> 
          <city name="Navapolatsk">
               <zone>2$28.65$55.5333</zone>
          </city> 
          <city name="Polotsk">
               <zone>2$28.7667$55.5167</zone>
          </city> 
          <city name="Smolevichi">
               <zone>2$28.0833$54.0333</zone>
          </city> 
          <city name="Vitsyebsk">
               <zone>2$30.2167$55.1667</zone>
          </city> 
          <city name="Zhlobin">
               <zone>2$30.0167$52.9167</zone>
          </city> 
     </country>
	 
     <country count="BELGIUM">

          <city name="Aarschot">
               <zone>1$4.83333$50.9833</zone>
          </city> 
          <city name="Antwerp (Antwerpen)">
               <zone>1$4.46667$51.2</zone>
          </city> 
          <city name="Beauvechain">
               <zone>1$4.76667$50.75</zone>
          </city> 
          <city name="Berchem">
               <zone>1$4.43333$51.2</zone>
          </city> 
          <city name="Bertrix">
               <zone>1$5.21667$49.9</zone>
          </city> 
          <city name="Beveren">
               <zone>1$4.25$51.2167</zone>
          </city> 
          <city name="Bierset">
               <zone>1$5.45$50.65</zone>
          </city> 
          <city name="Brasschaat">
               <zone>1$4.5$51.3333</zone>
          </city> 
          <city name="Bruges (Brugge)">
               <zone>1$3.23333$51.2167</zone>
          </city> 
          <city name="Brussels (Bruxelles)">
               <zone>1$4.53333$50.75</zone>
          </city> 
          <city name="Charleroi">
               <zone>1$4.45$50.4667</zone>
          </city> 
          <city name="Chièvres">
               <zone>1$3.83333$50.5667</zone>
          </city> 
          <city name="Ekeren">
               <zone>1$4.41667$51.2833</zone>
          </city> 
          <city name="Elsenborn">
               <zone>1$6.18333$50.4667</zone>
          </city> 
          <city name="Florennes">
               <zone>1$4.65$50.2333</zone>
          </city> 
          <city name="Genk">
               <zone>1$5.5$50.9333</zone>
          </city> 
          <city name="Ghent">
               <zone>1$3.81667$51.1833</zone>
          </city> 
          <city name="Halle">
               <zone>1$4.21667$50.7333</zone>
          </city> 
          <city name="Hasselt">
               <zone>1$5.33333$50.9333</zone>
          </city> 
          <city name="Heist–op–den–Berg">
               <zone>1$4.71667$51.0833</zone>
          </city> 
          <city name="Herent">
               <zone>1$4.66667$50.9</zone>
          </city> 
          <city name="Kapellen">
               <zone>1$4.43333$51.3167</zone>
          </city> 
          <city name="Knokke–Heist">
               <zone>1$3.28333$51.35</zone>
          </city> 
          <city name="Koksijde">
               <zone>1$2.65$51.0833</zone>
          </city> 
          <city name="Leuven">
               <zone>1$4.7$50.8833</zone>
          </city> 
          <city name="Liège">
               <zone>1$5.56667$50.6333</zone>
          </city> 
          <city name="Melsbroek">
               <zone>1$4.5$51.75</zone>
          </city> 
          <city name="Mol">
               <zone>1$5.1$51.1833</zone>
          </city> 
          <city name="Oostende (Ostend)">
               <zone>1$2.86667$51.2</zone>
          </city> 
          <city name="Oud–Turnhout">
               <zone>1$4.98333$51.3167</zone>
          </city> 
          <city name="Overijse">
               <zone>1$4.53333$50.7667</zone>
          </city> 
          <city name="Peer (Kleine Brogel)">
               <zone>1$5.46667$51.1333</zone>
          </city> 
          <city name="Saint–Hubert">
               <zone>1$5.4$50.0333</zone>
          </city> 
          <city name="Sint–Truiden">
               <zone>1$5.2$50.8</zone>
          </city> 
          <city name="Virton">
               <zone>1$5.53333$49.5667</zone>
          </city> 
          <city name="Watermael–Boitsfort (Watermaal–Boschvoorde)">
               <zone>1$4.4$50.8</zone>
          </city> 
          <city name="Weelde">
               <zone>1$5$51.4167</zone>
          </city> 
          <city name="Zaventem">
               <zone>1$4.48333$50.9</zone>
          </city> 
     </country>
	 
	 <country count="BOSNIA AND HERZEGOVINA">

          <city name="Banja Luka">
               <zone>1$17.2167$44.7833</zone>
          </city> 
          <city name="Bihać">
               <zone>1$15.8833$44.8167</zone>
          </city> 
          <city name="Bijeljina">
               <zone>1$19.2167$44.75</zone>
          </city> 
          <city name="Mostar">
               <zone>1$17.8$43.35</zone>
          </city> 
          <city name="Sarajevo">
               <zone>1$18.3333$43.8167</zone>
          </city> 
          <city name="Tuzla">
               <zone>1$18.7$44.55</zone>
          </city> 
     </country>
	 
     <country count="BULGARIA">

          <city name="Burgas">
               <zone>2$27.4833$42.4833</zone>
          </city> 
          <city name="Dobrich">
               <zone>2$27.8333$43.5667</zone>
          </city> 
          <city name="Gorna Oryakhovitsa (Gorna Orekhovitsa)">
               <zone>2$25.6$43.15</zone>
          </city> 
          <city name="Haskovo">
               <zone>2$25.55$41.9333</zone>
          </city> 
          <city name="Kardzhali (Kurdzhali)">
               <zone>2$25.3667$41.65</zone>
          </city> 
          <city name="Lom">
               <zone>2$23.2333$43.8167</zone>
          </city> 
          <city name="Lovech">
               <zone>2$24.7167$43.1333</zone>
          </city> 
          <city name="Montana">
               <zone>2$23.25$43.4333</zone>
          </city> 
          <city name="Pleven">
               <zone>2$24.6167$43.4167</zone>
          </city> 
          <city name="Plovdiv">
               <zone>2$24.75$42.1333</zone>
          </city> 
          <city name="Razgrad">
               <zone>2$26.5167$43.5333</zone>
          </city> 
          <city name="Ruse">
               <zone>2$25.95$43.85</zone>
          </city> 
          <city name="Sliven">
               <zone>2$26.3167$42.6667</zone>
          </city> 
          <city name="Sofia">
               <zone>2$23.3833$42.65</zone>
          </city> 
          <city name="Stara Zagora">
               <zone>2$25.6333$42.4167</zone>
          </city> 
          <city name="Varna">
               <zone>2$27.9167$43.2</zone>
          </city> 
          <city name="Yambol">
               <zone>2$26.5$42.4833</zone>
          </city> 
     </country>

     <country count="CROATIA">

          <city name="Dubrovnik">
               <zone>1$18.2667$42.5667</zone>
          </city> 
          <city name="Hvar">
               <zone>1$16.45$43.1667</zone>
          </city> 
          <city name="Mali Lošinj">
               <zone>1$14.4667$44.5333</zone>
          </city> 
          <city name="Osijek">
               <zone>1$18.6833$45.55</zone>
          </city> 
          <city name="Pula">
               <zone>1$13.9167$45.9</zone>
          </city> 
          <city name="Rijeka">
               <zone>1$14.4167$45.3333</zone>
          </city> 
          <city name="Šibenik">
               <zone>1$15.9$43.7333</zone>
          </city> 
          <city name="Slavonski Brod">
               <zone>1$18$45.1667</zone>
          </city> 
          <city name="Split">
               <zone>1$16.3$43.5333</zone>
          </city> 
          <city name="Varaždin">
               <zone>1$16.3833$46.3</zone>
          </city> 
          <city name="Zadar">
               <zone>1$15.35$44.1</zone>
          </city> 
          <city name="Zagreb">
               <zone>1$15.9833$45.8</zone>
          </city> 
     </country>

     <country count="CYPRUS">

          <city name="Famagusta">
               <zone>2$33.95$35.1167</zone>
          </city> 
          <city name="Kyrenia (Kérynia)">
               <zone>2$33.3167$35.3333</zone>
          </city> 
          <city name="Larnaca">
               <zone>2$33.6333$34.8833</zone>
          </city> 
          <city name="Limassol (Lemesós)">
               <zone>2$33.0333$34.6667</zone>
          </city> 
          <city name="Nicosia">
               <zone>2$33.3667$35.1667</zone>
          </city> 
     </country>

     <country count="CZECH REPUBLIC">

          <city name="Brno">
               <zone>1$16.7$49.15</zone>
          </city> 
          <city name="Ceske Budejovice (České Budějovice)">
               <zone>1$14.4667$48.9833</zone>
          </city> 
          <city name="Děčín">
               <zone>1$14.2167$50.8</zone>
          </city> 
          <city name="Holešov">
               <zone>1$17.5667$49.3167</zone>
          </city> 
          <city name="Hradec Králové">
               <zone>1$15.8333$50.2</zone>
          </city> 
          <city name="Jihlava">
               <zone>1$15.6$49.4</zone>
          </city> 
          <city name="Karlovy Vary">
               <zone>1$12.9167$50.2</zone>
          </city> 
          <city name="Liberec">
               <zone>1$15.05$50.7667</zone>
          </city> 
          <city name="Olomouc">
               <zone>1$17.2667$49.6</zone>
          </city> 
          <city name="Ostrava">
               <zone>1$18.1167$49.6833</zone>
          </city> 
          <city name="Pardubice">
               <zone>1$15.7833$50.0333</zone>
          </city> 
          <city name="Plzeň">
               <zone>1$13.3833$49.75</zone>
          </city> 
          <city name="Prague">
               <zone>1$14.25$50.1</zone>
          </city> 
          <city name="Ústí nad Labem">
               <zone>1$14.0333$50.6667</zone>
          </city> 
          <city name="Zlín">
               <zone>1$17.6833$49.2167</zone>
          </city> 
     </country>

     <country count="DENMARK">

          <city name="Aalborg (Ålborg)">
               <zone>1$9.85$57.1</zone>
          </city> 
          <city name="Aarhus (Århus)">
               <zone>1$10.1667$56.1667</zone>
          </city> 
          <city name="Anholt Island">
               <zone>1$11.55$56.7</zone>
          </city> 
          <city name="Billund">
               <zone>1$9.16667$55.7333</zone>
          </city> 
          <city name="Copenhagen">
               <zone>1$12.65$55.6167</zone>
          </city> 
          <city name="Esbjerg">
               <zone>1$8.56667$55.5333</zone>
          </city> 
          <city name="Haderslev">
               <zone>1$9.5$55.25</zone>
          </city> 
          <city name="Hadsund">
               <zone>1$10.1167$56.7167</zone>
          </city> 
          <city name="Hjørring">
               <zone>1$10$57.4833</zone>
          </city> 
          <city name="Jyllinge">
               <zone>1$12.0833$55.75</zone>
          </city> 
          <city name="Karup">
               <zone>1$9.11667$56.3</zone>
          </city> 
          <city name="Kolding">
               <zone>1$9.33333$55.4333</zone>
          </city> 
          <city name="Lemvig">
               <zone>1$8.25$56.5167</zone>
          </city> 
          <city name="Nakskov">
               <zone>1$11.1667$54.8667</zone>
          </city> 
          <city name="Nykøbing">
               <zone>1$11.8833$54.7667</zone>
          </city> 
          <city name="Odense">
               <zone>1$10.3333$55.4833</zone>
          </city> 
          <city name="Ringkøbing">
               <zone>1$8.25$56.0833</zone>
          </city> 
          <city name="Roskilde">
               <zone>1$12.1333$55.5833</zone>
          </city> 
          <city name="Rønne">
               <zone>1$14.75$55.0667</zone>
          </city> 
          <city name="Skive">
               <zone>1$9.16667$56.55</zone>
          </city> 
          <city name="Sønderborg">
               <zone>1$9.78333$54.9667</zone>
          </city> 
          <city name="Svendborg">
               <zone>1$10.5667$55.0167</zone>
          </city> 
          <city name="Thisted">
               <zone>1$8.71667$56.65</zone>
          </city> 
          <city name="Vejle">
               <zone>1$9.51667$55.7</zone>
          </city> 
          <city name="Vordingborg">
               <zone>1$11.9167$55.0167</zone>
          </city> 
          <city name="Vrå">
               <zone>1$9.93333$57.35</zone>
          </city> 
     </country>

	 <country count="FRANCE">
	 
	      <city name="Agen">
               <zone>1$0.6120948$44.2014910</zone>
          </city>
		  <city name="Aix-en-Provence">
               <zone>1$5.4541444$43.5249088</zone>
          </city>
          <city name="Ajaccio">
               <zone>1$8.7368794$41.9186476</zone>
          </city> 
          <city name="Albi">
               <zone>1$2.1482549$43.9274238</zone>
          </city>
          <city name="Alès">
               <zone>1$4.0790267$44.1273966</zone>
          </city>	
          <city name="Alfortville">
               <zone>1$2.4233189$48.7986825</zone>
          </city>
          <city name="Amiens">
               <zone>1$2.2942436$49.8939183</zone>
          </city>
          <city name="Angers">
               <zone>1$-0.5490731$47.4694707</zone>
          </city> 
          <city name="Anglet">
               <zone>1$-1.5156389$43.4803326</zone>
          </city>
          <city name="Angoulême">
               <zone>1$0.1609242$45.6483401</zone>
          </city>		  
          <city name="Annecy">
               <zone>1$6.1284548$45.8996243</zone>
          </city>
          <city name="Antibes">
               <zone>1$7.1208723$43.5807219</zone>
          </city>
          <city name="Antony">
               <zone>1$2.2971119$48.7536648</zone>
          </city>
          <city name="Argenteuil">
               <zone>1$2.2509599$48.9442517</zone>
          </city>
          <city name="Arles">
               <zone>1$4.6278039$43.6766511</zone>
          </city>	
          <city name="Arras">
               <zone>1$50.2930094$2.7817826</zone>
          </city>
          <city name="Asnières-sur-Seine">
               <zone>1$2.2835459$48.9181753</zone>
          </city>
          <city name="Athis-Mons">
               <zone>1$2.3821224$48.7087149</zone>
          </city>
          <city name="Aubagne">
               <zone>1$43.2932531$5.5702808</zone>
          </city>
          <city name="Aubervilliers">
               <zone>1$2.3812071$48.9148234</zone>
          </city>
          <city name="Aulnay-sous-Bois">
               <zone>1$2.5022464$48.9402158</zone>
          </city> 
          <city name="Auxerre">
               <zone>1$3.5744043$47.7982909</zone>
          </city>
          <city name="Avignon">
               <zone>1$4.8059666$43.9486126</zone>
          </city> 	
          <city name="Bagneux">
               <zone>1$2.3137026$48.7978979</zone>
          </city> 	
          <city name="Bagnolet">
               <zone>1$2.4177083$48.8687112</zone>
          </city>
          <city name="Bastia">
               <zone>1$9.4507475$42.7021365</zone>
          </city>
          <city name="Bayonne">
               <zone>1$-1.4750862$43.4928451</zone>
          </city>
          <city name="Beauvais">
               <zone>1$2.0810689$49.4292901</zone>
          </city> 
          <city name="Belfort">
               <zone>1$6.9207716$47.5946573</zone>
          </city>
          <city name="Besançon">
               <zone>1$6.0255656$47.2412254</zone>
          </city>
          <city name="Béziers">
               <zone>1$3.2178160$43.3416292</zone>
          </city>
          <city name="Blois">
               <zone>1$1.3300966$47.5859427</zone>
          </city>	
          <city name="Bobigny">
               <zone>1$2.4404611$48.9064281</zone>
          </city>
          <city name="Bondy">
               <zone>1$2.4826330$48.9021604</zone>
          </city>	
          <city name="Bordeaux">
               <zone>1$-0.5761440$44.8373682</zone>
          </city>
          <city name="Boulogne-Billancourt">
               <zone>1$2.2433300$48.8338029</zone>
          </city> 
          <city name="Boulogne-sur-Mer">
               <zone>1$1.6148833$50.7256046</zone>
          </city>
          <city name="Bourg-en-Bresse">
               <zone>1$5.2255015$46.2048263</zone>
          </city>
          <city name="Bourges">
               <zone>1$2.3965788$47.0828920</zone>
          </city>
          <city name="Brest">
               <zone>1$-4.4869013$48.3906042</zone>
          </city>
          <city name="Brive-la-Gaillarde">
               <zone>1$1.5326345$45.1586107</zone>
          </city>	
          <city name="Bron">
               <zone>1$4.9087158$45.7334488</zone>
          </city>
          <city name="Caen">
               <zone>1$-0.3602696$49.1846666</zone>
          </city> 
          <city name="Cagnes-sur-Mer">
               <zone>1$7.1494817$43.6625119</zone>
          </city>
          <city name="Calais">
               <zone>1$1.8524129$50.9580293</zone>
          </city>
          <city name="Caluire-et-Cuire">
               <zone>1$4.8423798$45.7962888</zone>
          </city>
          <city name="Cambrai">
               <zone>1$3.2343689$50.1753508</zone>
          </city>
          <city name="Cannes">
               <zone>1$7.0105410$43.5508939</zone>
          </city> 	
          <city name="Carcassonne">
               <zone>1$2.3560999$43.2126053</zone>
          </city> 
          <city name="Castres">
               <zone>1$2.2410075$43.6052913</zone>
          </city>
          <city name="Cergy">
               <zone>1$2.0388296$49.0525005</zone>
          </city>
          <city name="Châlons-en-Champagne">
               <zone>1$4.3636422$48.9552161</zone>
          </city> 
          <city name="Chalon-sur-Saône">
               <zone>1$4.8529482$46.7842185</zone>
          </city>
          <city name="Chambéry">
               <zone>1$5.9209874$45.5667045</zone>
          </city>  
          <city name="Champigny-sur-Marne">
               <zone>1$2.4970468$48.8172586</zone>
          </city>
          <city name="Charleville-Mézières">
               <zone>1$4.7202099$49.7736086</zone>
          </city>
          <city name="Chartres">
               <zone>1$4.7202099$49.7736086</zone>
          </city>
          <city name="Châteauroux">
               <zone>1$1.6918180$46.8082146</zone>
          </city>	
          <city name="Châtellerault">
               <zone>1$0.5445095$46.8216680</zone>
          </city>
          <city name="Châtenay-Malabry">
               <zone>1$2.2607524$48.7661360</zone>
          </city>
          <city name="Châtillon">
               <zone>1$2.2857444$48.7998605</zone>
          </city>
          <city name="Chatou">
               <zone>1$2.1560853$48.8899119</zone>
          </city>
          <city name="Chelles">
               <zone>1$2.5938358$48.8807277</zone>
          </city>
          <city name="Cherbourg-Octeville">
               <zone>1$-1.6142407$49.6386687</zone>
          </city>	
          <city name="Choisy-le-Roi">
               <zone>1$2.4144141$48.7668089</zone>
          </city>
          <city name="Cholet">
               <zone>1$-0.8791206$47.0579466</zone>
          </city>
          <city name="Clamart">
               <zone>1$2.2624685$48.7991176</zone>
          </city>
          <city name="Clermont-Ferrand">
               <zone>1$3.0824177$45.7771681</zone>
          </city>
          <city name="Clichy">
               <zone>1$2.3040927$48.9026596</zone>
          </city> 
          <city name="Colmar">
               <zone>1$7.3599721$48.0806788</zone>
          </city>
          <city name="Colombes">
               <zone>1$2.2549454$48.9230455</zone>
          </city>
          <city name="Colomiers">
               <zone>1$1.3328430$43.6124652</zone>
          </city>
          <city name="Compiègne">
               <zone>1$2.8224798$49.4157703</zone>
          </city>
          <city name="Conflans-Sainte-Honorine">
               <zone>1$2.0932643$48.9926864</zone>
          </city>
          <city name="Corbeil-Essonnes">
               <zone>1$2.4792950$48.6110575</zone>
          </city>
          <city name="Courbevoie">
               <zone>1$2.2565406$48.8968232</zone>
          </city>
          <city name="Creil">
               <zone>1$2.4752386$49.2599405</zone>
          </city>
          <city name="Créteil">
               <zone>1$2.4526276$48.7896130</zone>
          </city>
          <city name="Dieppe">
               <zone>1$1.0878689$49.9274925</zone>
          </city>
          <city name="Dijon">
               <zone>1$5.0439875$47.3272130</zone>
          </city> 
          <city name="Douai">
               <zone>1$3.0824945$50.3675367</zone>
          </city> 
          <city name="Draguignan">
               <zone>1$6.4647315$43.5410942</zone>
          </city>
          <city name="Drancy">
               <zone>1$2.4514801$48.9197923</zone>
          </city>	
          <city name="Dreux">
               <zone>1$1.3611904$48.7382780</zone>
          </city>
          <city name="Dunkerque">
               <zone>1$2.3768199$51.0342918</zone>
          </city> 
          <city name="Échirolles">
               <zone>1$5.7192372$45.1397974</zone>
          </city>	
          <city name="Épinal">
               <zone>1$6.4499833$48.1747751</zone>
          </city>	
          <city name="Épinay-sur-Seine">
               <zone>1$2.3127169$48.9532388</zone>
          </city>
          <city name="Évreux">
               <zone>1$1.1511090$49.0245289</zone>
          </city>	
          <city name="Évry">
               <zone>1$2.4308508$48.6247447</zone>
          </city>
          <city name="Fontenay-sous-Bois">
               <zone>1$2.4743446$48.8512107</zone>
          </city> 
          <city name="Franconville">
               <zone>1$2.2285520$48.9835246</zone>
          </city> 
          <city name="Fréjus">
               <zone>1$6.7351796$43.4324683</zone>
          </city> 
          <city name="Gagny">
               <zone>1$2.5348717$48.8827541</zone>
          </city> 
          <city name="Gap">
               <zone>1$6.0759012$44.5599012</zone>
          </city> 
          <city name="Garges-lès-Gonesse">
               <zone>1$2.3982078$48.9732985</zone>
          </city> 
          <city name="Gennevilliers">
               <zone>1$2.2992742$48.9334846</zone>
          </city> 
          <city name="Goussainville">
               <zone>1$2.4715933$49.0324849</zone>
          </city> 
          <city name="Grasse">
               <zone>1$6.9235466$43.6585548</zone>
          </city>
          <city name="Grenoble">
               <zone>1$5.7316335$45.1942765</zone>
          </city> 		  
          <city name="Grigny">
               <zone>1$2.3872508$48.6551482</zone>
          </city> 
          <city name="Haguenau">
               <zone>1$7.7914747$48.8204102</zone>
          </city> 
          <city name="Houilles">
               <zone>1$2.1874651$48.9262233</zone>
          </city>
          <city name="Hyères">
               <zone>1$6.1285768$43.1198686</zone>
          </city>
          <city name="Issy-les-Moulineaux">
               <zone>1$2.2733936$48.8230697</zone>
          </city> 		  
          <city name="Istres">
               <zone>1$4.9877661$43.5126731</zone>
          </city>
          <city name="Ivry-Sur-Seine">
               <zone>1$2.3746466$48.8078090</zone>
          </city> 		  
          <city name="Joué-lès-Tours">
               <zone>1$0.6609138$47.3441209</zone>
          </city> 
          <city name="La Ciotat">
               <zone>1$5.6042904$43.1740354</zone>
          </city> 
          <city name="La Courneuve">
               <zone>1$2.3865673$48.9292054</zone>
          </city> 
          <city name="La Ferté-sous-Jouarre">
               <zone>1$3.1258680$48.9494552</zone>
          </city>
          <city name="La Rochelle">
               <zone>1$-1.1774721$46.1600767</zone>
          </city> 		  
          <city name="La Roche-sur-Yon">
               <zone>1$-1.4187210$46.6693784</zone>
          </city>
          <city name="La Seyne-sur-Mer">
               <zone>1$5.8828611$43.0944682</zone>
          </city> 		  
          <city name="Laval">
               <zone>1$-73.7449650$45.5775240</zone>
          </city> 
          <city name="Le Blanc-Mesnil">
               <zone>1$2.4604880$48.9383237</zone>
          </city> 
          <city name="Le Cannet">
               <zone>1$7.0195337$43.5762314</zone>
          </city>
          <city name="Le Havre">
               <zone>1$0.1065027$49.4925909</zone>
          </city>
          <city name="Le Mans">
               <zone>1$0.1985787$48.0077158</zone>
          </city> 		  
          <city name="Le Perreux-sur-Marne">
               <zone>1$2.5078529$48.8396826</zone>
          </city> 
          <city name="Lens">
               <zone>1$2.8279951$50.4330347</zone>
          </city> 
          <city name="Les Mureaux">
               <zone>1$1.9072351$48.9926209</zone>
          </city>
          <city name="Levallois-Perret">
               <zone>1$2.2883190$48.8943115</zone>
          </city>		  
          <city name="Liévin">
               <zone>1$2.7796098$50.4202751</zone>
          </city>
          <city name="Lille">
               <zone>1$3.0630174$50.6371834</zone>
          </city>
          <city name="Limoges">
               <zone>1$1.2617460$45.8285215</zone>
          </city>		  
          <city name="Livry-Gargan">
               <zone>1$2.5315429$48.9165569</zone>
          </city>
          <city name="Lorient">
               <zone>1$-3.3672637$47.7505991</zone>
          </city>
          <city name="Lyon">
               <zone>1$4.8343287$45.7672990</zone>
          </city> 		  
          <city name="Mâcon">
               <zone>1$4.8291874$46.3063240</zone>
          </city> 
          <city name="Maisons-Alfort">
               <zone>1$2.4407919$48.8057435</zone>
          </city> 
          <city name="Malakoff">
               <zone>1$2.2879064$48.8145155</zone>
          </city> 
          <city name="Mantes-la-Jolie">
               <zone>1$1.7193638$48.9903564</zone>
          </city> 
          <city name="Marcq-en-Barœul">
               <zone>1$3.1044691$50.6655390</zone>
          </city> 
          <city name="Marignane">
               <zone>1$5.2140930$43.4160467</zone>
          </city>
          <city name="Marseille">
               <zone>1$5.3810421$43.2976116</zone>
          </city> 		  
          <city name="Martigues">
               <zone>1$5.0548299$43.4074625</zone>
          </city>
          <city name="Massy">
               <zone>1$2.2727484$48.7303091</zone>
          </city> 
          <city name="Maubeuge">
               <zone>1$3.9728155$50.2787027</zone>
          </city>
          <city name="Meaux">
               <zone>1$2.9102473$48.9537064</zone>
          </city>
          <city name="Melun">
               <zone>1$2.6602930$48.5414567</zone>
          </city>
          <city name="Mérignac">
               <zone>1$-0.6477955$44.8417671</zone>
          </city> 
          <city name="Metz">
               <zone>1$6.1726955$49.1161273</zone>
          </city>		  
          <city name="Meudon">
               <zone>1$2.2381535$48.8123155</zone>
          </city>
          <city name="Montauban">
               <zone>1$1.3589145$44.0175746</zone>
          </city> 		  
          <city name="Mont-de-Marsan">
               <zone>1$-0.4979027$43.8909703</zone>
          </city> 
          <city name="Montélimar">
               <zone>1$4.7509303$44.5586878</zone>
          </city> 
          <city name="Montigny-le-Bretonneux">
               <zone>1$2.0341284$48.7696643</zone>
          </city> 
          <city name="Montluçon">
               <zone>1$2.6075691$46.3423938</zone>
          </city>
          <city name="Montpellier">
               <zone>1$3.8794455$43.6081760</zone>
          </city>
          <city name="Montreuil">
               <zone>1$2.4368062$48.8582468</zone>
          </city> 		  
          <city name="Montrouge">
               <zone>1$2.3196203$48.8185138</zone>
          </city>
          <city name="Mulhouse">
               <zone>1$7.3397806$47.7494919</zone>
          </city>
          <city name="Nancy">
               <zone>1$6.1477722$48.7023657</zone>
          </city>
          <city name="Nantes">
               <zone>1$-1.5567445$47.2168424</zone>
          </city>   		  
          <city name="Narbonne">
               <zone>1$3.0041924$43.1835662</zone>
          </city> 
          <city name="Neuilly-sur-Marne">
               <zone>1$2.5291997$48.8569931</zone>
          </city>
          <city name="Neuilly-sur-Seine">
               <zone>1$2.2725205$48.8836306</zone>
          </city> 		  
          <city name="Nevers">
               <zone>1$3.1616028$46.9871775</zone>
          </city> 
		  <city name="Nice">
               <zone>1$7.2662656$43.7034273</zone>
          </city> 
          <city name="Nîmes">
               <zone>1$4.3608637$43.8345900</zone>
          </city>
          <city name="Niort">
               <zone>1$-0.4575836$46.3238567</zone>
          </city>  		  
          <city name="Nogent-sur-Marne">
               <zone>1$2.4879699$48.8371003</zone>
          </city> 
          <city name="Noisy-le-Grand">
               <zone>1$2.5527550$48.8477982</zone>
          </city> 		  
          <city name="Noisy-le-Sec">
               <zone>1$2.4529977$48.8902236</zone>
          </city> 
          <city name="Orange">
               <zone>1$4.8050066$44.1366433</zone>
          </city>
          <city name="Orléans">
               <zone>1$1.9039759$47.9013866</zone>
          </city>		  
          <city name="Palaiseau">
               <zone>1$2.2335710$48.7189343</zone>
          </city> 
          <city name="Pantin">
               <zone>1$2.4128004$48.8931150</zone>
          </city>
          <city name="Paris">
               <zone>1$2.3333$48.8667</zone>
          </city>
          <city name="Pau">
               <zone>1$-0.3743618$43.2975210</zone>
          </city>
          <city name="Perpignan">
               <zone>1$2.8941503$42.7015739</zone>
          </city>
          <city name="Pessac">
               <zone>1$-0.6316784$44.8037499</zone>
          </city>		  
          <city name="Plaisir">
               <zone>1$1.9481850$48.8169810</zone>
          </city> 
          <city name="Poissy">
               <zone>1$2.0417972$48.9286101</zone>
          </city>
          <city name="Poitiers">
               <zone>1$0.3426479$46.5869855</zone>
          </city>		  
          <city name="Pontault-Combault">
               <zone>1$2.6068387$48.8009100</zone>
          </city> 
          <city name="Puteaux">
               <zone>1$2.2376220$48.8832883</zone>
          </city>
          <city name="Quimper">
               <zone>1$-4.0999223$47.9959505</zone>
          </city>
          <city name="Reims">
               <zone>1$4.0330909$49.2566023</zone>
          </city>
          <city name="Rennes">
               <zone>1$-1.6802654$48.1117611</zone>
          </city>  		  
          <city name="Rezé">
               <zone>1$-1.5460755$47.1847391</zone>
          </city> 
          <city name="Rillieux-la-Pape">
               <zone>1$4.8968680$45.8206790</zone>
          </city> 
          <city name="Roanne">
               <zone>1$4.0718684$46.0391817</zone>
          </city> 
          <city name="Romainville">
               <zone>1$2.4339995$48.8850363</zone>
          </city> 
          <city name="Romans-sur-Isère">
               <zone>1$5.0554185$45.0466519</zone>
          </city> 
          <city name="Rosny-sous-Bois">
               <zone>1$2.4825393$48.8742559</zone>
          </city>
          <city name="Roubaix">
               <zone>1$3.1732050$50.6912705</zone>
          </city>
          <city name="Rouen">
               <zone>1$1.0984924$49.4423668</zone>
          </city> 
          <city name="Rueil-Malmaison">
               <zone>1$2.1791329$48.8773946</zone>
          </city>  		  
          <city name="Saint-Brieuc">
               <zone>1$-2.7626027$48.5139819</zone>
          </city> 
          <city name="Saint-Chamond">
               <zone>1$4.5088019$45.4752950</zone>
          </city>
          <city name="Saint-Denis">
               <zone>1$2.3648843$48.9360802</zone>
          </city>		  
          <city name="Sainte-Geneviève-des-Bois">
               <zone>1$2.3329316$48.6370341</zone>
          </city>
          <city name="Saint-Étienne">
               <zone>1$4.3878310$45.4396371</zone>
          </city> 		  
          <city name="Saint-Germain-en-Laye">
               <zone>1$2.0935950$48.8987307</zone>
          </city> 
          <city name="Saint-Herblain">
               <zone>1$-1.6388837$47.2144177</zone>
          </city> 
          <city name="Saint-Laurent-du-Var">
               <zone>1$7.1902731$43.6733839</zone>
          </city> 
          <city name="Saint-Louis">
               <zone>1$7.5395052$47.6099343</zone>
          </city>
          <city name="Saint-Malo">
               <zone>1$-2.0260898$48.6481785</zone>
          </city> 
          <city name="Saint-Martin-d'Hères">
               <zone>1$5.7682287$45.1645271</zone>
          </city>
          <city name="Saint-Maur-des-Fossés">
               <zone>1$2.5027580$48.7979032</zone>
          </city>
          <city name="Saint-Nazaire">
               <zone>1$-2.2137171$47.2743310</zone>
          </city> 		  
          <city name="Saint-Ouen">
               <zone>1$2.3318315$48.9060891</zone>
          </city> 
          <city name="Saint-Priest">
               <zone>1$4.9350503$45.6941612</zone>
          </city>
          <city name="Saint-Quentin">
               <zone>1$3.2882175$49.8481784</zone>
          </city> 		  
          <city name="Saint-Raphaël">
               <zone>1$6.7703771$43.4248792</zone>
          </city> 
          <city name="Salon-de-Provence">
               <zone>1$5.0866043$43.6405058</zone>
          </city>
          <city name="Sarcelles">
               <zone>1$2.3794640$48.9963082</zone>
          </city> 		  
          <city name="Sartrouville">
               <zone>1$2.1722769$48.9458246</zone>
          </city>
          <city name="Savigny-sur-Orge">
               <zone>1$2.3465839$48.6857442</zone>
          </city> 
          <city name="Schiltigheim">
               <zone>1$7.7491659$48.6067402</zone>
          </city> 
          <city name="Sète">
               <zone>1$3.6966051$43.4017031</zone>
          </city> 
          <city name="Sevran">
               <zone>1$2.5298352$48.9378339</zone>
          </city> 
          <city name="Six-Fours-les-Plages">
               <zone>1$5.8338203$43.0947652</zone>
          </city> 
          <city name="Sotteville-lès-Rouen">
               <zone>1$1.0915125$49.4146529</zone>
          </city> 
          <city name="Stains">
               <zone>1$2.3829805$48.9558058</zone>
          </city>
          <city name="Strasbourg">
               <zone>1$7.7437488$48.5829331</zone>
          </city> 		  
          <city name="Suresnes">
               <zone>1$2.2220992$48.8701394</zone>
          </city> 
          <city name="Talence">
               <zone>1$-0.5907387$44.8127241</zone>
          </city> 
          <city name="Tarbes">
               <zone>1$0.0741208$43.2328643</zone>
          </city> 
          <city name="Thionville">
               <zone>1$6.1685672$49.3571422</zone>
          </city> 
          <city name="Thonon-les-Bains">
               <zone>1$6.4782858$46.3732394</zone>
          </city>
          <city name="Toulon">
               <zone>1$5.9311119$43.1251606</zone>
          </city>
          <city name="Toulouse">
               <zone>1$1.4429513$43.6043630</zone>
          </city>
          <city name="Tourcoing">
               <zone>1$3.1595413$50.7225209</zone>
          </city>
          <city name="Tours">
               <zone>1$0.6888514$47.3902942</zone>
          </city>    		  
          <city name="Tremblay-en-France">
               <zone>1$2.5722202$2.5722202</zone>
          </city>
          <city name="Troyes">
               <zone>1$4.0748010$48.2974686</zone>
          </city>
          <city name="Valence">
               <zone>1$4.8899409$44.9299029</zone>
          </city> 		  
          <city name="Valenciennes">
               <zone>1$3.5232713$50.3577223</zone>
          </city> 
          <city name="Vallauris">
               <zone>1$7.0529705$43.5794984</zone>
          </city> 
          <city name="Vandœuvre-lès-Nancy">
               <zone>1$6.1731884$48.6592801</zone>
          </city> 
          <city name="Vannes">
               <zone>1$-2.7595206$47.6549032</zone>
          </city> 
          <city name="Vaulx-en-Velin">
               <zone>1$4.9187978$45.7776371</zone>
          </city>
          <city name="Vénissieux">
               <zone>1$4.8837927$45.6964750</zone>
          </city>
          <city name="Versailles">
               <zone>1$2.1298227$48.8023300</zone>
          </city>  		  
          <city name="Villefranche-sur-Saône">
               <zone>1$4.7187518$45.9898649</zone>
          </city> 
          <city name="Villejuif">
               <zone>1$2.3662483$48.7949315</zone>
          </city>
          <city name="Villeneuve-d'Ascq">
               <zone>1$3.1314977$50.6206973</zone>
          </city> 		  
          <city name="Villeneuve-Saint-Georges">
               <zone>1$2.4472761$48.7290257</zone>
          </city> 
          <city name="Villepinte">
               <zone>1$2.5451878$48.9576258</zone>
          </city>
          <city name="Villeurbanne">
               <zone>1$4.8803854$45.7647116</zone>
          </city>		  
          <city name="Vincennes">
               <zone>1$2.4335575$48.8451748</zone>
          </city> 
          <city name="Viry-Châtillon">
               <zone>1$2.3753342$48.6794431</zone>
          </city> 
          <city name="Vitrolles">
               <zone>1$5.2485256$43.4604256</zone>
          </city>
          <city name="Vitry-Sur-Seine">
               <zone>1$2.3893529$48.7894538</zone>
          </city>		  
          <city name="Wattrelos">
               <zone>1$3.2156461$50.7013216</zone>
          </city>		  
     </country>
          <country count="GEORGIA">

          <city name="Batumi (Batumi)">
               <zone>4$41.6333$41.6333</zone>
          </city> 
          <city name="Gurjaani">
               <zone>4$45.7$41.75</zone>
          </city> 
          <city name="Kutaisi (Kutaisi)">
               <zone>4$42.6667$42.25</zone>
          </city> 
          <city name="Poti">
               <zone>4$41.6667$42.15</zone>
          </city> 
          <city name="Rustavi">
               <zone>4$45.0333$41.55</zone>
          </city> 
          <city name="Sokhumi (Sukhum)">
               <zone>4$41.0333$43.0167</zone>
          </city> 
          <city name="Tbilisi">
               <zone>4$44.95$41.6833</zone>
          </city> 
          <city name="Tskhinvali">
               <zone>4$43.9333$42.2167</zone>
          </city> 
     </country>	 
     <country count="GERMANY">

          <city name="Achern">
               <zone>1$8.06667$48.6167</zone>
          </city> 
          <city name="Backnang">
               <zone>1$9.41667$48.9333</zone>
          </city> 
          <city name="Baden–Baden">
               <zone>1$8.23333$48.7667</zone>
          </city> 
		  <city name="Berlin">
               <zone>1$13.35$52.5</zone>
          </city>
          <city name="Bruchsal">
               <zone>1$8.58333$49.1167</zone>
          </city> 
          <city name="Ettlingen">
               <zone>1$8.4$48.9333</zone>
          </city> 
          <city name="Freiburg">
               <zone>1$7.85$47.9833</zone>
          </city> 
          <city name="Friedrichshafen">
               <zone>1$9.51667$47.6667</zone>
          </city> 
          <city name="Heidelberg">
               <zone>1$8.65$49.4</zone>
          </city> 
          <city name="Karlsruhe">
               <zone>1$8.06667$48.7667</zone>
          </city> 
          <city name="Kehl">
               <zone>1$7.83333$48.5833</zone>
          </city> 
          <city name="Konstanz">
               <zone>1$9.18333$47.6833</zone>
          </city> 
          <city name="Lahr">
               <zone>1$7.81667$48.3667</zone>
          </city> 
          <city name="Laupheim">
               <zone>1$9.91667$48.2167</zone>
          </city> 
          <city name="Mannheim">
               <zone>1$8.46667$49.5667</zone>
          </city> 
          <city name="Messstettin">
               <zone>1$9$48.1833</zone>
          </city> 
          <city name="Stuttgart">
               <zone>1$9.21667$48.6833</zone>
          </city> 
          <city name="Ansbach">
               <zone>1$10.6333$49.3167</zone>
          </city> 
          <city name="Aschaffenburg">
               <zone>1$9.15$49.9833</zone>
          </city> 
          <city name="Augsburg">
               <zone>1$10.9333$48.4333</zone>
          </city> 
          <city name="Bamberg">
               <zone>1$10.8833$49.8833</zone>
          </city> 
          <city name="Bayreuth">
               <zone>1$11.6333$49.9833</zone>
          </city> 
          <city name="Burghausen">
               <zone>1$12.8333$48.1667</zone>
          </city> 
          <city name="Dachau">
               <zone>1$11.45$48.25</zone>
          </city> 
          <city name="Eichstätt">
               <zone>1$11.1833$48.8833</zone>
          </city> 
          <city name="Erding">
               <zone>1$11.95$48.3167</zone>
          </city> 
          <city name="Erlangen">
               <zone>1$11.0167$49.6</zone>
          </city> 
          <city name="Fürstenfeldbruck">
               <zone>1$11.2667$48.2</zone>
          </city> 
          <city name="Fürth">
               <zone>1$10.3833$49.4667</zone>
          </city> 
          <city name="Grafenwöhr">
               <zone>1$11.95$49.7</zone>
          </city> 
          <city name="Hof">
               <zone>1$11.8833$50.3167</zone>
          </city> 
          <city name="Ingolstadt">
               <zone>1$11.5$48.5667</zone>
          </city> 
          <city name="Königsbrunn">
               <zone>1$10.8833$48.2667</zone>
          </city> 
          <city name="Landsberg">
               <zone>1$10.9$48.0667</zone>
          </city> 
          <city name="Memmingen">
               <zone>1$10.2333$47.9833</zone>
          </city> 
          <city name="Munich">
               <zone>1$11.7$48.1333</zone>
          </city> 
          <city name="Neuburg an der Donau">
               <zone>1$11.2167$48.7167</zone>
          </city> 
          <city name="Nuremberg">
               <zone>1$11.05$49.5</zone>
          </city> 
          <city name="Oberstdorf">
               <zone>1$10.2833$47.4167</zone>
          </city> 
          <city name="Peiting">
               <zone>1$10.8667$47.8333</zone>
          </city> 
          <city name="Regensburg">
               <zone>1$12.1$49.0167</zone>
          </city> 
          <city name="Roth">
               <zone>1$11.1$49.2167</zone>
          </city> 
          <city name="Unterhaching">
               <zone>1$11.2833$48.0833</zone>
          </city> 
          <city name="Würzburg">
               <zone>1$9.93333$49.8</zone>
          </city> 
          <city name="Zweibrücken">
               <zone>1$7.4$49.2</zone>
          </city>
		  <city name="Cottbus (Kottbus)">
               <zone>1$14.3$51.7667</zone>
          </city> 
          <city name="Potsdam">
               <zone>1$13.0667$52.4</zone>
          </city> 
          <city name="Spremberg">
               <zone>1$14.3667$51.5667</zone>
          </city> 
          <city name="Wittstock">
               <zone>1$12.5167$53.2</zone>
          </city> 
		  <city name="Bremen">
               <zone>1$8.8$53.05</zone>
          </city> 
          <city name="Bremerhaven">
               <zone>1$8.56667$53.55</zone>
          </city> 
		  <city name="Hamburg">
               <zone>1$10$53.6333</zone>
          </city> 
		   <city name="Darmstadt">
               <zone>1$8.66667$49.8833</zone>
          </city> 
          <city name="Dillingen">
               <zone>1$8.63333$50.2667</zone>
          </city> 
          <city name="Frankfurt">
               <zone>1$8.6$50.05</zone>
          </city> 
          <city name="Fritzlar">
               <zone>1$9.28333$51.1167</zone>
          </city> 
          <city name="Haiger">
               <zone>1$8.21667$50.7333</zone>
          </city> 
          <city name="Kassel">
               <zone>1$9.38333$51.4</zone>
          </city> 
          <city name="Offenbach">
               <zone>1$8.78333$50.1333</zone>
          </city> 
          <city name="Wiesbaden">
               <zone>1$8.23333$50.0833</zone>
          </city> 
		   <city name="Achim">
               <zone>1$9.03333$53</zone>
          </city> 
          <city name="Brunswiek">
               <zone>1$10.45$52.3</zone>
          </city> 
          <city name="Buxtehude">
               <zone>1$9.68333$52.6333</zone>
          </city> 
          <city name="Celle">
               <zone>1$10.0167$52.6</zone>
          </city> 
          <city name="Hanover">
               <zone>1$9.68333$52.4667</zone>
          </city> 
          <city name="Meppen">
               <zone>1$7.31667$52.7167</zone>
          </city> 
          <city name="Nordholz">
               <zone>1$8.6$53.7833</zone>
          </city> 
          <city name="Nordhorn">
               <zone>1$7.16667$52.45</zone>
          </city> 
          <city name="Oldenburg">
               <zone>1$8.21667$53.6333</zone>
          </city> 
          <city name="Osnabrück">
               <zone>1$8.03333$52.2667</zone>
          </city> 
          <city name="Wilhelmshaven">
               <zone>1$8.13333$53.5167</zone>
          </city> 
          <city name="Wittmund">
               <zone>1$7.66667$53.55</zone>
          </city> 
          <city name="Wunstorf">
               <zone>1$9.43333$52.45</zone>
          </city> 
		   <city name="Neubrandenburg">
               <zone>1$13.25$53.55</zone>
          </city> 
          <city name="Rostock">
               <zone>1$12.1333$54.0833</zone>
          </city> 
          <city name="Schwerin">
               <zone>1$11.4167$53.6333</zone>
          </city>
		   <city name="Aachen">
               <zone>1$6.18333$50.8167</zone>
          </city> 
          <city name="Bielefeld">
               <zone>1$8.51667$52.0167</zone>
          </city> 
          <city name="Bochum">
               <zone>1$7.21667$51.4667</zone>
          </city> 
          <city name="Bonn">
               <zone>1$7.08333$50.7333</zone>
          </city> 
          <city name="Cologne (Koeln)">
               <zone>1$6.98333$50.9333</zone>
          </city> 
          <city name="Dortmund">
               <zone>1$7.61667$51.5167</zone>
          </city> 
          <city name="Duisburg">
               <zone>1$6.75$51.4667</zone>
          </city> 
          <city name="Düsseldorf">
               <zone>1$6.76667$51.3</zone>
          </city> 
          <city name="Essen">
               <zone>1$6.96667$51.4</zone>
          </city> 
          <city name="Geilenkirchen">
               <zone>1$6.05$50.9667</zone>
          </city> 
          <city name="Hahn">
               <zone>1$7.26667$49.95</zone>
          </city> 
          <city name="Hopsten">
               <zone>1$7.53333$52.3333</zone>
          </city> 
          <city name="Kevelaer">
               <zone>1$6.25$51.5833</zone>
          </city> 
          <city name="Marl">
               <zone>1$7.08333$51.6333</zone>
          </city> 
          <city name="Mönchengladbach">
               <zone>1$63.05$51.2333</zone>
          </city> 
          <city name="Muenster">
               <zone>1$7.7$52.1333</zone>
          </city> 
          <city name="Paderborn">
               <zone>1$8.61667$51.6167</zone>
          </city> 
          <city name="Rees">
               <zone>1$6.38333$51.75</zone>
          </city> 
          <city name="Rheine">
               <zone>1$7.38333$52.3</zone>
          </city>
		  <city name="Andernach">
               <zone>1$7.4$50.4333</zone>
          </city> 
          <city name="Bad Kreuznach">
               <zone>1$7.88333$49.85</zone>
          </city> 
          <city name="Bad Sobernheim">
               <zone>1$7.63333$49.7833</zone>
          </city> 
          <city name="Cochem">
               <zone>1$7.15$50.1833</zone>
          </city> 
          <city name="Gütersloh">
               <zone>1$8.3$51.9167</zone>
          </city> 
          <city name="Idar–Oberstein">
               <zone>1$7.33333$49.7</zone>
          </city> 
          <city name="Kaiserslautern">
               <zone>1$7.76667$49.4333</zone>
          </city> 
          <city name="Koblenz">
               <zone>1$7.58333$50.35</zone>
          </city> 
          <city name="Mainz">
               <zone>1$8.26667$50.0167</zone>
          </city> 
          <city name="Ramstein">
               <zone>1$7.6$49.4333</zone>
          </city> 
          <city name="Sinzig">
               <zone>1$7.25$50.5333</zone>
          </city> 
          <city name="Trier">
               <zone>1$6.63333$49.75</zone>
          </city> 
		  <city name="Saarbruecken">
               <zone>1$7.11667$49.2167</zone>
          </city> 
		  <city name="Chemnitz">
               <zone>1$12.9167$50.8333</zone>
          </city> 
          <city name="Dresden">
               <zone>1$13.75$51.1333</zone>
          </city> 
          <city name="Leipzig">
               <zone>1$12.2333$51.4167</zone>
          </city> 
		   <city name="Dessau">
               <zone>1$12.2333$51.8333</zone>
          </city> 
          <city name="Halle">
               <zone>1$11.9667$51.4833</zone>
          </city> 
          <city name="Magdeburg">
               <zone>1$11.6167$54.0667</zone>
          </city> 
          <city name="Naumburg">
               <zone>1$11.8$51.15</zone>
          </city> 
          <city name="Weissenfels">
               <zone>1$11.9667$51.2</zone>
          </city> 
          <city name="Wittenberg">
               <zone>1$12.65$51.8667</zone>
          </city> 
		  <city name="Ahrensburg">
               <zone>1$10.2333$53.6667</zone>
          </city> 
          <city name="Flensburg">
               <zone>1$9.43333$54.7833</zone>
          </city> 
          <city name="Heiligenhafen">
               <zone>1$10.9667$54.3667</zone>
          </city> 
          <city name="Itzehoe">
               <zone>1$9.58333$54</zone>
          </city> 
          <city name="Kiel">
               <zone>1$10.1667$54.3833</zone>
          </city> 
          <city name="Lübeck (Luebeck)">
               <zone>1$10.7$53.8167</zone>
          </city> 
          <city name="Preetz">
               <zone>1$10.2667$54.2333</zone>
          </city> 
          <city name="Rendsburg">
               <zone>1$9.66667$54.3</zone>
          </city> 
          <city name="Schleswig">
               <zone>1$9.51667$54.4667</zone>
          </city> 
          <city name="Westerland">
               <zone>1$8.35$54.9167</zone>
          </city> 
		   <city name="Eisenach">
               <zone>1$10.3167$50.9833</zone>
          </city> 
          <city name="Erfurt">
               <zone>1$10.9667$50.9833</zone>
          </city> 
     </country>

     <country count="GIBRALTAR">

          <city name="Gibraltar">
               <zone>1$-5.35$36.15</zone>
          </city> 
     </country>
	 
     <country count="GREECE">

          <city name="Amaroúsion (Amaroussio)">
               <zone>2$23.7833$38.05</zone>
          </city> 
          <city name="Athens (Athínai)">
               <zone>2$23.7333$37.9</zone>
          </city> 
          <city name="Decelea (Tatoi)">
               <zone>2$23.7833$38.1</zone>
          </city> 
          <city name="Kallithéa">
               <zone>2$23.8$37.9667</zone>
          </city> 
          <city name="Kythira">
               <zone>2$23.0167$36.2833</zone>
          </city> 
          <city name="Marathon">
               <zone>2$23.9667$38.1667</zone>
          </city> 
          <city name="Piraeus">
               <zone>2$23.6333$37.95</zone>
          </city> 
          <city name="Khalkís">
               <zone>2$23.5333$38.3167</zone>
          </city> 
          <city name="Lamía">
               <zone>2$22.4333$38.9</zone>
          </city>
		  <city name="Thessaloniki">
               <zone>2$22.9667$40.5833</zone>
          </city>
          <city name="Iráklion (Heraklion)">
               <zone>2$25.1833$35.3333</zone>
          </city> 
          <city name="Khaniá (Chania)">
               <zone>2$24.0333$35.5167</zone>
          </city>
          <city name="Alexandroúpolis">
               <zone>2$25.9167$40.85</zone>
          </city> 
          <city name="Kavála">
               <zone>2$24.4167$40.9333</zone>
          </city> 
          <city name="Komotiní">
               <zone>2$25.4167$41.1333</zone>
          </city> 
          <city name="Ioánnina">
               <zone>2$20.8333$39.6667</zone>
          </city> 
          <city name="Argostólion, Kefallinía Island">
               <zone>2$20.5$38.1667</zone>
          </city> 
          <city name="Kérkira (Kérkyra), Corfu Island">
               <zone>2$19.9167$39.6167</zone>
          </city> 
          <city name="Lefkada">
               <zone>2$20.6833$38.8333</zone>
          </city> 
          <city name="Zakynthos">
               <zone>2$20.8833$37.75</zone>
          </city> 
          <city name="Karyes">
               <zone>2$24.25$40.2667</zone>
          </city> 
          <city name="Chíos (Khíos)">
               <zone>2$26.1333$38.3333</zone>
          </city> 
          <city name="Myrina, Lemnos">
               <zone>2$25.0667$39.8667</zone>
          </city> 
          <city name="Mytilene">
               <zone>2$26.6$39.0667</zone>
          </city> 
          <city name="Sámos, Sámos Island">
               <zone>2$26.9167$37.7</zone>
          </city> 
          <city name="Kalámata">
               <zone>2$22.0167$37.0667</zone>
          </city> 
          <city name="Sparta">
               <zone>2$22.45$37.0833</zone>
          </city> 
          <city name="Tripoli (Trípolis)">
               <zone>2$22.4$37.5333</zone>
          </city> 
          <city name="Ermoúpolis, Cyclade Island Group">
               <zone>2$24.9167$37.4333</zone>
          </city> 
          <city name="Karpathos, Dodecanese Island Group">
               <zone>2$27.2333$35.5</zone>
          </city> 
          <city name="Kattavía, Dodecanese Island Group">
               <zone>2$27.7667$35.95</zone>
          </city> 
          <city name="Kos, Dodecanese Island Group">
               <zone>2$27.3$36.8833</zone>
          </city> 
          <city name="Mykonos, Cyclade Island Group">
               <zone>2$25.3333$37.4333</zone>
          </city> 
          <city name="Naxos Island">
               <zone>2$25.3667$37.0667</zone>
          </city> 
          <city name="Oía, Cyclade Island Group">
               <zone>2$25.4167$36.4</zone>
          </city> 
          <city name="Páros, Cyclade Island Group">
               <zone>2$25.1167$37.0667</zone>
          </city> 
          <city name="Rhodes, Dodecanese Island Group">
               <zone>2$28.1167$36.3833</zone>
          </city> 
          <city name="Lárissa (Lárisa)">
               <zone>2$22.4167$39.6333</zone>
          </city> 
          <city name="Skíathos Island">
               <zone>2$23.5$39.1833</zone>
          </city> 
          <city name="Vólos">
               <zone>2$22.9333$39.35</zone>
          </city> 
          <city name="Olympia">
               <zone>2$21.5833$37.6167</zone>
          </city> 
          <city name="Patras">
               <zone>2$21.7333$38.25</zone>
          </city> 
          <city name="Pírgos">
               <zone>2$21.4667$37.6833</zone>
          </city> 
          <city name="Kastoría">
               <zone>2$21.2833$40.45</zone>
          </city> 
          <city name="Kozáni">
               <zone>2$21.7833$40.3</zone>
          </city> 		  
     </country>

     <country count="HUNGARY">

          <city name="Békéscsaba">
               <zone>1$21.1667$46.6833</zone>
          </city> 
          <city name="Budaörs">
               <zone>1$18.95$47.45</zone>
          </city> 
          <city name="Budapest">
               <zone>1$19.0333$47.5167</zone>
          </city> 
          <city name="Debrecen">
               <zone>1$21.4833$47.4833</zone>
          </city> 
          <city name="Dunaújváros">
               <zone>1$18.9167$46.9667</zone>
          </city> 
          <city name="Gödöllő">
               <zone>1$19.3667$47.6</zone>
          </city> 
          <city name="Győr (Gyor)">
               <zone>1$17.6333$47.6667</zone>
          </city> 
          <city name="Kaposvár">
               <zone>1$17.8333$46.3833</zone>
          </city> 
          <city name="Kecskemét">
               <zone>1$19.75$46.9167</zone>
          </city> 
          <city name="Miskolc">
               <zone>1$20.7667$48.0833</zone>
          </city> 
          <city name="Nyíregyháza">
               <zone>1$21.9833$47.9667</zone>
          </city> 
          <city name="Pápa">
               <zone>1$17.5$47.2</zone>
          </city> 
          <city name="Pécs">
               <zone>1$18.2333$46.1</zone>
          </city> 
          <city name="Szeged">
               <zone>1$20.1$46.25</zone>
          </city> 
          <city name="Szolnok">
               <zone>1$20.2333$47.1167</zone>
          </city> 
          <city name="Szombathely">
               <zone>1$16.6333$47.2667</zone>
          </city> 
          <city name="Veszprém">
               <zone>1$17.9833$47.0667</zone>
          </city> 
     </country>
	 
	 <country count="IRELAND">

          <city name="Cork">
               <zone>0$-8.48333$51.85</zone>
          </city> 
          <city name="Donegal">
               <zone>0$-8.11667$54.65</zone>
          </city> 
          <city name="Dublin">
               <zone>0$-6.25$53.3333</zone>
          </city> 
          <city name="Dundalk">
               <zone>0$-6.41667$54.0167</zone>
          </city> 
          <city name="Galway">
               <zone>0$-9.05$53.2667</zone>
          </city> 
          <city name="Limerick">
               <zone>0$-8.63333$52.6667</zone>
          </city> 
     </country>

	 <country count="ITALY">
	 
		  <city name="Aosta">
               <zone>1$7.33333$45.7333</zone>
          </city>
		  <city name="Bari">
               <zone>1$16.7833$41.1333</zone>
          </city>
		  <city name="Brindisi">
               <zone>1$17.95$40.65</zone>
          </city> 
		  <city name="Catanzaro">
               <zone>1$16.4333$38.9</zone>
          </city> 
		  <city name="Capri Island">
               <zone>1$14.2$40.55</zone>
          </city> 
          <city name="Caserta">
               <zone>1$14.3333$41.0667</zone>
          </city>
          <city name="Crotone">
               <zone>1$17.0667$39.0833</zone>
          </city>
          <city name="Gioia Del Colle">
               <zone>1$17.9333$40.7667</zone>
          </city>
		  <city name="L’Aquila">
               <zone>1$13.3667$42.3667</zone>
          </city>
		  <city name="Lecce">
               <zone>1$18.15$40.2333</zone>
          </city>
		  <city name="Manfredonia">
               <zone>1$15.7167$41.5333</zone>
          </city>
          <city name="Pescara">
               <zone>1$14.2$42.4333</zone>
          </city> 
          <city name="Taranto">
               <zone>1$17.25$40.4833</zone>
          </city>
          <city name="Reggio Calabria">
               <zone>1$15.65$38.0667</zone>
          </city> 
          <city name="Rossano">
               <zone>1$16.65$39.5833</zone>
          </city> 
           
          <city name="Napoli (Naples)">
               <zone>1$14.3$40.85</zone>
          </city> 
          <city name="Pompei">
               <zone>1$14.4833$40.75</zone>
          </city> 
          <city name="Salerno">
               <zone>1$14.7833$40.6833</zone>
          </city> 
          <city name="Bologna">
               <zone>1$11.3$44.5333</zone>
          </city> 
          <city name="Cervia">
               <zone>1$12.3$44.2167</zone>
          </city> 
          <city name="Cesena">
               <zone>1$12.25$44.1333</zone>
          </city> 
          <city name="Ferrara">
               <zone>1$11.6167$44.8333</zone>
          </city> 
          <city name="Forli">
               <zone>1$12.0667$44.2</zone>
          </city> 
          <city name="Parma">
               <zone>1$10.2833$44.8167</zone>
          </city> 
          <city name="Piacenza">
               <zone>1$9.66667$45.0167</zone>
          </city> 
          <city name="Porretta Terme">
               <zone>1$10.9333$44.0333</zone>
          </city> 
          <city name="Ravenna">
               <zone>1$12.2$44.4167</zone>
          </city> 
          <city name="Rimini">
               <zone>1$12.6167$44.0333</zone>
          </city> 
          <city name="Aviano">
               <zone>1$12.6$46.0333</zone>
          </city> 
          <city name="Gorizia">
               <zone>1$13.6333$45.95</zone>
          </city> 
          <city name="Maniago">
               <zone>1$12.7167$46.1667</zone>
          </city> 
          <city name="Pordenone">
               <zone>1$12.65$45.95</zone>
          </city> 
          <city name="Trieste">
               <zone>1$13.75$45.65</zone>
          </city> 
          <city name="Udine">
               <zone>1$13.1833$46.0333</zone>
          </city> 
          <city name="Ciampino">
               <zone>1$12.5833$41.7833</zone>
          </city> 
          <city name="Civitavecchia">
               <zone>1$11.8333$42.0333</zone>
          </city> 
          <city name="Frosinone">
               <zone>1$13.3$41.6333</zone>
          </city> 
          <city name="Guidonia">
               <zone>1$12.7333$42</zone>
          </city> 
          <city name="Latina">
               <zone>1$12.9$41.55</zone>
          </city> 
          <city name="Lido di Ostia">
               <zone>1$12.2333$41.8</zone>
          </city> 
          <city name="Pomezia">
               <zone>1$12.5$41.6667</zone>
          </city> 
          <city name="Ponza (Ponziane Islands)">
               <zone>1$12.95$40.9167</zone>
          </city> 
          <city name="Rieti">
               <zone>1$12.85$42.4167</zone>
          </city> 
          <city name="Rome">
               <zone>1$12.5$41.9</zone>
          </city> 
          <city name="Sezze">
               <zone>1$13.15$41.5167</zone>
          </city> 
          <city name="Viterbo">
               <zone>1$11.05$42.4333</zone>
          </city> 
          <city name="Albenga">
               <zone>1$8.11667$44.05</zone>
          </city> 
          <city name="Genova (Genoa)">
               <zone>1$8.85$44.4167</zone>
          </city> 
          <city name="Imperia">
               <zone>1$8.16667$43.8833</zone>
          </city> 
          <city name="La Spezia">
               <zone>1$9.83333$44.1167</zone>
          </city> 
          <city name="Sarzana">
               <zone>1$9.98333$44.0833</zone>
          </city> 
          <city name="Bergamo">
               <zone>1$9.7$45.6667</zone>
          </city> 
          <city name="Brescia (Bedizzole)">
               <zone>1$10.2833$45.4167</zone>
          </city> 
          <city name="Como">
               <zone>1$9.08333$45.7833</zone>
          </city> 
          <city name="Cremona">
               <zone>1$10.0333$45.1167</zone>
          </city> 
          <city name="Milan">
               <zone>1$8.73333$45.6167</zone>
          </city> 
          <city name="Montichiari">
               <zone>1$10.3833$45.4167</zone>
          </city> 
          <city name="Monza">
               <zone>1$9.26667$45.5833</zone>
          </city> 
          <city name="Pieve">
               <zone>1$10.7333$45.7667</zone>
          </city> 
          <city name="Ancona">
               <zone>1$13.3667$43.6167</zone>
          </city> 
          <city name="Campobasso">
               <zone>1$14.65$41.5667</zone>
          </city> 
          <city name="Termoli">
               <zone>1$15$42</zone>
          </city>
          <city name="Mondovì">
               <zone>1$7.81667$44.3833</zone>
          </city> 
          <city name="Novara">
               <zone>1$8.66667$45.5167</zone>
          </city> 
          <city name="Turin">
               <zone>1$7.66667$45.05</zone>
          </city> 
          <city name="Alghero">
               <zone>1$8.28333$40.6333</zone>
          </city> 
          <city name="Cagliari">
               <zone>1$9.06667$39.25</zone>
          </city> 
          <city name="Decimomannu">
               <zone>1$8.96667$39.35</zone>
          </city> 
          <city name="Olbia">
               <zone>1$9.51667$40.9</zone>
          </city> 
          <city name="Oristano">
               <zone>1$8.6$39.9</zone>
          </city> 
          <city name="Tortolì">
               <zone>1$9.65$39.9167</zone>
          </city> 
          <city name="Catania">
               <zone>1$15.05$37.4667</zone>
          </city> 
          <city name="Comiso">
               <zone>1$14.6$36.9333</zone>
          </city> 
          <city name="Enna">
               <zone>1$14.2833$37.5667</zone>
          </city> 
          <city name="Gela">
               <zone>1$14.2167$37.0833</zone>
          </city> 
          <city name="Lampedusa">
               <zone>1$12.6$35.5</zone>
          </city> 
          <city name="Lentini">
               <zone>1$15$37.2833</zone>
          </city> 
          <city name="Messina">
               <zone>1$15.55$38.2</zone>
          </city> 
          <city name="Pachino">
               <zone>1$15.0833$36.7167</zone>
          </city> 
          <city name="Palermo">
               <zone>1$13.1$38.1833</zone>
          </city> 
          <city name="Pantelleria Island">
               <zone>1$11.9667$36.8167</zone>
          </city> 
          <city name="Trapani">
               <zone>1$12.5167$38.0167</zone>
          </city> 
          <city name="Ustica">
               <zone>1$13.1833$38.7</zone>
          </city> 
          <city name="Bolzano">
               <zone>1$11.3333$46.5</zone>
          </city> 
          <city name="Trento">
               <zone>1$11.1333$46.0667</zone>
          </city> 
          <city name="Arezzo">
               <zone>1$11.85$43.4667</zone>
          </city> 
          <city name="Carrara">
               <zone>1$10.1$44.0833</zone>
          </city> 
          <city name="Florence (Firenze)">
               <zone>1$11.2$43.8</zone>
          </city> 
          <city name="Grosseto">
               <zone>1$11.0667$42.75</zone>
          </city> 
          <city name="Pisa">
               <zone>1$10.3833$43.6833</zone>
          </city> 
          <city name="Portoferraio">
               <zone>1$10.3167$42.8167</zone>
          </city> 
          <city name="Volterra">
               <zone>1$10.8667$43.4</zone>
          </city> 
          <city name="Perugia">
               <zone>1$12.5$43.0833</zone>
          </city>
          <city name="Istrana">
               <zone>1$12.1$45.6833</zone>
          </city> 
          <city name="Padua (Padova)">
               <zone>1$11.8833$45.4167</zone>
          </city> 
          <city name="Treviso">
               <zone>1$12.1833$45.65</zone>
          </city> 
          <city name="Venice">
               <zone>1$12.3333$45.5</zone>
          </city> 
          <city name="Verona">
               <zone>1$10.8667$45.3833</zone>
          </city> 
          <city name="Vicenza">
               <zone>1$11.5167$45.5667</zone>
          </city> 		  
     </country>

     <country count="LITHUANIA">

          <city name="Kaunas">
               <zone>2$23.9167$54.9</zone>
          </city> 
          <city name="Klaipėda">
               <zone>2$21.1167$55.7167</zone>
          </city> 
          <city name="Vilnius">
               <zone>2$25.1$54.6333</zone>
          </city> 
     </country>

	 <country count="LUXEMBOURG">

          <city name="Luxembourg">
               <zone>1$6.21667$49.6167</zone>
          </city> 
     </country>

		
</xml>
