<?xml version="1.0"  encoding="UTF-8" ?>
<!-- List of countries for Europe -->
<xml>

      <country count="MACEDONIA, THE FORMER YUGOSLAV REPUBLIC OF">

          <city name="Ohrid">
               <zone>1$20.8$41.1167</zone>
          </city> 
          <city name="Skopje">
               <zone>1$21.65$41.9667</zone>
          </city> 
     </country>

     <country count="MALTA">

          <city name="Valletta">
               <zone>1$14.5167$35.9</zone>
          </city> 
          <city name="Victoria (Gozo Island)">
               <zone>1$14.25$36.0667</zone>
          </city> 
     </country>

     <country count="MONACO">

          <city name="Monaco">
               <zone>1$7.38333$43.7</zone>
          </city> 
          <city name="Monte Carlo">
               <zone>1$7.41667$43.7333</zone>
          </city> 
     </country>

     <country count="MONTENEGRO">

          <city name="Podgorica (Titograd)">
               <zone>1$19.2833$42.4333</zone>
          </city> 
          <city name="Tivat">
               <zone>1$18.7333$42.4</zone>
          </city> 
     </country>

     <country count="NETHERLANDS">

          <city name="Amersfoort">
               <zone>1$5.38333$52.15</zone>
          </city> 
          <city name="Amsterdam">
               <zone>1$4.76667$52.3</zone>
          </city> 
          <city name="Arnhem">
               <zone>1$5.88333$51.9833</zone>
          </city> 
          <city name="Bergen op Zoom">
               <zone>1$4.3$51.5</zone>
          </city> 
          <city name="De Bilt">
               <zone>1$5.18333$52.1167</zone>
          </city> 
          <city name="Den Helder">
               <zone>1$4.76667$52.9667</zone>
          </city> 
          <city name="Eindhoven">
               <zone>1$5.48333$51.45</zone>
          </city> 
          <city name="Enschede">
               <zone>1$6.9$52.2167</zone>
          </city> 
          <city name="Groningen">
               <zone>1$6.58333$53.1333</zone>
          </city> 
          <city name="Leeuwarden">
               <zone>1$5.76667$53.2167</zone>
          </city> 
          <city name="Leiden">
               <zone>1$4.5$52.1667</zone>
          </city> 
          <city name="Maastricht">
               <zone>1$5.78333$50.9167</zone>
          </city> 
          <city name="Oldebroek">
               <zone>1$5.88333$52.4333</zone>
          </city> 
          <city name="Oost–Vlieland">
               <zone>1$5.06667$53.2833</zone>
          </city> 
          <city name="Rotterdam">
               <zone>1$4.45$51.95</zone>
          </city> 
          <city name="The Hague">
               <zone>1$4.3$52.1</zone>
          </city> 
          <city name="Tilburg">
               <zone>1$5.08333$51.5667</zone>
          </city> 
          <city name="Twente (Twenthe)">
               <zone>1$6.76667$52.3167</zone>
          </city> 
          <city name="Uden">
               <zone>1$5.61667$51.6667</zone>
          </city> 
          <city name="Utrecht">
               <zone>1$5.18333$52.1</zone>
          </city> 
          <city name="Vierlingsbeek">
               <zone>1$6$51.6</zone>
          </city> 
          <city name="Vlissingen">
               <zone>1$3.58333$51.45</zone>
          </city> 
     </country>
	 
     <country count="NORWAY">
          <city name="Oppegård">
               <zone>1$10.7833$59.7833</zone>
          </city> 
          <city name="Arendal">
               <zone>1$8.8$58.45</zone>
          </city>
          <city name="Drammen">
               <zone>1$10.25$59.7333</zone>
          </city> 
          <city name="Geilo">
               <zone>1$8.2$60.5167</zone>
          </city> 
          <city name="Båtsfjord">
               <zone>1$29.7333$70.6333</zone>
          </city> 
          <city name="Berlevåg">
               <zone>1$29.0333$70.8667</zone>
          </city> 
          <city name="Gamvik">
               <zone>1$27.8333$71.0333</zone>
          </city> 
          <city name="Hammerfest">
               <zone>1$23.6667$70.6667</zone>
          </city> 
          <city name="Honningsvåg">
               <zone>1$25.9833$71.0167</zone>
          </city> 
          <city name="Kautokeino">
               <zone>1$23.0333$69</zone>
          </city> 
          <city name="Kirkenes">
               <zone>1$29.9$69.7333</zone>
          </city> 
          <city name="Lakselv">
               <zone>1$24.9833$70.0667</zone>
          </city> 
          <city name="Sørvær, Sørøya Island">
               <zone>1$22$70.6667</zone>
          </city> 
          <city name="Vadsø">
               <zone>1$29.85$70.0667</zone>
          </city> 
          <city name="Hamar">
               <zone>1$11.1$60.8</zone>
          </city> 
          <city name="Bergen">
               <zone>1$5.23333$60.2833</zone>
          </city> 
          <city name="Stord">
               <zone>1$5.5$59.8</zone>
          </city> 
          <city name="Voss">
               <zone>1$6.5$60.65</zone>
          </city> 
          <city name="Alesund (Ålesund)">
               <zone>1$6.11667$62.5667</zone>
          </city> 
          <city name="Kristiansund">
               <zone>1$7.83333$63.1167</zone>
          </city> 
          <city name="Molde">
               <zone>1$7.26667$62.75</zone>
          </city> 
          <city name="Leknes">
               <zone>1$13.6167$68.15</zone>
          </city> 
          <city name="Rørvik">
               <zone>1$11.15$64.8333</zone>
          </city> 
          <city name="Steinkjer">
               <zone>1$11.5$64.0167</zone>
          </city> 
          <city name="Andøya">
               <zone>1$16.15$69.3</zone>
          </city> 
          <city name="Bodø">
               <zone>1$14.3667$67.2667</zone>
          </city> 
          <city name="Brønnøy (Brønnøysund)">
               <zone>1$12.2167$65.4667</zone>
          </city> 
          <city name="Mo I Rana">
               <zone>1$14.3$66.3667</zone>
          </city> 
          <city name="Mosjøen">
               <zone>1$13.1333$65.8</zone>
          </city> 
          <city name="Namsos">
               <zone>1$11.5833$64.4667</zone>
          </city> 
          <city name="Narvik">
               <zone>1$17.5$68.4667</zone>
          </city> 
          <city name="Røst">
               <zone>1$12.1$67.5167</zone>
          </city> 
          <city name="Sandnessjøen">
               <zone>1$12.6333$66.0333</zone>
          </city> 
          <city name="Skagen">
               <zone>1$15.0167$68.5833</zone>
          </city> 
          <city name="Svolvær">
               <zone>1$14.6667$68.25</zone>
          </city> 
          <city name="Lillehammer">
               <zone>1$10.5$61.1333</zone>
          </city> 
          <city name="Oslo">
               <zone>1$10.75$59.9167</zone>
          </city> 
          <city name="Moss">
               <zone>1$10.7667$59.4333</zone>
          </city>           <city name="Haugesund">
               <zone>1$5.3$59.4167</zone>
          </city> 
          <city name="Sola">
               <zone>1$5.6$58.8833</zone>
          </city> 
          <city name="Stavanger">
               <zone>1$5.75$58.9667</zone>
          </city> 
          <city name="Florø">
               <zone>1$5.03333$61.5833</zone>
          </city> 
          <city name="Førde">
               <zone>1$5.86667$61.45</zone>
          </city> 
          <city name="Hermansverk">
               <zone>1$6.85$61.1833</zone>
          </city> 
          <city name="Sandane">
               <zone>1$6.11667$61.8333</zone>
          </city> 
          <city name="Røros">
               <zone>1$11.35$62.5833</zone>
          </city> 
          <city name="Trondheim">
               <zone>1$10.9333$63.4667</zone>
          </city>
          <city name="Notodden">
               <zone>1$9.28333$59.5667</zone>
          </city> 
          <city name="Skien">
               <zone>1$9.56667$59.1833</zone>
          </city> 
          <city name="Harstad">
               <zone>1$16.5$68.7667</zone>
          </city> 
          <city name="Tromsø (Tromsoe)">
               <zone>1$18.9167$69.6833</zone>
          </city> 
          <city name="Kristiansand">
               <zone>1$8.08333$58.2</zone>
          </city> 
          <city name="Lista (Vanse)">
               <zone>1$6.63333$58.1</zone>
          </city> 
          <city name="Sandefjord">
               <zone>1$10.2667$59.2</zone>
          </city> 
          <city name="Tønsberg">
               <zone>1$10.4167$59.2833</zone>
          </city> 		  
     </country>

     <country count="POLAND">

          <city name="Białogard">
               <zone>1$15.9667$54</zone>
          </city> 
          <city name="Białystok">
               <zone>1$23.15$53.15</zone>
          </city> 
          <city name="Bielsko–Biała">
               <zone>1$19.0333$49.8167</zone>
          </city> 
          <city name="Bydgoszcz">
               <zone>1$18$53.1333</zone>
          </city> 
          <city name="Bystrzyca Kłodzka">
               <zone>1$16.6333$50.2833</zone>
          </city> 
          <city name="Choszczno">
               <zone>1$15.4$53.1667</zone>
          </city> 
          <city name="Częstochowa">
               <zone>1$19.1$50.8167</zone>
          </city> 
          <city name="Dąbrowa Górnicza">
               <zone>1$19.2$50.3333</zone>
          </city> 
          <city name="Elbląg">
               <zone>1$19.4167$54.1667</zone>
          </city> 
          <city name="Gdańsk">
               <zone>1$18.4667$54.3833</zone>
          </city> 
          <city name="Gdynia">
               <zone>1$18.55$54.5333</zone>
          </city> 
          <city name="Gorzów Wielkopolski">
               <zone>1$15.25$52.7333</zone>
          </city> 
          <city name="Gryfino">
               <zone>1$14.4833$53.2333</zone>
          </city> 
          <city name="Kalisz">
               <zone>1$18.1$51.7667</zone>
          </city> 
          <city name="Katowice">
               <zone>1$19.0333$50.2333</zone>
          </city> 
          <city name="Kielce">
               <zone>1$20.6167$50.8667</zone>
          </city> 
          <city name="Koszalin">
               <zone>1$16.15$54.2</zone>
          </city> 
          <city name="Kraków">
               <zone>1$19.8$50.0833</zone>
          </city> 
          <city name="Legionowo">
               <zone>1$20.9167$52.4</zone>
          </city> 
          <city name="Legnica">
               <zone>1$16.15$51.2167</zone>
          </city> 
          <city name="Lodz (Łódź)">
               <zone>1$19.5$51.7667</zone>
          </city> 
          <city name="Lublin">
               <zone>1$22.5833$51.25</zone>
          </city> 
          <city name="Łańcut">
               <zone>1$22.2333$50.0667</zone>
          </city> 
          <city name="Olsztyn">
               <zone>1$20.4833$53.8</zone>
          </city> 
          <city name="Opole">
               <zone>1$17.9167$50.6833</zone>
          </city> 
          <city name="Oświęcim">
               <zone>1$19.25$50.0333</zone>
          </city> 
          <city name="Płock">
               <zone>1$19.7167$52.55</zone>
          </city> 
          <city name="Poznań">
               <zone>1$16.8333$52.4167</zone>
          </city> 
          <city name="Przemyśl">
               <zone>1$22.7667$49.7833</zone>
          </city> 
          <city name="Radom">
               <zone>1$21.1667$51.4167</zone>
          </city> 
          <city name="Rybnik">
               <zone>1$18.5333$50.1</zone>
          </city> 
          <city name="Rzeszów">
               <zone>1$22.05$50.1</zone>
          </city> 
          <city name="Słupsk">
               <zone>1$17.0167$54.4667</zone>
          </city> 
          <city name="Suwałki">
               <zone>1$22.9333$54.1</zone>
          </city> 
          <city name="Szczecin">
               <zone>1$14.6167$53.4</zone>
          </city> 
          <city name="Tarnów">
               <zone>1$21$50.0167</zone>
          </city> 
          <city name="Tczew">
               <zone>1$18.7833$54.1</zone>
          </city> 
          <city name="Toruń">
               <zone>1$18.5833$53.0333</zone>
          </city> 
          <city name="Wałbrzych">
               <zone>1$16.2833$50.7667</zone>
          </city> 
          <city name="Warsaw">
               <zone>1$20.9667$52.1667</zone>
          </city> 
          <city name="Włocławek">
               <zone>1$19.0333$52.65</zone>
          </city> 
          <city name="Wodzisław Śląski">
               <zone>1$18.4667$50</zone>
          </city> 
          <city name="Wrocław">
               <zone>1$16.8833$51.1</zone>
          </city> 
          <city name="Zabrze">
               <zone>1$18.7667$50.3</zone>
          </city> 
          <city name="Zielona Góra">
               <zone>1$15.5333$51.9333</zone>
          </city> 
     </country>

     <country count="PORTUGAL">

          <city name="Beja">
               <zone>0$-7.86667$38.0167</zone>
          </city> 
          <city name="Bragança">
               <zone>0$-6.73333$41.8</zone>
          </city> 
          <city name="Caniçal, Madeira Islands">
               <zone>0$-16.7333$32.7167</zone>
          </city> 
          <city name="Faro">
               <zone>0$-7.96667$37.0167</zone>
          </city> 
          <city name="Flores Island">
               <zone>0$-31.1333$39.45</zone>
          </city> 
          <city name="Funchal, Madeira Islands">
               <zone>0$-16.7667$32.6833</zone>
          </city> 
          <city name="Horta">
               <zone>0$-28.7167$38.5167</zone>
          </city> 
          <city name="Lajes">
               <zone>0$-27.1$38.7667</zone>
          </city> 
          <city name="Lajes das Flores">
               <zone>0$-31.1667$39.3833</zone>
          </city> 
          <city name="Lajes do Pico">
               <zone>0$-28.4$38.47</zone>
          </city> 
          <city name="Lisbon">
               <zone>0$-9.13333$38.7667</zone>
          </city> 
          <city name="Ponta Delgada">
               <zone>0$-25.7$37.7333</zone>
          </city> 
          <city name="Porto (Oporto)">
               <zone>0$-8.6$41.1833</zone>
          </city> 
          <city name="Porto Santo, Madeira Islands">
               <zone>0$-16.35$33.0667</zone>
          </city> 
          <city name="Santa Maria Island">
               <zone>0$-25.1667$36.9667</zone>
          </city> 
          <city name="Terceira Island">
               <zone>0$-27.0833$38.7</zone>
          </city> 
          <city name="Vila Real">
               <zone>0$-7.71667$41.2667</zone>
          </city> 
     </country>

     <country count="ROMANIA">

          <city name="Arad">
               <zone>2$21.4$46.2</zone>
          </city> 
          <city name="Bacău">
               <zone>2$26.9667$46.5833</zone>
          </city> 
          <city name="Baia Mare">
               <zone>2$23.5833$47.6667</zone>
          </city> 
          <city name="Bucharest">
               <zone>2$26.1333$44.5</zone>
          </city> 
          <city name="Cluj–Napoca">
               <zone>2$23.5667$46.7833</zone>
          </city> 
          <city name="Constanţa">
               <zone>2$28.65$44.1833</zone>
          </city> 
          <city name="Craiova">
               <zone>2$23.8667$44.2333</zone>
          </city> 
          <city name="Iaşi">
               <zone>2$27.6333$47.1667</zone>
          </city> 
          <city name="Oradea">
               <zone>2$21.9333$47.05</zone>
          </city> 
          <city name="Otopeni">
               <zone>2$26.1$44.55</zone>
          </city> 
          <city name="Reşiţa">
               <zone>2$21.9167$45.3333</zone>
          </city> 
          <city name="Satu Mare">
               <zone>2$22.8833$47.8</zone>
          </city> 
          <city name="Sibiu">
               <zone>2$24.15$45.8</zone>
          </city> 
          <city name="Suceava">
               <zone>2$26.25$47.65</zone>
          </city> 
          <city name="Târgu Mureş (Tîrgu Mureş)">
               <zone>2$24.5333$46.5333</zone>
          </city> 
          <city name="Timişoara">
               <zone>2$21.2333$45.7667</zone>
          </city> 
          <city name="Tulcea">
               <zone>2$28.8167$45.1833</zone>
          </city> 
     </country>
          
     <country count="SERBIA">

          <city name="Belgrade (Beograd)">
               <zone>1$20.2833$44.8167</zone>
          </city> 
          <city name="Kragujevac">
               <zone>1$20.5333$43.5833</zone>
          </city> 
          <city name="Niš">
               <zone>1$21.9$43.3333</zone>
          </city> 
          <city name="Novi Sad">
               <zone>1$19.85$45.25</zone>
          </city> 
          <city name="Priština (Kosovo)">
               <zone>1$21.15$42.65</zone>
          </city> 
          <city name="Valjevo">
               <zone>1$19.8833$44.2667</zone>
          </city> 
          <city name="Vršac">
               <zone>1$21.3167$45.15</zone>
          </city> 
          <city name="Zlatibor">
               <zone>1$19.7$43.6667</zone>
          </city> 
     </country>

     <country count="SLOVAKIA">

          <city name="Banská Bystrica">
               <zone>1$19.1167$48.7333</zone>
          </city> 
          <city name="Bratislava">
               <zone>1$17.2$48.2</zone>
          </city> 
          <city name="Hurbanovo">
               <zone>1$18.2$47.8833</zone>
          </city> 
          <city name="Košice">
               <zone>1$21.2167$48.6667</zone>
          </city> 
          <city name="Lučenec">
               <zone>1$19.7333$48.3333</zone>
          </city> 
          <city name="Martin">
               <zone>1$18.9167$49.0667</zone>
          </city> 
          <city name="Nitra">
               <zone>1$18.1167$48.2667</zone>
          </city> 
          <city name="Piešťany">
               <zone>1$17.8333$48.6167</zone>
          </city> 
          <city name="Poprad">
               <zone>1$20.25$49.0667</zone>
          </city> 
          <city name="Sliač">
               <zone>1$19.15$48.6167</zone>
          </city> 
          <city name="Tisinec">
               <zone>1$21.6333$49.2333</zone>
          </city> 
          <city name="Zilina (Žilina)">
               <zone>1$18.6$49.2333</zone>
          </city> 
          <city name="Zvolen">
               <zone>1$19.15$48.6333</zone>
          </city> 
     </country>

     <country count="SLOVENIA">

          <city name="Kranj">
               <zone>1$14.35$46.25</zone>
          </city> 
          <city name="Ljubljana">
               <zone>1$14.4833$46.2167</zone>
          </city> 
          <city name="Maribor">
               <zone>1$15.6833$46.4833</zone>
          </city> 
          <city name="Murska Sobota">
               <zone>1$16.1833$46.65</zone>
          </city> 
          <city name="Piran">
               <zone>1$13.5667$45.5333</zone>
          </city> 
          <city name="Portorož">
               <zone>1$13.5667$45.5167</zone>
          </city> 
     </country>

     <country count="SPAIN">
          <city name="Almería">
               <zone>1$-2.38333$36.85</zone>
          </city> 
          <city name="Cádiz">
               <zone>1$-6.3$36.5333</zone>
          </city> 
          <city name="Córdoba">
               <zone>1$-4.85$37.85</zone>
          </city> 
          <city name="Granada">
               <zone>1$-3.78333$37.1833</zone>
          </city> 
          <city name="Jerez de la Frontera">
               <zone>1$-6.06667$36.75</zone>
          </city> 
          <city name="Málaga">
               <zone>1$-4.48333$36.6667</zone>
          </city> 
          <city name="Morón de la Frontera">
               <zone>1$-5.61667$37.15</zone>
          </city> 
          <city name="Rota">
               <zone>1$-6.35$36.6167</zone>
          </city> 
          <city name="Seville">
               <zone>1$-5.9$37.4167</zone>
          </city> 
          <city name="Calamocha">
               <zone>1$-1.3$40.9333</zone>
          </city> 
          <city name="La Coruña">
               <zone>1$-8.38333$43.3</zone>
          </city> 
          <city name="Utebo">
               <zone>1$-1$41.75</zone>
          </city> 
          <city name="Zaragoza">
               <zone>1$-0.816667$41.6667</zone>
          </city>
          <city name="Oviedo">
               <zone>1$-5.83333$43.3667</zone>
          </city> 
          <city name="Ciutadella de Menorca">
               <zone>1$3.83333$40.0333</zone>
          </city> 
          <city name="Formentera">
               <zone>1$1.01667$38.7</zone>
          </city> 
          <city name="Ibiza Town">
               <zone>1$1.38333$38.8667</zone>
          </city> 
          <city name="Palma de Mallorca">
               <zone>1$2.73333$39.55</zone>
          </city> 
          <city name="Andoain">
               <zone>1$-2.01667$43.2167</zone>
          </city> 
          <city name="Bilbao">
               <zone>1$-2.93333$43.3</zone>
          </city> 
          <city name="San Sebastián">
               <zone>1$-1.98333$43.3167</zone>
          </city> 
          <city name="Vitoria">
               <zone>1$-2.71667$42.8833</zone>
          </city> 
          <city name="Arrecife">
               <zone>1$-13.5333$28.95</zone>
          </city> 
          <city name="Granadilla de Abona">
               <zone>1$-16.5667$28.1</zone>
          </city> 
          <city name="Las Palmas de Gran Canaria">
               <zone>1$-15.4$28.1</zone>
          </city> 
          <city name="Puerto del Rosario">
               <zone>1$-13.8667$28.5</zone>
          </city> 
          <city name="San Cristóbal de La Laguna">
               <zone>1$-16.3167$28.4667</zone>
          </city> 
          <city name="San Sebastián de La Gomera">
               <zone>1$-17.1$28.1</zone>
          </city> 
          <city name="Santa Cruz de La Palma">
               <zone>1$-17.75$28.6833</zone>
          </city> 
          <city name="Santa Cruz de Tenerife">
               <zone>1$-16.2333$28.45</zone>
          </city> 
          <city name="Tazacorte">
               <zone>1$-17.9167$28.6333</zone>
          </city> 
          <city name="Valverde">
               <zone>1$-17.9167$27.8</zone>
          </city> 
          <city name="Santander">
               <zone>1$-3.81667$43.4333</zone>
          </city> 
          <city name="Burgos">
               <zone>1$-3.63333$42.3667</zone>
          </city> 
          <city name="León">
               <zone>1$-5.65$42.5833</zone>
          </city> 
          <city name="Salamanca">
               <zone>1$-5.5$40.95</zone>
          </city> 
          <city name="Valladolid">
               <zone>1$-4.85$41.7167</zone>
          </city> 
          <city name="Zamora">
               <zone>1$-5.75$41.5</zone>
          </city> 
          <city name="Albacete">
               <zone>1$-1.85$38.95</zone>
          </city> 
          <city name="Toledo">
               <zone>1$-4.01667$39.8667</zone>
          </city> 
          <city name="Barcelona">
               <zone>1$2.06667$41.2833</zone>
          </city> 
          <city name="Blanes">
               <zone>1$2.8$41.6833</zone>
          </city> 
          <city name="Girona">
               <zone>1$2.76667$41.9</zone>
          </city> 
          <city name="Lleida">
               <zone>1$0.583333$41.5833</zone>
          </city> 
          <city name="Lloret de Mar">
               <zone>1$2.83333$41.6833</zone>
          </city> 
          <city name="Mataró">
               <zone>1$2.45$41.5333</zone>
          </city> 
          <city name="Reus">
               <zone>1$1.15$41.15</zone>
          </city> 
          <city name="Sabadell">
               <zone>1$2.1$41.5167</zone>
          </city> 
          <city name="Tarragona">
               <zone>1$1.25$41.1167</zone>
          </city> 
          <city name="Ceuta">
               <zone>1$-5.312$35.88</zone>
          </city> 
          <city name="Alcorcón">
               <zone>1$-3.83333$40.35</zone>
          </city> 
          <city name="Collado–Villalba">
               <zone>1$-3.98333$40.6333</zone>
          </city> 
          <city name="Colmenar Viejo">
               <zone>1$-3.73333$40.65</zone>
          </city> 
          <city name="Fuenlabrada">
               <zone>1$-3.8$40.2833</zone>
          </city> 
          <city name="Getafe">
               <zone>1$-3.71667$40.3</zone>
          </city> 
          <city name="Madrid">
               <zone>1$-3.68333$40.4</zone>
          </city> 
          <city name="Mérida">
               <zone>1$-6.33333$38.9167</zone>
          </city> 
          <city name="Santiago de Compostela">
               <zone>1$-8.43333$42.9</zone>
          </city> 
          <city name="Vigo">
               <zone>1$-8.63333$42.2167</zone>
          </city> 
          <city name="Logroño">
               <zone>1$-2.33333$42.45</zone>
          </city>
          <city name="Melilla">
               <zone>1$-2.95$35.2833</zone>
          </city> 
          <city name="Pamplona">
               <zone>1$-1.63333$42.7667</zone>
          </city> 
          <city name="Alcantarilla">
               <zone>1$-1.23333$37.95</zone>
          </city> 
          <city name="Murcia">
               <zone>1$-0.8$37.7833</zone>
          </city>
          <city name="Alicante">
               <zone>1$-0.55$38.2833</zone>
          </city> 
          <city name="Valencia">
               <zone>1$-0.466667$39.5</zone>
          </city> 
     </country>

     <country count="SWEDEN">
          <city name="Karlskrona">
               <zone>1$15.5833$56.1667</zone>
          </city> 
          <city name="Borlänge">
               <zone>1$15.5167$60.4333</zone>
          </city> 
          <city name="Falun">
               <zone>1$15.6333$60.6</zone>
          </city> 
          <city name="Mora (Siljan Lake)">
               <zone>1$14.5167$61</zone>
          </city> 
          <city name="Gävle">
               <zone>1$17.0833$60.6</zone>
          </city> 
          <city name="Söderhamn">
               <zone>1$17.1$61.2667</zone>
          </city> 
          <city name="Visby">
               <zone>1$18.35$57.6667</zone>
          </city> 
          <city name="Halmstad">
               <zone>1$12.8333$56.6833</zone>
          </city> 
          <city name="Östersund">
               <zone>1$14.5$63.1833</zone>
          </city> 
          <city name="Jönköping">
               <zone>1$14.0833$57.7667</zone>
          </city> 
          <city name="Värnamo">
               <zone>1$14.0333$57.1833</zone>
          </city> 
          <city name="Växjö">
               <zone>1$14.8333$56.85</zone>
          </city>
          <city name="Gällivare">
               <zone>1$20.65$67.15</zone>
          </city> 
          <city name="Kiruna">
               <zone>1$20.3333$67.8167</zone>
          </city> 
          <city name="Luleå">
               <zone>1$22.1333$65.55</zone>
          </city> 
          <city name="Örebro">
               <zone>1$15.05$59.2333</zone>
          </city> 
          <city name="Linköping">
               <zone>1$15.6833$58.4</zone>
          </city> 
          <city name="Mjölby">
               <zone>1$15.1333$58.3167</zone>
          </city> 
          <city name="Norrköping">
               <zone>1$16.15$58.5833</zone>
          </city>
          <city name="Ängelholm">
               <zone>1$12.85$56.3</zone>
          </city> 
          <city name="Kristianstad">
               <zone>1$14.25$56.0167</zone>
          </city> 
          <city name="Lund">
               <zone>1$13.2$55.7</zone>
          </city> 
          <city name="Malmö">
               <zone>1$13$55.55</zone>
          </city> 
          <city name="Nyköping">
               <zone>1$17$55.75</zone>
          </city> 
          <city name="Märkets Fyr (Market Reef)">
               <zone>1$19.1333$60.3</zone>
          </city> 
          <city name="Märsta">
               <zone>1$17.85$59.6167</zone>
          </city> 
          <city name="Stockholm">
               <zone>1$18.05$59.3333</zone>
          </city> 
          <city name="Sundbyberg">
               <zone>1$17.9667$59.3667</zone>
          </city> 
          <city name="Vaxholm">
               <zone>1$18.3333$59.4</zone>
          </city> 
          <city name="Uppsala">
               <zone>1$17.6$59.8833</zone>
          </city>
          <city name="Karlstad">
               <zone>1$13.3333$59.4333</zone>
          </city> 
          <city name="Kristinehamn">
               <zone>1$14.1167$59.3333</zone>
          </city> 
          <city name="Lycksele">
               <zone>1$18.7167$64.5333</zone>
          </city> 
          <city name="Skellefteå">
               <zone>1$21.0833$64.6333</zone>
          </city> 
          <city name="Umeå">
               <zone>1$20.2833$63.8</zone>
          </city> 
          <city name="Ange (Ånge)">
               <zone>1$15.6$62.5167</zone>
          </city> 
          <city name="Härnösand">
               <zone>1$17.9333$62.6333</zone>
          </city> 
          <city name="Kramfors">
               <zone>1$17.7667$63.05</zone>
          </city> 
          <city name="Ornskoldsvik (Örnsköldsvik)">
               <zone>1$18.9667$63.4</zone>
          </city> 
          <city name="Sundsvall">
               <zone>1$17.45$62.5333</zone>
          </city> 
          <city name="Västerås">
               <zone>1$13.6333$59.5833</zone>
          </city> 
          <city name="Göteborg (Gothenburg)">
               <zone>1$11.8833$57.7833</zone>
          </city> 
          <city name="Skövde">
               <zone>1$13.9667$58.45</zone>
          </city> 
          <city name="Trollhättan">
               <zone>1$12.35$58.3167</zone>
          </city> 
          <city name="Vänersborg">
               <zone>1$12.3167$58.3667</zone>
          </city> 		  
     </country>
          <country count="UK-WALES">

          <city name="Bangor">
               <zone>0$-4.13333$53.2167</zone>
          </city> 
          <city name="Barry">
               <zone>0$-3.3$51.4</zone>
          </city> 
          <city name="Cardiff">
               <zone>0$-3.35$51.7</zone>
          </city> 
          <city name="Cardigan">
               <zone>0$-4.66667$52.1</zone>
          </city> 
          <city name="Chepstow">
               <zone>0$-2.68333$51.65</zone>
          </city> 
          <city name="Holyhead">
               <zone>0$-4.63333$53.3167</zone>
          </city> 
          <city name="Isle of Anglesey">
               <zone>0$-4.5$53.4167</zone>
          </city> 
          <city name="Llanelli">
               <zone>0$-4.16667$51.6833</zone>
          </city> 
          <city name="Swansea">
               <zone>0$-4.06667$51.6</zone>
          </city> 
          <city name="Valley">
               <zone>0$-4.58333$53.2833</zone>
          </city> 
          <city name="Wrexham">
               <zone>0$-3$53.05</zone>
          </city> 
     </country>
          <country count="UK-SCOTLAND">

          <city name="Aberdeen">
               <zone>0$-2.21667$57.2</zone>
          </city> 
          <city name="Ayr">
               <zone>0$-4.63333$55.4667</zone>
          </city> 
          <city name="Baugh">
               <zone>0$-6.88333$56.5</zone>
          </city> 
          <city name="Benbecula Island">
               <zone>0$-7.31667$57.4333</zone>
          </city> 
          <city name="Campbeltown">
               <zone>0$-5.6$55.4333</zone>
          </city> 
          <city name="Dundee">
               <zone>0$-3.01667$56.45</zone>
          </city> 
          <city name="Edinburgh">
               <zone>0$-3.35$55.95</zone>
          </city> 
          <city name="Glasgow">
               <zone>0$-4.43333$55.8667</zone>
          </city> 
          <city name="Inverness">
               <zone>0$-4.05$57.5333</zone>
          </city> 
          <city name="Isle of Barra">
               <zone>0$-7.5$57</zone>
          </city> 
          <city name="Isle of Bute">
               <zone>0$-5.15$55.8833</zone>
          </city> 
          <city name="Kelso">
               <zone>0$-2.43333$55.6</zone>
          </city> 
          <city name="Kirkwall">
               <zone>0$-2.9$58.95</zone>
          </city> 
          <city name="Lerwick">
               <zone>0$-1.15$60.15</zone>
          </city> 
          <city name="Lossiemouth">
               <zone>0$-3.31667$57.7167</zone>
          </city> 
          <city name="Nairn">
               <zone>0$-3.88333$57.5833</zone>
          </city> 
          <city name="Perth">
               <zone>0$-3.36667$56.45</zone>
          </city> 
          <city name="St. Andrews">
               <zone>0$-2.8$56.3333</zone>
          </city> 
          <city name="Stornoway">
               <zone>0$-6.31667$58.2167</zone>
          </city> 
          <city name="Stranraer">
               <zone>0$-4.95$54.85</zone>
          </city> 
          <city name="Wick">
               <zone>0$-3.08333$58.45</zone>
          </city> 
     </country>
     <country count="UK-ENGLAND">

          <city name="Abingdon">
               <zone>0$-1.28333$51.6833</zone>
          </city> 
          <city name="Aintree">
               <zone>0$-2.93333$53.4833</zone>
          </city> 
          <city name="Andover">
               <zone>0$-1.46667$51.2167</zone>
          </city> 
          <city name="Ascot">
               <zone>0$-0.683333$51.4167</zone>
          </city> 
          <city name="Barnstaple">
               <zone>0$-4.06667$51.0833</zone>
          </city> 
          <city name="Barrow--Furness">
               <zone>0$-3.25$54.1167</zone>
          </city> 
          <city name="Bath">
               <zone>0$-2.36667$51.3833</zone>
          </city> 
          <city name="Bedford">
               <zone>0$-0.483333$52.1333</zone>
          </city> 
          <city name="Beverley">
               <zone>0$-0.433333$53.8667</zone>
          </city> 
          <city name="Bilston">
               <zone>0$-2.06667$52.5667</zone>
          </city> 
          <city name="Birmingham">
               <zone>0$-1.73333$52.45</zone>
          </city> 
          <city name="Boston">
               <zone>0$-0.016667$52.9833</zone>
          </city> 
          <city name="Bournemouth">
               <zone>0$-1.83333$50.7833</zone>
          </city> 
          <city name="Bradford">
               <zone>0$-1.83333$53.8</zone>
          </city> 
          <city name="Brighton">
               <zone>0$-0.133333$50.8333</zone>
          </city> 
          <city name="Brinklow">
               <zone>0$-1.38333$52.4167</zone>
          </city> 
          <city name="Bristol">
               <zone>0$-2.71667$51.3833</zone>
          </city> 
          <city name="Bury St. Edmunds">
               <zone>0$0.716667$52.25</zone>
          </city> 
          <city name="Camberley">
               <zone>0$-0.75$51.35</zone>
          </city> 
          <city name="Cambridge">
               <zone>0$0.183333$52.2</zone>
          </city> 
          <city name="Canterbury">
               <zone>0$1.08333$51.2833</zone>
          </city> 
          <city name="Carlisle">
               <zone>0$-2.91667$54.9</zone>
          </city> 
          <city name="Cartmel">
               <zone>0$-2.96667$54.2333</zone>
          </city> 
          <city name="Catterick">
               <zone>0$-1.63333$54.3667</zone>
          </city> 
          <city name="Cheltenham">
               <zone>0$-2.06667$51.9</zone>
          </city> 
          <city name="Chester">
               <zone>0$-2.9$53.2</zone>
          </city> 
          <city name="Chippenham">
               <zone>0$-2.11667$51.4667</zone>
          </city> 
          <city name="Cirencester">
               <zone>0$-1.98333$51.7333</zone>
          </city> 
          <city name="Cleethorpes">
               <zone>0$-0.033333$53.5667</zone>
          </city> 
          <city name="Coventry">
               <zone>0$-1.48333$52.3667</zone>
          </city> 
          <city name="Darlington">
               <zone>0$-1.56667$54.5167</zone>
          </city> 
          <city name="Derby">
               <zone>0$-1.48333$52.9167</zone>
          </city> 
          <city name="Diss">
               <zone>0$0.766667$52.3833</zone>
          </city> 
          <city name="Doncaster">
               <zone>0$-1.11667$53.5333</zone>
          </city> 
          <city name="Dover">
               <zone>0$1.31667$51.1333</zone>
          </city> 
          <city name="Epsom">
               <zone>0$-0.266667$51.3333</zone>
          </city> 
          <city name="Exeter">
               <zone>0$-3.41667$50.7333</zone>
          </city> 
          <city name="Fakenham">
               <zone>0$0.85$52.8333</zone>
          </city> 
          <city name="Farnborough">
               <zone>0$-0.766667$51.2833</zone>
          </city> 
          <city name="Felixstowe">
               <zone>0$1.33333$51.9667</zone>
          </city> 
          <city name="Filton">
               <zone>0$-2.58333$51.5167</zone>
          </city> 
          <city name="Fleet">
               <zone>0$-0.833333$51.2667</zone>
          </city> 
          <city name="Folkestone">
               <zone>0$1.18333$51.0833</zone>
          </city> 
          <city name="Fontwell">
               <zone>0$-0.616667$50.7833</zone>
          </city> 
          <city name="Gateshead">
               <zone>0$-1.61667$54.9667</zone>
          </city> 
          <city name="Gatwick Airport">
               <zone>0$-0.183333$51.15</zone>
          </city> 
          <city name="Gloucester">
               <zone>0$-2.23333$51.8833</zone>
          </city> 
          <city name="Godmanchester">
               <zone>0$-0.183333$52.3167</zone>
          </city> 
          <city name="Grantham">
               <zone>0$-0.65$52.9167</zone>
          </city> 
          <city name="Greenwich">
               <zone>0$0$51.4833</zone>
          </city> 
          <city name="Hamilton">
               <zone>0$-4.03333$55.7667</zone>
          </city> 
          <city name="Harrogate">
               <zone>0$-1.55$54</zone>
          </city> 
          <city name="Hatfield">
               <zone>0$-0.25$51.7667</zone>
          </city> 
          <city name="Haydock">
               <zone>0$-2.65$53.4667</zone>
          </city> 
          <city name="Heathrow">
               <zone>0$-0.45$51.4833</zone>
          </city> 
          <city name="Hereford">
               <zone>0$-2.71667$52.0667</zone>
          </city> 
          <city name="Hexham">
               <zone>0$-2.1$54.9667</zone>
          </city> 
          <city name="Hull">
               <zone>0$-0.333333$53.75</zone>
          </city> 
          <city name="Huntingdon">
               <zone>0$-0.2$52.3333</zone>
          </city> 
          <city name="Ipswich">
               <zone>0$1.16667$52.0667</zone>
          </city> 
          <city name="Kempton">
               <zone>0$-2.96667$52.45</zone>
          </city> 
          <city name="Kenilworth">
               <zone>0$-1.56667$52.35</zone>
          </city> 
          <city name="Kings Lynn">
               <zone>0$0.4$52.75</zone>
          </city> 
          <city name="Leeds">
               <zone>0$-1.58333$53.8333</zone>
          </city> 
          <city name="Leicester">
               <zone>0$-1.08333$52.6333</zone>
          </city> 
          <city name="Lincoln">
               <zone>0$-0.55$53.2333</zone>
          </city> 
          <city name="Lingfield">
               <zone>0$-0.016667$51.1833</zone>
          </city> 
          <city name="Littlehampton">
               <zone>0$-0.55$50.8</zone>
          </city> 
          <city name="Liverpool">
               <zone>0$-2.85$53.3333</zone>
          </city> 
          <city name="London">
               <zone>0$-0.5$51.5</zone>
          </city> 
          <city name="London Stansted Airport">
               <zone>0$0.233333$51.8833</zone>
          </city> 
          <city name="Ludlow">
               <zone>0$-2.71667$52.3667</zone>
          </city> 
          <city name="Luton">
               <zone>0$-0.366667$51.8667</zone>
          </city> 
          <city name="Manchester">
               <zone>0$-2.28333$53.35</zone>
          </city> 
          <city name="Margate">
               <zone>0$1.4$51.4</zone>
          </city> 
          <city name="Market Rasen">
               <zone>0$-0.35$53.4</zone>
          </city> 
          <city name="Middlesbrough">
               <zone>0$-1.23333$54.5833</zone>
          </city> 
          <city name="Musselburgh">
               <zone>0$-3.06667$55.95</zone>
          </city> 
          <city name="Newark">
               <zone>0$-0.816667$53.0833</zone>
          </city> 
          <city name="Newbury">
               <zone>0$-1.33333$51.4167</zone>
          </city> 
          <city name="Newcastle upon Tyne">
               <zone>0$-1.7$55.0333</zone>
          </city> 
          <city name="Newmarket">
               <zone>0$0.416667$52.25</zone>
          </city> 
          <city name="Newquay">
               <zone>0$-5.08333$50.4167</zone>
          </city> 
          <city name="Newton Abbot">
               <zone>0$-3.6$50.5333</zone>
          </city> 
          <city name="North Walsham">
               <zone>0$1.4$52.8333</zone>
          </city> 
          <city name="Northampton">
               <zone>0$-0.9$52.2333</zone>
          </city> 
          <city name="Norwich">
               <zone>0$1.3$52.6333</zone>
          </city> 
          <city name="Nottingham">
               <zone>0$-1.16667$52.9667</zone>
          </city> 
          <city name="Oxford">
               <zone>0$-1.25$51.7667</zone>
          </city> 
          <city name="Peterborough">
               <zone>0$-0.25$52.5833</zone>
          </city> 
          <city name="Plumpton Green">
               <zone>0$-0.033333$50.95</zone>
          </city> 
          <city name="Plymouth">
               <zone>0$-4.11667$52.35</zone>
          </city> 
          <city name="Pontefract">
               <zone>0$-1.3$53.7</zone>
          </city> 
          <city name="Ramsgate">
               <zone>0$1.41667$51.3333</zone>
          </city> 
          <city name="Reading">
               <zone>0$-0.983333$51.4667</zone>
          </city> 
          <city name="Redcar">
               <zone>0$-1.06667$54.6167</zone>
          </city> 
          <city name="Ripon">
               <zone>0$-1.51667$54.1333</zone>
          </city> 
          <city name="Rugby">
               <zone>0$-1.25$52.3833</zone>
          </city> 
          <city name="Salisbury">
               <zone>0$-1.8$51.0833</zone>
          </city> 
          <city name="Sandown">
               <zone>0$-1.15$50.65</zone>
          </city> 
     </country>	 
     <country count="SWITZERLAND">

          <city name="Aarau">
               <zone>1$8.05$47.3833</zone>
          </city> 
          <city name="Baden">
               <zone>1$8.3$47.4667</zone>
          </city> 
          <city name="Basel (Basle)">
               <zone>1$7.58333$47.55</zone>
          </city> 
          <city name="Bern (Berne)">
               <zone>1$7.5$46.9167</zone>
          </city> 
          <city name="Biel">
               <zone>1$7.25$47.1333</zone>
          </city> 
          <city name="Chur">
               <zone>1$9.53333$46.85</zone>
          </city> 
          <city name="Fribourg">
               <zone>1$7.15$46.8</zone>
          </city> 
          <city name="Geneva">
               <zone>1$6.13333$46.25</zone>
          </city> 
          <city name="La Chaux–de–Fonds">
               <zone>1$6.83333$47.1</zone>
          </city> 
          <city name="Lausanne">
               <zone>1$6.61667$46.55</zone>
          </city> 
          <city name="Locarno">
               <zone>1$8.8$46.1667</zone>
          </city> 
          <city name="Lucerne (Luzern)">
               <zone>1$8.3$47.05</zone>
          </city> 
          <city name="Lugano">
               <zone>1$8.96667$46</zone>
          </city> 
          <city name="Neuchâtel">
               <zone>1$6.95$47</zone>
          </city> 
          <city name="Saint Gallen (Sankt Gallen)">
               <zone>1$9.55$47.4833</zone>
          </city> 
          <city name="Schaffhausen">
               <zone>1$8.63333$47.7</zone>
          </city> 
          <city name="Sierre">
               <zone>1$7.53333$46.3</zone>
          </city> 
          <city name="Sion">
               <zone>1$7.33333$46.2167</zone>
          </city> 
          <city name="Solothurn">
               <zone>1$7.53333$47.2167</zone>
          </city> 
          <city name="Winterthur">
               <zone>1$8.71667$47.5</zone>
          </city> 
          <city name="Zürich">
               <zone>1$8.53333$47.4833</zone>
          </city> 
     </country>


	 
</xml>
