<?xml version="1.0"  encoding="UTF-8" ?>
<!-- List of countries for Africa -->
<xml> 



          <country count="Alabama">

          <city name="Andalusia">
               <zone>-6$-86.3833$31.3</zone>
          </city> 
          <city name="Anniston">
               <zone>-6$-85.85$33.5833</zone>
          </city> 
          <city name="Atmore">
               <zone>-6$-87.5$31.0167</zone>
          </city> 
          <city name="Auburn">
               <zone>-6$-85.5$32.6</zone>
          </city> 
          <city name="Birmingham">
               <zone>-6$-86.75$33.5667</zone>
          </city> 
          <city name="Decatur">
               <zone>-6$-85.45$34.6167</zone>
          </city> 
          <city name="Dothan">
               <zone>-6$-85.85$31.3167</zone>
          </city> 
          <city name="Enterprise">
               <zone>-6$-85.85$31.3167</zone>
          </city> 
          <city name="Evergreen">
               <zone>-6$-86.9833$31.4667</zone>
          </city> 
          <city name="Florence">
               <zone>-6$-87.6667$34.8</zone>
          </city> 
          <city name="Gadsden">
               <zone>-6$-86$34.0167</zone>
          </city> 
          <city name="Huntsville">
               <zone>-6$-86.5833$34.7</zone>
          </city> 
          <city name="Madison">
               <zone>-6$-86.75$34.7</zone>
          </city> 
          <city name="Mobile">
               <zone>-6$-88.25$30.6833</zone>
          </city> 
          <city name="Montgomery">
               <zone>-6$-86.3667$32.3833</zone>
          </city> 
          <city name="Muscle Shoals">
               <zone>-6$-87.5833$34.5833</zone>
          </city> 
          <city name="Opelika">
               <zone>-6$-85.3667$32.6333</zone>
          </city> 
          <city name="Ozark">
               <zone>-6$-85.6667$31.35</zone>
          </city> 
          <city name="Prattville">
               <zone>-6$-86.4667$32.4667</zone>
          </city> 
          <city name="Prichard">
               <zone>-6$-88.0833$30.7333</zone>
          </city> 
          <city name="Selma">
               <zone>-6$-87.9833$32.3333</zone>
          </city> 
          <city name="Troy">
               <zone>-6$-86$31.85</zone>
          </city> 
          <city name="Tuscaloosa">
               <zone>-6$-87.6167$33.2167</zone>
          </city> 
		  </country>
		  <country count="Alaska">
		  <city name="Adak">
               <zone>-10$-176.65$51.8833</zone>
          </city> 
          <city name="Ambler">
               <zone>-10$-157.85$67.1</zone>
          </city> 
          <city name="Anchorage">
               <zone>-10$-150.017$61.1667</zone>
          </city> 
          <city name="Angoon">
               <zone>-10$-134.583$57.5</zone>
          </city> 
          <city name="Aniak">
               <zone>-10$-159.533$61.5833</zone>
          </city> 
          <city name="Annette Island">
               <zone>-10$-131.567$55.0333</zone>
          </city> 
          <city name="Arctic Village">
               <zone>-10$-145.567$68.1167</zone>
          </city> 
          <city name="Atka">
               <zone>-10$-174.2$52.2167</zone>
          </city> 
          <city name="Barrow">
               <zone>-10$-156.783$71.3</zone>
          </city> 
          <city name="Bethel">
               <zone>-10$-161.833$60.7833</zone>
          </city> 
          <city name="Bettles">
               <zone>-10$-151.5$66.9</zone>
          </city> 
          <city name="Big Delta">
               <zone>-10$-145.717$64</zone>
          </city> 
          <city name="Buckland">
               <zone>-10$-161.15$65.9667</zone>
          </city> 
          <city name="Central">
               <zone>-10$-144.767$65.5667</zone>
          </city> 
          <city name="Chandalar">
               <zone>-10$-148.483$67.5</zone>
          </city> 
          <city name="Chicken">
               <zone>-10$-145.683$64.0333</zone>
          </city> 
          <city name="Chignik">
               <zone>-10$-158.367$56.3</zone>
          </city> 
          <city name="Circle">
               <zone>-10$-144.067$65.8333</zone>
          </city> 
          <city name="Clear">
               <zone>-10$-149.117$64.3</zone>
          </city> 
          <city name="Cold Bay (Udaamagax)">
               <zone>-10$-162.717$55.2167</zone>
          </city> 
          <city name="Cordova">
               <zone>-10$-145.467$60.4833</zone>
          </city> 
          <city name="Deering">
               <zone>-10$-162.75$66.0667</zone>
          </city> 
          <city name="Delta Junction">
               <zone>-10$-145.683$64.0333</zone>
          </city> 
          <city name="Denali (Denali National Park)">
               <zone>-10$-148.917$63.7333</zone>
          </city> 
          <city name="Dillingham">
               <zone>-10$-158.483$59.05</zone>
          </city> 
          <city name="Eagle">
               <zone>-10$-141.15$64.7667</zone>
          </city> 
          <city name="Egegik">
               <zone>-10$-157.367$58.4167</zone>
          </city> 
          <city name="Elfin Cove">
               <zone>-10$-136.35$58.2</zone>
          </city> 
          <city name="Emmonak">
               <zone>-10$-164.5$62.7667</zone>
          </city> 
          <city name="Fairbanks">
               <zone>-10$-147.867$64.8167</zone>
          </city> 
          <city name="Fort Richardson">
               <zone>-10$-149.65$61.2667</zone>
          </city> 
          <city name="Fort Yukon">
               <zone>-10$-145.267$66.5667</zone>
          </city> 
          <city name="Funter Bay">
               <zone>-10$-134.9$58.25</zone>
          </city> 
          <city name="Galbraith Lake">
               <zone>-10$-149.483$68.4833</zone>
          </city> 
          <city name="Galena">
               <zone>-10$-156.933$64.7333</zone>
          </city> 
          <city name="Gambell">
               <zone>-10$-171.7$63.7</zone>
          </city> 
          <city name="Golovin">
               <zone>-10$-163.033$64.5333</zone>
          </city> 
          <city name="Gulkana">
               <zone>-10$-145.45$62.15</zone>
          </city> 
          <city name="Gustavus">
               <zone>-10$-135.733$58.4167</zone>
          </city> 
          <city name="Haines">
               <zone>-10$-135.5$59.2333</zone>
          </city> 
          <city name="Healy">
               <zone>-10$-149.017$63.8833</zone>
          </city> 
          <city name="Homer">
               <zone>-10$-151.483$59.65</zone>
          </city> 
          <city name="Hoonah">
               <zone>-10$-135.45$58.1167</zone>
          </city> 
          <city name="Hooper Bay">
               <zone>-10$-166.15$61.5333</zone>
          </city> 
          <city name="Hughes">
               <zone>-10$-154.25$66.05</zone>
          </city> 
          <city name="Huslia">
               <zone>-10$-156.383$65.7</zone>
          </city> 
          <city name="Hydaburg">
               <zone>-10$-132.833$55.2</zone>
          </city> 
          <city name="Hyder">
               <zone>-10$-130.017$55.9167</zone>
          </city> 
          <city name="Iliamna">
               <zone>-10$-154.9$59.7333</zone>
          </city> 
          <city name="Juneau">
               <zone>-10$-134.583$58.3667</zone>
          </city> 
          <city name="Kake">
               <zone>-10$-133.95$56.9667</zone>
          </city> 
          <city name="Kaltag">
               <zone>-10$-158.717$64.3167</zone>
          </city> 
          <city name="Kenai">
               <zone>-10$-151.233$60.5667</zone>
          </city> 
          <city name="Ketchikan">
               <zone>-10$-131.717$55.35</zone>
          </city> 
          <city name="Kiana">
               <zone>-10$-160.433$66.9833</zone>
          </city> 
          <city name="King Salmon">
               <zone>-10$-156.65$58.6833</zone>
          </city> 
          <city name="Kivalina">
               <zone>-10$-164.533$67.7167</zone>
          </city> 
          <city name="Klawock">
               <zone>-10$-133.083$55.5833</zone>
          </city> 
          <city name="Kodiak">
               <zone>-10$-152.483$57.75</zone>
          </city> 
          <city name="Kotzebue">
               <zone>-10$-162.6$66.8833</zone>
          </city> 
          <city name="Koyuk">
               <zone>-10$-161.15$64.9333</zone>
          </city> 
          <city name="Lake Minchumina">
               <zone>-10$-152.267$63.9</zone>
          </city> 
          <city name="Manley Hot Springs">
               <zone>-10$-150.65$65</zone>
          </city> 
          <city name="McCarthy">
               <zone>-10$-142.933$61.4333</zone>
          </city> 
          <city name="McGrath">
               <zone>-10$-155.6$62.95</zone>
          </city> 
          <city name="Mekoryuk">
               <zone>-10$-166.267$60.3667</zone>
          </city> 
          <city name="Metlakatla">
               <zone>-10$-131.567$55.1167</zone>
          </city> 
          <city name="Middleton Island">
               <zone>-10$-146.333$59.4333</zone>
          </city> 
          <city name="Nenana">
               <zone>-10$-149.083$64.55</zone>
          </city> 
          <city name="Nightmute">
               <zone>-10$-164.7$60.4667</zone>
          </city> 
          <city name="Nikolski">
               <zone>-10$-168.85$52.95</zone>
          </city> 
          <city name="Noatak">
               <zone>-10$-162.983$67.5667</zone>
          </city> 
          <city name="Nome">
               <zone>-10$-165.433$64.5</zone>
          </city> 
          <city name="Northway">
               <zone>-10$-141.933$62.95</zone>
          </city> 
          <city name="Nuiqsut">
               <zone>-10$-151.083$70.2833</zone>
          </city> 
          <city name="Palmer">
               <zone>-10$-149.083$61.6</zone>
          </city> 
          <city name="Paxson Lake">
               <zone>-10$-145.5$63.0333</zone>
          </city> 
          <city name="Petersburg">
               <zone>-10$-132.967$56.8167</zone>
          </city> 
          <city name="Platinum">
               <zone>-10$-161.817$59.0167</zone>
          </city> 
          <city name="Point Hope">
               <zone>-10$-166.8$68.35</zone>
          </city> 
          <city name="Point Lay">
               <zone>-10$-163.05$69.8167</zone>
          </city> 
          <city name="Port Alexander">
               <zone>-10$-134.65$56.25</zone>
          </city> 
          <city name="Port Alsworth">
               <zone>-10$-154.3$60.2</zone>
          </city> 
          <city name="Port Clarence">
               <zone>-10$-166.867$65.25</zone>
          </city> 
          <city name="Port Heiden">
               <zone>-10$-158.617$56.95</zone>
          </city> 
          <city name="Prudhoe Bay">
               <zone>-10$-148.367$70.25</zone>
          </city> 
          <city name="Red Dog">
               <zone>-10$-162.9$68.0167</zone>
          </city> 
          <city name="Sand Point">
               <zone>-10$-160.517$55.3167</zone>
          </city> 
          <city name="Savoonga">
               <zone>-10$-170.5$63.6833</zone>
          </city> 
          <city name="Scammon Bay">
               <zone>-10$-165.583$61.85</zone>
          </city> 
          <city name="Selawik">
               <zone>-10$-160$66.6167</zone>
          </city> 
          <city name="Seldovia">
               <zone>-10$-151.7$59.4333</zone>
          </city> 
          <city name="Seward">
               <zone>-10$-149.45$60.1167</zone>
          </city> 
          <city name="Shageluk">
               <zone>-10$-159.567$62.6833</zone>
          </city> 
          <city name="Shemya Island">
               <zone>-10$174.117$52.7167</zone>
          </city> 
          <city name="Shishmaref">
               <zone>-10$-166.05$66.2667</zone>
          </city> 
          <city name="Sitka">
               <zone>-10$-135.35$57.0333</zone>
          </city> 
          <city name="Skagway">
               <zone>-10$-135.3$59.4667</zone>
          </city> 
          <city name="Skwentna">
               <zone>-10$-151.183$61.9667</zone>
          </city> 
          <city name="Sleetmute">
               <zone>-10$-157.15$61.7167</zone>
          </city> 
          <city name="Soldotna">
               <zone>-10$-151.033$60.4833</zone>
          </city> 
          <city name="St. Marys">
               <zone>-10$-163.3$62.0667</zone>
          </city> 
          <city name="St. Paul, St. Paul Island">
               <zone>-10$-170.217$57.15</zone>
          </city> 
          <city name="Sutton">
               <zone>-10$-148.883$61.7167</zone>
          </city> 
          <city name="Talkeetna">
               <zone>-10$-150.083$62.3167</zone>
          </city> 
          <city name="Tanana">
               <zone>-10$-152.1$65.1667</zone>
          </city> 
          <city name="Tin City">
               <zone>-10$-167.983$65.5667</zone>
          </city> 
          <city name="Tok">
               <zone>-10$-142.983$63.3167</zone>
          </city> 
          <city name="Umiat">
               <zone>-10$-152.133$69.3667</zone>
          </city> 
          <city name="Unalakleet">
               <zone>-10$-160.8$63.8833</zone>
          </city> 
          <city name="Unalaska">
               <zone>-10$-166.533$53.8833</zone>
          </city> 
          <city name="Valdez">
               <zone>-10$-146.35$61.1333</zone>
          </city> 
          <city name="Wainwright">
               <zone>-10$-160$70.6333</zone>
          </city> 
          <city name="Wasilla">
               <zone>-10$-149.483$61.5667</zone>
          </city> 
          <city name="WhittierPortage Glacier">
               <zone>-10$-148.683$60.7667</zone>
          </city> 
          <city name="Willow">
               <zone>-10$-150.05$61.75</zone>
          </city> 
          <city name="Wrangell">
               <zone>-10$-132.367$56.4833</zone>
          </city> 
          <city name="Yakutat">
               <zone>-10$-139.667$59.5167</zone>
          </city> 
          </country>
         <country count="Arizona">		  

          <city name="Bullhead City">
               <zone>-7$-114.55$35.15</zone>
          </city> 
          <city name="Casa Grande">
               <zone>-7$-111.767$32.95</zone>
          </city> 
          <city name="Chandler">
               <zone>-7$-111.8$33.2667</zone>
          </city> 
          <city name="Douglas">
               <zone>-7$-109.6$31.4667</zone>
          </city> 
          <city name="Flagstaff">
               <zone>-7$-111.667$35.1333</zone>
          </city> 
          <city name="Fort Huachuca">
               <zone>-7$-110.35$31.5167</zone>
          </city> 
          <city name="Ganado (Navajo Nation)">
               <zone>-7$-109.533$35.7167</zone>
          </city> 
          <city name="Gilbert">
               <zone>-7$-111.783$33.35</zone>
          </city> 
          <city name="Glendale">
               <zone>-7$-112.283$33.5167</zone>
          </city> 
          <city name="Goodyear">
               <zone>-7$-112.383$33.4167</zone>
          </city> 
          <city name="Grand Canyon National Park">
               <zone>-7$-112.15$35.9333</zone>
          </city> 
          <city name="HotevillaBacavi">
               <zone>-7$-110.667$35.9333</zone>
          </city> 
          <city name="Kayenta (Navajo Nation)">
               <zone>-7$-110.25$36.7333</zone>
          </city> 
          <city name="Kingman">
               <zone>-7$-114.017$35.2</zone>
          </city> 
          <city name="Laveen">
               <zone>-7$-112.267$33.6</zone>
          </city> 
          <city name="Mesa">
               <zone>-7$-111.733$33.4667</zone>
          </city> 
          <city name="Nogales">
               <zone>-7$-110.917$31.35</zone>
          </city> 
          <city name="Old Oraibi">
               <zone>-7$-110.633$35.8833</zone>
          </city> 
          <city name="Page">
               <zone>-7$-111.467$36.9167</zone>
          </city> 
          <city name="Payson">
               <zone>-7$-111.333$34.2333</zone>
          </city> 
          <city name="Phoenix">
               <zone>-7$-112.017$33.4333</zone>
          </city> 
          <city name="Prescott">
               <zone>-7$-112.433$34.65</zone>
          </city> 
          <city name="Safford">
               <zone>-7$-109.683$32.8167</zone>
          </city> 
          <city name="Scottsdale">
               <zone>-7$-111.9$33.6167</zone>
          </city> 
          <city name="Sedona">
               <zone>-7$-111.783$34.85</zone>
          </city> 
          <city name="Sierra Vista">
               <zone>-7$-110.3$31.55</zone>
          </city> 
          <city name="St. Johns">
               <zone>-7$-109.367$34.5167</zone>
          </city> 
          <city name="Sun City">
               <zone>-7$-112.267$33.6</zone>
          </city> 
          <city name="Tempe">
               <zone>-7$-111.917$33.4167</zone>
          </city> 
          <city name="Tombstone">
               <zone>-7$-110.067$31.7167</zone>
          </city> 
          <city name="Tuba City (Navajo Nation)">
               <zone>-7$-111.233$36.1333</zone>
          </city> 
          <city name="Tucson">
               <zone>-7$-110.933$32.1167</zone>
          </city> 
          <city name="Valle">
               <zone>-7$-112.133$35.65</zone>
          </city> 
          <city name="Window Rock (Navajo Nation)">
               <zone>-7$-109.05$35.6833</zone>
          </city> 
          <city name="Winslow">
               <zone>-7$-110.733$35.0167</zone>
          </city> 
          <city name="Yuma">
               <zone>-7$-114.617$32.65</zone>
          </city> 
		  </country>
          <country count="Arkansas">    
          <city name="Batesville">
               <zone>-6$-91.65$35.7333</zone>
          </city> 
          <city name="Bentonville">
               <zone>-6$-94.2167$36.35</zone>
          </city> 
          <city name="Blytheville">
               <zone>-6$-89.95$35.95</zone>
          </city> 
          <city name="Camden">
               <zone>-6$-92.8167$33.6</zone>
          </city> 
          <city name="El Dorado">
               <zone>-6$-92.8167$33.2167</zone>
          </city> 
          <city name="Fayetteville">
               <zone>-6$-94.1667$36</zone>
          </city> 
          <city name="Fort Smith">
               <zone>-6$-94.35$35.3333</zone>
          </city> 
          <city name="Harrison">
               <zone>-6$-93.15$36.25</zone>
          </city> 
          <city name="Hot Springs">
               <zone>-6$-93.1$34.4833</zone>
          </city> 
          <city name="Jacksonville">
               <zone>-6$-92.1167$34.8667</zone>
          </city> 
          <city name="Jonesboro">
               <zone>-6$-90.7$35.8333</zone>
          </city> 
          <city name="Little Rock">
               <zone>-6$-92.2333$34.7333</zone>
          </city> 
          <city name="Monticello">
               <zone>-6$-91.75$33.6333</zone>
          </city> 
          <city name="Mountain Home">
               <zone>-6$-92.4667$36.3667</zone>
          </city> 
          <city name="Osceola">
               <zone>-6$-89.9667$35.7</zone>
          </city> 
          <city name="Pine Bluff">
               <zone>-6$-92.0833$34.3</zone>
          </city> 
          <city name="Rogers">
               <zone>-6$-94.1$36.3667</zone>
          </city> 
          <city name="Russellville">
               <zone>-6$-93.0833$35.25</zone>
          </city> 
          <city name="Searcy">
               <zone>-6$-91.7333$35.2</zone>
          </city> 
          <city name="Sherwood">
               <zone>-6$-92.2167$34.8167</zone>
          </city> 
          <city name="Siloam Springs">
               <zone>-6$-94.4833$36.2</zone>
          </city> 
          <city name="Springdale">
               <zone>-6$-94.1167$36.1833</zone>
          </city> 
          <city name="Stuttgart">
               <zone>-6$-91.5667$34.5</zone>
          </city> 
          <city name="Texarkana">
               <zone>-6$-93.9833$33.45</zone>
          </city> 
          <city name="Walnut Ridge">
               <zone>-6$-90.9167$36.1333</zone>
          </city> 
              
          </country>
		  <country count="California">
          <city name="Antioch">
               <zone>-8$-121.8$38</zone>
          </city> 
          <city name="Apple Valley">
               <zone>-8$-117.183$34.5833</zone>
          </city> 
          <city name="Arcata">
               <zone>-8$-124.1$40.9667</zone>
          </city> 
          <city name="Bakersfield">
               <zone>-8$-119.05$35.4167</zone>
          </city> 
          <city name="Barstow">
               <zone>-8$-117.017$34.9</zone>
          </city> 
          <city name="Beaumont">
               <zone>-8$-116.967$33.9333</zone>
          </city> 
          <city name="Berkeley">
               <zone>-8$-122.267$37.8667</zone>
          </city> 
          <city name="Beverly Hills">
               <zone>-8$-118.4$34.0667</zone>
          </city> 
          <city name="Bishop">
               <zone>-8$-118.35$37.3667</zone>
          </city> 
          <city name="Blythe">
               <zone>-8$-114.717$33.6167</zone>
          </city> 
          <city name="Burbank">
               <zone>-8$-118.35$34.2</zone>
          </city> 
          <city name="Burney">
               <zone>-8$-121.667$40.8833</zone>
          </city> 
          <city name="Calexico">
               <zone>-8$-115.5$32.6667</zone>
          </city> 
          <city name="Camarillo">
               <zone>-8$-119.083$34.2167</zone>
          </city> 
          <city name="Campo">
               <zone>-8$-116.467$32.6167</zone>
          </city> 
          <city name="Carlsbad">
               <zone>-8$-117.267$33.1167</zone>
          </city> 
          <city name="Carmel  Monterey">
               <zone>-8$-121.9$38.2167</zone>
          </city> 
          <city name="CarmelbytheSea">
               <zone>-8$-121.917$36.55</zone>
          </city> 
          <city name="Castroville">
               <zone>-8$-121.8$36.8</zone>
          </city> 
          <city name="Chico">
               <zone>-8$-121.85$39.8</zone>
          </city> 
          <city name="Chino">
               <zone>-8$-117.617$33.9667</zone>
          </city> 
          <city name="Chula Vista">
               <zone>-8$-117.083$32.6333</zone>
          </city> 
          <city name="Citrus Heights">
               <zone>-8$-121.283$38.7</zone>
          </city> 
          <city name="Claremont">
               <zone>-8$-117.7$34.1</zone>
          </city> 
          <city name="Clovis">
               <zone>-8$-119.7$36.8333</zone>
          </city> 
          <city name="Concord">
               <zone>-8$-122.033$37.9833</zone>
          </city> 
          <city name="Costa Mesa">
               <zone>-8$-117.917$33.6333</zone>
          </city> 
          <city name="Crescent City">
               <zone>-8$-124.2$41.7667</zone>
          </city> 
          <city name="Crows Landing">
               <zone>-8$-121.1$37.4</zone>
          </city> 
          <city name="Daly City">
               <zone>-8$-122.533$37.7167</zone>
          </city> 
          <city name="Dana Point">
               <zone>-8$-117.683$33.45</zone>
          </city> 
          <city name="Delano">
               <zone>-8$-119.25$35.7667</zone>
          </city> 
          <city name="Edwards">
               <zone>-8$-117.933$34.9333</zone>
          </city> 
          <city name="El Cajon">
               <zone>-8$-116.967$32.8</zone>
          </city> 
          <city name="El Centro">
               <zone>-8$-115.65$32.8167</zone>
          </city> 
          <city name="El Monte">
               <zone>-8$-118.033$34.0833</zone>
          </city> 
          <city name="Emeryville">
               <zone>-8$-122.283$37.8333</zone>
          </city> 
          <city name="Encinitas">
               <zone>-8$-117.283$33.0333</zone>
          </city> 
          <city name="Escondido">
               <zone>-8$-117.083$33.1167</zone>
          </city> 
          <city name="Eureka">
               <zone>-8$-124.1$40.9833</zone>
          </city> 
          <city name="Fairfax">
               <zone>-8$-122.583$37.9833</zone>
          </city> 
          <city name="Fairfield">
               <zone>-8$-121.95$38.2667</zone>
          </city> 
          <city name="Fallon">
               <zone>-8$-122.9$38.2667</zone>
          </city> 
          <city name="Fort Bragg">
               <zone>-8$-123.817$39.7</zone>
          </city> 
          <city name="Foster City">
               <zone>-8$-122.267$37.5667</zone>
          </city> 
          <city name="Fresno">
               <zone>-8$-119.717$36.7667</zone>
          </city> 
          <city name="Fullerton">
               <zone>-8$-117.983$33.8667</zone>
          </city> 
          <city name="Hanford">
               <zone>-8$-119.617$36.3167</zone>
          </city> 
          <city name="Hawthorne">
               <zone>-8$-118.317$33.9167</zone>
          </city> 
          <city name="Hayward">
               <zone>-8$-122.117$37.65</zone>
          </city> 
          <city name="Hermosa Beach">
               <zone>-8$-118.4$33.8667</zone>
          </city> 
          <city name="Hollywood">
               <zone>-8$-118.333$33.1</zone>
          </city> 
          <city name="Huntington Beach">
               <zone>-8$-118.133$33.5667</zone>
          </city> 
          <city name="Imperial">
               <zone>-8$-115.567$32.8333</zone>
          </city> 
          <city name="Imperial Beach">
               <zone>-8$-117.1$32.55</zone>
          </city> 
          <city name="Inglewood">
               <zone>-8$-118.35$33.9667</zone>
          </city> 
          <city name="Inyokern">
               <zone>-8$-117.833$35.6667</zone>
          </city> 
          <city name="Irvine">
               <zone>-8$-117.817$33.6667</zone>
          </city> 
          <city name="La Verne">
               <zone>-8$-117.783$34.1</zone>
          </city> 
          <city name="Lancaster">
               <zone>-8$-118.217$34.7333</zone>
          </city> 
          <city name="Lemoore">
               <zone>-8$-119.783$36.3</zone>
          </city> 
          <city name="Livermore">
               <zone>-8$-121.8$37.6833</zone>
          </city> 
          <city name="Lompoc">
               <zone>-8$-120.467$34.6667</zone>
          </city> 
          <city name="Long Beach">
               <zone>-8$-118.15$33.8167</zone>
          </city> 
          <city name="Los Altos">
               <zone>-8$-122.133$37.3833</zone>
          </city> 
          <city name="Los Angeles">
               <zone>-8$-118.4$33.9333</zone>
          </city> 
          <city name="Los Banos">
               <zone>-8$-120.85$37.0667</zone>
          </city> 
          <city name="Madera">
               <zone>-8$-120.1$36.9833</zone>
          </city> 
          <city name="Malibu">
               <zone>-8$-118.683$34.0333</zone>
          </city> 
          <city name="Marina Del Rey">
               <zone>-8$-118.433$33.9667</zone>
          </city> 
          <city name="Marysville">
               <zone>-8$-121.567$39.0833</zone>
          </city> 
          <city name="Merced">
               <zone>-8$-120.5$37.2667</zone>
          </city> 
          <city name="Modesto">
               <zone>-8$-121$37.65</zone>
          </city> 
          <city name="Mojave">
               <zone>-8$-118.15$35.0667</zone>
          </city> 
          <city name="Montague">
               <zone>-8$-122.467$41.7667</zone>
          </city> 
          <city name="Mount Shasta">
               <zone>-8$-122.3$41.3</zone>
          </city> 
          <city name="Mountain View">
               <zone>-8$-122.033$37.4</zone>
          </city> 
          <city name="Napa">
               <zone>-8$-122.283$36.6</zone>
          </city> 
          <city name="Needles">
               <zone>-8$-114.617$34.75</zone>
          </city> 
          <city name="Newport Beach">
               <zone>-8$-117.883$33.6</zone>
          </city> 
          <city name="North Hollywood">
               <zone>-8$-118.383$34.1667</zone>
          </city> 
          <city name="Novato">
               <zone>-8$-122.567$38.1</zone>
          </city> 
          <city name="Oakland">
               <zone>-8$-122.317$37.8167</zone>
          </city> 
          <city name="Oceanside">
               <zone>-8$-117.35$33.3</zone>
          </city> 
          <city name="Ontario">
               <zone>-8$-117.567$34.05</zone>
          </city> 
          <city name="Oroville">
               <zone>-8$-121.617$39.5</zone>
          </city> 
          <city name="Oxnard">
               <zone>-8$-119.183$34.2</zone>
          </city> 
          <city name="Pacifica">
               <zone>-8$-122.483$37.6167</zone>
          </city> 
          <city name="Palm Springs">
               <zone>-8$-116.533$33.8167</zone>
          </city> 
          <city name="Palo Alto">
               <zone>-8$-122.117$37.4667</zone>
          </city> 
          <city name="Pasadena">
               <zone>-8$-118.15$34.15</zone>
          </city> 
          <city name="Paso Robles">
               <zone>-8$-120.617$35.6667</zone>
          </city> 
          <city name="Port Hueneme">
               <zone>-8$-119.2$34.15</zone>
          </city> 
          <city name="Porterville">
               <zone>-8$-119.067$36.0333</zone>
          </city> 
          <city name="Ramona">
               <zone>-8$-116.9$33.0333</zone>
          </city> 
          <city name="Red Bluff">
               <zone>-8$-122.25$40.15</zone>
          </city> 
          <city name="Redding">
               <zone>-8$-122.283$40.5</zone>
          </city> 
          <city name="Redwood City">
               <zone>-8$-122.233$37.4833</zone>
          </city> 
          <city name="Riverside">
               <zone>-8$-117.4$33.95</zone>
          </city> 
          <city name="Roseville">
               <zone>-8$-121.283$38.75</zone>
          </city> 
          <city name="Sacramento">
               <zone>-8$-121.5$38.5167</zone>
          </city> 
          <city name="Salinas">
               <zone>-8$-121.6$36.6667</zone>
          </city> 
          <city name="San Bernardino">
               <zone>-8$-117.267$34.1333</zone>
          </city> 
          <city name="San Bruno">
               <zone>-8$-122.417$37.6333</zone>
          </city> 
          <city name="San Carlos">
               <zone>-8$-122.25$37.5167</zone>
          </city> 
          <city name="San Clemente">
               <zone>-8$-117.617$33.4167</zone>
          </city> 
          <city name="San Diego">
               <zone>-8$-117.167$32.7333</zone>
          </city> 
          <city name="San Francisco">
               <zone>-8$-122.383$37.6167</zone>
          </city> 
          <city name="San Jose">
               <zone>-8$-121.933$37.3667</zone>
          </city> 
          <city name="San Luis Obispo">
               <zone>-8$-120.733$35.3333</zone>
          </city> 
          <city name="San Mateo">
               <zone>-8$-122.317$37.5667</zone>
          </city> 
          <city name="San Rafael">
               <zone>-8$-122.533$37.9667</zone>
          </city> 
          <city name="Santa Ana">
               <zone>-8$-117.85$33.6667</zone>
          </city> 
          <city name="Santa Barbara">
               <zone>-8$-119.833$34.4333</zone>
          </city> 
          <city name="Santa Clara (Stanford)">
               <zone>-8$-121.267$37.35</zone>
          </city> 
          <city name="Santa Clarita">
               <zone>-8$-118.567$34.3667</zone>
          </city> 
          <city name="Santa Cruz">
               <zone>-8$-122$36.9667</zone>
          </city> 
          <city name="Santa Maria">
               <zone>-8$-120.433$34.8833</zone>
          </city> 
          <city name="Santa Monica">
               <zone>-8$-118.483$34.0167</zone>
          </city> 
          <city name="Santa Rosa">
               <zone>-8$-122.817$38.5167</zone>
          </city> 
          <city name="Santa Ynez">
               <zone>-8$-120.067$34.6</zone>
          </city> 
          <city name="Seal Beach">
               <zone>-8$-118.1$33.7333</zone>
          </city> 
          <city name="Solana Beach">
               <zone>-8$-117.267$32.9833</zone>
          </city> 
          <city name="South Lake Tahoe">
               <zone>-8$-119.983$38.8833</zone>
          </city> 
          <city name="Stockton">
               <zone>-8$-121.25$37.9</zone>
          </city> 
          <city name="Susanville">
               <zone>-8$-120.567$40.3833</zone>
          </city> 
          <city name="Thermal">
               <zone>-8$-116.15$33.6167</zone>
          </city> 
          <city name="Thousand Oaks">
               <zone>-8$-118.833$34.1667</zone>
          </city> 
          <city name="Toluca Lake">
               <zone>-8$-118.367$34.15</zone>
          </city> 
          <city name="Torrance">
               <zone>-8$-118.333$33.8</zone>
          </city> 
          <city name="Truckee">
               <zone>-8$-120.133$39.3167</zone>
          </city> 
          <city name="Twentynine Palms">
               <zone>-8$-116.05$34.1333</zone>
          </city> 
          <city name="Ukiah">
               <zone>-8$-123.2$39.1167</zone>
          </city> 
          <city name="Vacaville">
               <zone>-8$-121.95$38.3667</zone>
          </city> 
          <city name="Vallejo">
               <zone>-8$-122.25$38.1</zone>
          </city> 
          <city name="Victorville">
               <zone>-8$-117.283$34.5333</zone>
          </city> 
          <city name="Visalia">
               <zone>-8$-119.4$36.3167</zone>
          </city> 
          <city name="Watsonville">
               <zone>-8$-121.783$36.9333</zone>
          </city> 
          <city name="Yreka">
               <zone>-8$-122.633$41.7333</zone>
          </city> 
          <city name="Yuba City">
               <zone>-8$-121.617$39.1333</zone>
          </city> 
          </country>
		  <country count="Colorado">     
           
          <city name="Alamosa">
               <zone>-7$-105.867$37.45</zone>
          </city> 
          <city name="Aspen">
               <zone>-7$-106.8$39.2</zone>
          </city> 
          <city name="Aurora">
               <zone>-7$-104.9$39.55</zone>
          </city> 
          <city name="Boulder">
               <zone>-7$-105.267$40</zone>
          </city> 
          <city name="Brighton">
               <zone>-7$-104.817$39.9833</zone>
          </city> 
          <city name="Broomfield">
               <zone>-7$-105.117$39.9167</zone>
          </city> 
          <city name="Burlington">
               <zone>-7$-102.267$39.2333</zone>
          </city> 
          <city name="Colorado Springs">
               <zone>-7$-104.717$38.8167</zone>
          </city> 
          <city name="Cortez">
               <zone>-7$-108.617$37.3</zone>
          </city> 
          <city name="Craig">
               <zone>-7$-107.517$40.5167</zone>
          </city> 
          <city name="Denver">
               <zone>-7$-104.867$39.75</zone>
          </city> 
          <city name="Durango">
               <zone>-7$-107.883$37.2833</zone>
          </city> 
          <city name="Englewood">
               <zone>-7$-104.983$39.65</zone>
          </city> 
          <city name="Fort Carson">
               <zone>-7$-104.767$38.7</zone>
          </city> 
          <city name="Fort Collins">
               <zone>-7$-105.083$40.75</zone>
          </city> 
          <city name="Grand Junction">
               <zone>-7$-108.533$39.1167</zone>
          </city> 
          <city name="Greeley">
               <zone>-7$-104.633$40.4333</zone>
          </city> 
          <city name="Gunnison">
               <zone>-7$-106.933$38.5333</zone>
          </city> 
          <city name="Hayden">
               <zone>-7$-107.217$40.4833</zone>
          </city> 
          <city name="Lamar">
               <zone>-7$-102.683$38.0667</zone>
          </city> 
          <city name="Leadville">
               <zone>-7$-106.3$39.25</zone>
          </city> 
          <city name="Limon">
               <zone>-7$-103.667$39.2667</zone>
          </city> 
          <city name="Montrose">
               <zone>-7$-107.883$38.5</zone>
          </city> 
          <city name="Pagosa Springs">
               <zone>-7$-106.8$37.45</zone>
          </city> 
          <city name="Pueblo">
               <zone>-7$-104.483$38.3</zone>
          </city> 
          <city name="Rifle">
               <zone>-7$-107.8$39.5333</zone>
          </city> 
          <city name="Salida">
               <zone>-7$-106.017$38.5167</zone>
          </city> 
          <city name="Steamboat Springs">
               <zone>-7$-106.867$40.5167</zone>
          </city> 
          <city name="Sterling">
               <zone>-7$-103.2$40.6167</zone>
          </city> 
          <city name="Telluride">
               <zone>-7$-107.9$37.95</zone>
          </city> 
          <city name="Trinidad">
               <zone>-7$-104.333$37.25</zone>
          </city> 
          <city name="Vail">
               <zone>-7$-106.367$39.6333</zone>
          </city> 
          <city name="Winter Park">
               <zone>-7$-105.767$39.8833</zone>
          </city>             
          	  </country >
			  	 
		  <country count="Connecticut">
		  <city name="Bridgeport">
               <zone>-5$-73.1833$41.1833</zone>
          </city> 
          <city name="Cheshire">
               <zone>-5$-72.9$41.5</zone>
          </city> 
          <city name="Danbury">
               <zone>-5$-73.4833$41.3667</zone>
          </city> 
          <city name="East Haven">
               <zone>-5$-72.8667$41.2833</zone>
          </city> 
          <city name="Groton">
               <zone>-5$-72.0333$41.3167</zone>
          </city> 
          <city name="Hartford">
               <zone>-5$-72.65$41.7333</zone>
          </city> 
          <city name="Meriden">
               <zone>-5$-72.8167$41.5</zone>
          </city> 
          <city name="New Haven">
               <zone>-5$-73.9167$41.3167</zone>
          </city> 
          <city name="New London">
               <zone>-5$-72.0833$41.3</zone>
          </city> 
          <city name="Norwich">
               <zone>-5$-72.0667$41.5333</zone>
          </city> 
          <city name="Oxford">
               <zone>-5$-73.1333$41.4833</zone>
          </city> 
          <city name="Waterbury">
               <zone>-5$-73.0667$41.5833</zone>
          </city> 
          <city name="West Hartford">
               <zone>-5$-72.75$41.7667</zone>
          </city> 
          <city name="Willimantic">
               <zone>-5$-72.1833$41.7333</zone>
          </city> 
          <city name="Windsor Locks">
               <zone>-5$-72.6833$41.9333</zone>
          </city> 
		  </country>
		  <country count="Delaware">
		  <city name="Dover">
               <zone>-5$-75.4667$39.1333</zone>
          </city> 
          <city name="Georgetown">
               <zone>-5$-75.35$38.6833</zone>
          </city> 
          <city name="Wilmington">
               <zone>-5$-75.6$39.6667</zone>
          </city> 
		  </country >
		   <country count="District of Columbia">
          <city name="Washington D.C.">
               <zone>-5$-77.0333$38.85</zone>
          </city> 
		  </country>
		  <country count="Florida">
		  <city name="Apalachicola">
               <zone>-5$-85.0167$29.7167</zone>
          </city> 
          <city name="Atlantic Beach">
               <zone>-5$-81.4$30.3333</zone>
          </city> 
          <city name="Avon Park">
               <zone>-5$-81.3333$27.65</zone>
          </city> 
          <city name="Bartow">
               <zone>-5$-81.7833$27.95</zone>
          </city> 
          <city name="Belle Glade">
               <zone>-5$-80.65$26.65</zone>
          </city> 
          <city name="Boca Raton">
               <zone>-5$-80.1$26.3667</zone>
          </city> 
          <city name="Brandon">
               <zone>-5$-82.2833$27.9333</zone>
          </city> 
          <city name="Brooksville">
               <zone>-5$-82.45$28.4667</zone>
          </city> 
          <city name="Cape Canaveral">
               <zone>-5$-80.6$28.4</zone>
          </city> 
          <city name="Clearwater">
               <zone>-5$-82.8$27.9667</zone>
          </city> 
          <city name="Clermont">
               <zone>-5$-81.7667$28.55</zone>
          </city> 
          <city name="Cocoa">
               <zone>-5$-80.6$28.2333</zone>
          </city> 
          <city name="Crestview">
               <zone>-5$-86.5167$30.7667</zone>
          </city> 
          <city name="Cross City">
               <zone>-5$-83.1$29.55</zone>
          </city> 
          <city name="Daytona Beach">
               <zone>-5$-81.05$29.1833</zone>
          </city> 
          <city name="Delray Beach">
               <zone>-5$-80.0667$26.4667</zone>
          </city> 
          <city name="Destin">
               <zone>-5$-86.5$30.4</zone>
          </city> 
          <city name="Edgewater">
               <zone>-5$-80.9$28.9833</zone>
          </city> 
          <city name="Fort Lauderdale">
               <zone>-5$-80.15$26.0667</zone>
          </city> 
          <city name="Fort Myers">
               <zone>-5$-81.8667$26.5833</zone>
          </city> 
          <city name="Fort Pierce">
               <zone>-5$-80.35$27.4667</zone>
          </city> 
          <city name="Fort Walton Beach">
               <zone>-5$-86.6167$30.4</zone>
          </city> 
          <city name="Gainesville">
               <zone>-5$-82.2667$29.6833</zone>
          </city> 
          <city name="Hallandale Beach">
               <zone>-5$-80.15$25.9833</zone>
          </city> 
          <city name="Hollywood">
               <zone>-5$-80.15$26.0167</zone>
          </city> 
          <city name="Homestead">
               <zone>-5$-80.3833$25.4833</zone>
          </city> 
          <city name="Islamorada">
               <zone>-5$-80.5833$24.95</zone>
          </city> 
          <city name="Jacksonville">
               <zone>-5$-81.7$30.5</zone>
          </city> 
          <city name="Kendall">
               <zone>-5$-80.4333$25.6333</zone>
          </city> 
          <city name="Key West">
               <zone>-5$-81.75$24.55</zone>
          </city> 
          <city name="Kissimmee">
               <zone>-5$-81.4$28.3</zone>
          </city> 
          <city name="Lady Lake">
               <zone>-5$-81.9167$28.9167</zone>
          </city> 
          <city name="Lakeland">
               <zone>-5$-81.95$28.0333</zone>
          </city> 
          <city name="Leesburg">
               <zone>-5$-81.8$28.8167</zone>
          </city> 
          <city name="Marathon">
               <zone>-5$-81.0333$24.7167</zone>
          </city> 
          <city name="Marianna">
               <zone>-5$-85.1833$30.8333</zone>
          </city> 
          <city name="Melbourne">
               <zone>-5$-80.6333$28.1</zone>
          </city> 
          <city name="Miami">
               <zone>-5$-80.2667$25.8</zone>
          </city> 
          <city name="Milton">
               <zone>-5$-87.0333$30.6333</zone>
          </city> 
          <city name="Naples">
               <zone>-5$-81.7667$26.15</zone>
          </city> 
          <city name="New Port Richey">
               <zone>-5$-82.6167$28.1833</zone>
          </city> 
          <city name="Ocala">
               <zone>-5$-82.1333$29.1833</zone>
          </city> 
          <city name="Orange Park">
               <zone>-5$-81.7$30.1667</zone>
          </city> 
          <city name="Orlando">
               <zone>-5$-81.3833$28.55</zone>
          </city> 
          <city name="Palm Harbor">
               <zone>-5$-82.7667$28.0833</zone>
          </city> 
          <city name="Panama City">
               <zone>-5$-85.6833$30.2</zone>
          </city> 
          <city name="Pensacola">
               <zone>-5$-87.2167$30.4167</zone>
          </city> 
          <city name="Perry">
               <zone>-5$-83.5667$30.0667</zone>
          </city> 
          <city name="Plant City">
               <zone>-5$-82.1167$28.0167</zone>
          </city> 
          <city name="Pompano Beach">
               <zone>-5$-80.1$26.2333</zone>
          </city> 
          <city name="Port Saint Lucie">
               <zone>-5$-80.35$27.3</zone>
          </city> 
          <city name="Punta Gorda">
               <zone>-5$-81.9833$26.9167</zone>
          </city> 
          <city name="Quincy">
               <zone>-5$-84.5833$30.5833</zone>
          </city> 
          <city name="Sanford">
               <zone>-5$-81.2667$28.8</zone>
          </city> 
          <city name="Sarasota">
               <zone>-5$-82.55$27.3833</zone>
          </city> 
          <city name="St. Augustine">
               <zone>-5$-81.3167$29.9</zone>
          </city> 
          <city name="St. Petersburg">
               <zone>-5$-82.3333$27.7667</zone>
          </city> 
          <city name="Stuart">
               <zone>-5$-80.2167$27.1667</zone>
          </city> 
          <city name="Tallahassee">
               <zone>-5$-84.3667$30.3833</zone>
          </city> 
          <city name="Tampa">
               <zone>-5$-82.5333$27.9667</zone>
          </city> 
          <city name="Tavernier">
               <zone>-5$-80.5167$25</zone>
          </city> 
          <city name="Titusville">
               <zone>-5$-80.8$28.5167</zone>
          </city> 
          <city name="Valparaiso">
               <zone>-5$-86.5167$30.4833</zone>
          </city> 
          <city name="Venice">
               <zone>-5$-82.45$27.0833</zone>
          </city> 
          <city name="Vero Beach">
               <zone>-5$-80.4167$27.65</zone>
          </city> 
          <city name="West Palm Beach">
               <zone>-5$-80.1$26.6833</zone>
          </city> 
          <city name="Winter Haven">
               <zone>-5$-81.75$28.05</zone>
          </city> 
          <city name="Winter Park">
               <zone>-5$-81.3333$28.6</zone>
          </city> 
		  </country>
		  <country count="Georgia">
		    <city name="Albany">
               <zone>-5$-84.0833$31.6</zone>
          </city> 
          <city name="Americus">
               <zone>-5$-84.2333$32.05</zone>
          </city> 
          <city name="Athens">
               <zone>-5$-83.3167$33.95</zone>
          </city> 
          <city name="Atlanta">
               <zone>-5$-84.4333$33.65</zone>
          </city> 
          <city name="Augusta">
               <zone>-5$-81.9667$33.3667</zone>
          </city> 
          <city name="Bainbridge">
               <zone>-5$-84.5833$30.9</zone>
          </city> 
          <city name="Brunswick">
               <zone>-5$-81.5$31.15</zone>
          </city> 
          <city name="Cartersville">
               <zone>-5$-84.8333$34.1167</zone>
          </city> 
          <city name="Columbus">
               <zone>-5$-84.9333$32.5167</zone>
          </city> 
          <city name="Dalton">
               <zone>-5$-84.95$34.5667</zone>
          </city> 
          <city name="Douglas">
               <zone>-5$-82.85$31.5167</zone>
          </city> 
          <city name="Dublin">
               <zone>-5$-82.9$32.3333</zone>
          </city> 
          <city name="East Point">
               <zone>-5$-84.4333$33.6833</zone>
          </city> 
          <city name="Fort Benning">
               <zone>-5$-84.8333$32.3333</zone>
          </city> 
          <city name="Gainesville">
               <zone>-5$-83.6833$34.1833</zone>
          </city> 
          <city name="Griffin">
               <zone>-5$-84.2667$33.2167</zone>
          </city> 
          <city name="Lawrenceville">
               <zone>-5$-83.95$33.9667</zone>
          </city> 
          <city name="Macon">
               <zone>-5$-83.65$32.7</zone>
          </city> 
          <city name="Marietta">
               <zone>-5$-84.5167$33.9167</zone>
          </city> 
          <city name="Martinez">
               <zone>-5$-82.0833$33.5167</zone>
          </city> 
          <city name="Newnan">
               <zone>-5$-84.7667$33.3</zone>
          </city> 
          <city name="Peachtree City">
               <zone>-5$-84.5667$33.35</zone>
          </city> 
          <city name="Rome">
               <zone>-5$-85.15$34.3333</zone>
          </city> 
          <city name="Savannah">
               <zone>-5$-81.2$32.1333</zone>
          </city> 
          <city name="St. Simons Island">
               <zone>-5$-81.3667$31.1333</zone>
          </city> 
          <city name="Statesboro">
               <zone>-5$-81.7333$32.4667</zone>
          </city> 
          <city name="Thomaston">
               <zone>-5$-84.25$32.95</zone>
          </city> 
          <city name="Tybee Island">
               <zone>-5$-80.85$32.0167</zone>
          </city> 
          <city name="Valdosta">
               <zone>-5$-83.2$30.9667</zone>
          </city> 
          <city name="Vidalia">
               <zone>-5$-82.3667$32.1833</zone>
          </city> 
          <city name="Warner Robins">
               <zone>-5$-83.6$32.6333</zone>
          </city> 
          <city name="Washington">
               <zone>-5$-82.8$33.7667</zone>
          </city> 
          <city name="Waycross">
               <zone>-5$-82.4$31.25</zone>
          </city> 
          <city name="Winder">
               <zone>-5$-83.6667$33.9667</zone>
          </city>
          </country>
		  <country count="Hawaii">		  
		  <city name="Ewa Beach, Oahu">
               <zone>-10$-158$21.3167</zone>
          </city> 
          <city name="French Frigate Shoals">
               <zone>-10$-166.333$23.8333</zone>
          </city> 
          <city name="Gardner Pinnacles">
               <zone>-10$-168$25</zone>
          </city> 
          <city name="Hana, Maui">
               <zone>-10$-155.983$20.75</zone>
          </city> 
          <city name="Hilo, Hawaii">
               <zone>-10$-155.083$19.7167</zone>
          </city> 
          <city name="Honolulu, Oahu">
               <zone>-10$-157.917$21.3333</zone>
          </city> 
          <city name="Kaula Island">
               <zone>-10$-160.533$21.5833</zone>
          </city> 
          <city name="Kahoolawe Island">
               <zone>-10$-156.533$20.5167</zone>
          </city> 
          <city name="Kahului, Maui">
               <zone>-10$-156.467$20.9</zone>
          </city> 
          <city name="Kailua">
               <zone>-10$-155.983$19.65</zone>
          </city> 
          <city name="Kamuela Waimea, Hawaii">
               <zone>-10$-155.667$20</zone>
          </city> 
          <city name="Kaneohe Bay, Oahu">
               <zone>-10$-157.767$21.45</zone>
          </city> 
          <city name="Kaunakakai, Molokai">
               <zone>-10$-157.017$21.1</zone>
          </city> 
          <city name="Kekaha, Kauai">
               <zone>-10$-159.717$21.9667</zone>
          </city> 
          <city name="Kure Atoll (K?nemilohai)">
               <zone>-10$-178.333$28.4167</zone>
          </city> 
          <city name="Lahaina, Maui">
               <zone>-10$-156.683$20.8833</zone>
          </city> 
          <city name="Lanai City, Lanai">
               <zone>-10$-156.917$20.8333</zone>
          </city> 
          <city name="Laysan Island">
               <zone>-10$-171.717$25.75</zone>
          </city> 
          <city name="Lihue, Kauai">
               <zone>-10$-159.367$21.9833</zone>
          </city> 
          <city name="Lisianski Island">
               <zone>-10$-173.967$26.0333</zone>
          </city> 
          <city name="Maro Reef">
               <zone>-10$-170.117$25.5</zone>
          </city> 
          <city name="Necker Island">
               <zone>-10$-164.617$23.55</zone>
          </city> 
          <city name="Nihoa Island">
               <zone>-10$-161.933$23.05</zone>
          </city> 
          <city name="Niihau Island">
               <zone>-10$-160.204$21.9053</zone>
          </city> 
          <city name="Pearl and Hermes Atoll">
               <zone>-10$-175.833$27.8333</zone>
          </city> 
          <city name="Pearl City, Oahu">
               <zone>-10$-157.967$21.4</zone>
          </city> 
          <city name="Tern Island">
               <zone>-10$-166.333$23.8333</zone>
          </city> 
          <city name="Wahiawa, Oahu">
               <zone>-10$-158.033$21.05</zone>
          </city> 
		  </country>
		  <country count="Idaho">
		  <city name="Boise">
               <zone>-7$-116.217$43.5667</zone>
          </city> 
          <city name="Burley">
               <zone>-7$-113.767$42.5333</zone>
          </city> 
          <city name="Caldwell">
               <zone>-7$-116.633$43.2</zone>
          </city> 
          <city name="Challis">
               <zone>-7$-114.2$44.5167</zone>
          </city> 
          <city name="Coeur DAlene">
               <zone>-7$-116.817$47.7667</zone>
          </city> 
          <city name="Hailey">
               <zone>-7$-114.3$43.5</zone>
          </city> 
          <city name="Idaho Falls">
               <zone>-7$-112.067$43.5167</zone>
          </city> 
          <city name="Jerome">
               <zone>-7$-114.45$42.7167</zone>
          </city> 
          <city name="Lewiston">
               <zone>-7$-117.017$46.3833</zone>
          </city> 
          <city name="Malad City">
               <zone>-7$-112.3$42.1667</zone>
          </city> 
          <city name="McCall">
               <zone>-7$-116.083$44.8833</zone>
          </city> 
          <city name="Moscow">
               <zone>-7$-116.967$46.7333</zone>
          </city> 
          <city name="Mountain Home">
               <zone>-7$-115.9$43.0333</zone>
          </city> 
          <city name="Pocatello">
               <zone>-7$-112.6$42.9167</zone>
          </city> 
          <city name="Rexburg">
               <zone>-7$-111.8$43.8167</zone>
          </city> 
          <city name="Salmon">
               <zone>-7$-113.9$45.1833</zone>
          </city> 
          <city name="Soda Springs">
               <zone>-7$-111.583$42.65</zone>
          </city> 
          <city name="Twin Falls">
               <zone>-7$-114.483$42.4833</zone>
          </city> 
		  </country>
		       <country count="Illinois">

          <city name="Alton">
               <zone>-6$-90.05$38.9</zone>
          </city> 
          <city name="Aurora">
               <zone>-6$-88.3333$41.75</zone>
          </city> 
          <city name="Belleville">
               <zone>-6$-89.85$38.55</zone>
          </city> 
          <city name="Bloomington">
               <zone>-6$-88.95$40.4833</zone>
          </city> 
          <city name="Carbondale">
               <zone>-6$-89.25$37.7833</zone>
          </city> 
          <city name="Centralia">
               <zone>-6$-89.0833$38.5</zone>
          </city> 
          <city name="Champaign">
               <zone>-6$-88.2667$40.0167</zone>
          </city> 
          <city name="Chicago">
               <zone>-6$-87.75$41.7833</zone>
          </city> 
          <city name="Danville">
               <zone>-6$-87.6$40.2</zone>
          </city> 
          <city name="Decatur">
               <zone>-6$-88.8667$39.8333</zone>
          </city> 
          <city name="DeKalb">
               <zone>-6$-88.7$41.9167</zone>
          </city> 
          <city name="Dixon">
               <zone>-6$-89.4833$41.8333</zone>
          </city> 
          <city name="Dolton">
               <zone>-6$-87.6$41.6333</zone>
          </city> 
          <city name="Effingham">
               <zone>-6$-88.5333$39.0667</zone>
          </city> 
          <city name="Fairfield">
               <zone>-6$-88.4$38.3667</zone>
          </city> 
          <city name="Flora">
               <zone>-6$-88.45$38.65</zone>
          </city> 
          <city name="Freeport">
               <zone>-6$-89.6167$42.3</zone>
          </city> 
          <city name="Galesburg">
               <zone>-6$-90.4333$40.9333</zone>
          </city> 
          <city name="Greenville">
               <zone>-6$-89.4$38.8833</zone>
          </city> 
          <city name="Harrisburg">
               <zone>-6$-88.5333$37.8</zone>
          </city> 
          <city name="Jacksonville">
               <zone>-6$-90.2333$39.7667</zone>
          </city> 
          <city name="Joliet">
               <zone>-6$-88.1667$41.5167</zone>
          </city> 
          <city name="Kankakee">
               <zone>-6$-87.9167$41.0833</zone>
          </city> 
          <city name="Kewanee">
               <zone>-6$-89.9167$41.25</zone>
          </city> 
          <city name="Lincoln">
               <zone>-6$-89.3333$40.15</zone>
          </city> 
          <city name="Macomb">
               <zone>-6$-90.6667$40.4667</zone>
          </city> 
          <city name="Marion">
               <zone>-6$-89$37.75</zone>
          </city> 
          <city name="Mattoon">
               <zone>-6$-88.3667$39.4833</zone>
          </city> 
          <city name="Moline">
               <zone>-6$-90.5167$41.45</zone>
          </city> 
          <city name="Morris">
               <zone>-6$-88.4167$41.4167</zone>
          </city> 
          <city name="Mount Vernon">
               <zone>-6$-88.8667$38.3167</zone>
          </city> 
          <city name="Naperville">
               <zone>-6$-88.15$41.7833</zone>
          </city> 
          <city name="Oak Lawn">
               <zone>-6$-87.75$41.7167</zone>
          </city> 
          <city name="Olney">
               <zone>-6$-88.1667$38.7167</zone>
          </city> 
          <city name="Ottawa">
               <zone>-6$-88.85$41.35</zone>
          </city> 
          <city name="Paris">
               <zone>-6$-87.6667$39.7</zone>
          </city> 
          <city name="Peoria">
               <zone>-6$-89.6833$40.6667</zone>
          </city> 
          <city name="Pontiac">
               <zone>-6$-88.6167$40.9167</zone>
          </city> 
          <city name="Quincy">
               <zone>-6$-91.2$39.95</zone>
          </city> 
          <city name="Rantoul">
               <zone>-6$-88.1333$40.3</zone>
          </city> 
          <city name="Rochelle">
               <zone>-6$-89.0667$41.8833</zone>
          </city> 
          <city name="Rockford">
               <zone>-6$-89.05$42.35</zone>
          </city> 
          <city name="Romeoville">
               <zone>-6$-88.0833$41.6</zone>
          </city> 
          <city name="Salem">
               <zone>-6$-88.95$38.6333</zone>
          </city> 
          <city name="Schaumburg">
               <zone>-6$-88.0833$42.0333</zone>
          </city> 
          <city name="Sparta">
               <zone>-6$-89.6833$38.1333</zone>
          </city> 
          <city name="Springfield">
               <zone>-6$-89.6667$39.8333</zone>
          </city> 
          <city name="Sterling">
               <zone>-6$-89.6667$41.75</zone>
          </city> 
          <city name="Taylorville">
               <zone>-6$-89.3167$39.5333</zone>
          </city> 
          <city name="Tinley Park">
               <zone>-6$-87.7833$41.5667</zone>
          </city> 
          <city name="Urbana">
               <zone>-6$-88.1333$40.2833</zone>
          </city> 
          <city name="Waukegan">
               <zone>-6$-87.8667$42.4167</zone>
          </city> 
          <city name="Wheeling">
               <zone>-6$-87.9$42.1167</zone>
          </city> 
          <city name="Wilmette">
               <zone>-6$-87.6833$42.0667</zone>
          </city> 
     </country>
		  <country count="Indiana">
		  <city name="Anderson">
               <zone>-5$-85.6167$40.1</zone>
          </city> 
          <city name="Bedford">
               <zone>-5$-86.5$38.85</zone>
          </city> 
          <city name="Bloomington">
               <zone>-5$-86.6167$39.1333</zone>
          </city> 
          <city name="Boonville">
               <zone>-5$-87.2667$38.05</zone>
          </city> 
          <city name="Columbus">
               <zone>-5$-85.9$39.2667</zone>
          </city> 
          <city name="Crawfordsville">
               <zone>-5$-86.9$40.05</zone>
          </city> 
          <city name="Evansville">
               <zone>-5$-87.5333$38.05</zone>
          </city> 
          <city name="Fort Wayne">
               <zone>-5$-85.2$41</zone>
          </city> 
          <city name="Gary">
               <zone>-5$-87.35$41.6</zone>
          </city> 
          <city name="Goshen">
               <zone>-5$-85.8$41.5333</zone>
          </city> 
          <city name="Hobart">
               <zone>-5$-87.25$41.5333</zone>
          </city> 
          <city name="Huntington">
               <zone>-5$-85.5$40.8833</zone>
          </city> 
          <city name="Indianapolis">
               <zone>-5$-86.2833$39.7333</zone>
          </city> 
          <city name="Jeffersonville">
               <zone>-5$-85.75$38.2833</zone>
          </city> 
          <city name="Kentland">
               <zone>-5$-87.45$40.7667</zone>
          </city> 
          <city name="Kokomo">
               <zone>-5$-86.05$40.4167</zone>
          </city> 
          <city name="La Porte">
               <zone>-5$-86.7167$41.6</zone>
          </city> 
          <city name="Lafayette">
               <zone>-5$-86.0833$40.0333</zone>
          </city> 
          <city name="Logansport">
               <zone>-5$-86.35$40.75</zone>
          </city> 
          <city name="Marion">
               <zone>-5$-85.6833$40.4833</zone>
          </city> 
          <city name="Michigan City">
               <zone>-5$-86.9$41.7</zone>
          </city> 
          <city name="Morocco">
               <zone>-5$-87.4333$40.9333</zone>
          </city> 
          <city name="Muncie">
               <zone>-5$-85.3833$40.2333</zone>
          </city> 
           
          <city name="Peru">
               <zone>-5$-86.15$40.65</zone>
          </city> 
          <city name="Poseyville">
               <zone>-5$-87.7833$38.1667</zone>
          </city> 
          <city name="Richmond">
               <zone>-5$-84.8333$39.7667</zone>
          </city> 
          <city name="Shelbyville">
               <zone>-5$-85.7833$39.5167</zone>
          </city> 
          <city name="South Bend">
               <zone>-5$-86.3167$41.7</zone>
          </city> 
          <city name="Terre Haute">
               <zone>-5$-87.3$39.45</zone>
          </city> 
          <city name="Valparaiso">
               <zone>-5$-87.0333$41.5167</zone>
          </city> 
          <city name="Vincennes">
               <zone>-5$-87.5333$38.6833</zone>
          </city> 
          <city name="Zionsville">
               <zone>-5$-86.2667$39.95</zone>
          </city> 
		  </country >
		  <country count="Iowa">
		  <city name="Algona">
               <zone>-6$-94.2667$43.0833</zone>
          </city> 
          <city name="Ames">
               <zone>-6$-93.8$42.0333</zone>
          </city> 
          <city name="Ankeny">
               <zone>-6$-93.55$41.6833</zone>
          </city> 
          <city name="Atlantic">
               <zone>-6$-95.05$41.4</zone>
          </city> 
          <city name="Boone">
               <zone>-6$-93.85$42.05</zone>
          </city> 
          <city name="Burlington">
               <zone>-6$-91.1167$40.7833</zone>
          </city> 
          <city name="Carroll">
               <zone>-6$-94.7833$42.05</zone>
          </city> 
          <city name="Cedar Rapids">
               <zone>-6$-91.7$41.8833</zone>
          </city> 
          <city name="Chariton">
               <zone>-6$-93.3667$41.0333</zone>
          </city> 
          <city name="Charles City">
               <zone>-6$-92.6167$43.0667</zone>
          </city> 
          <city name="Clarinda">
               <zone>-6$-95.0333$40.7167</zone>
          </city> 
          <city name="Clarion">
               <zone>-6$-93.7667$42.75</zone>
          </city> 
          <city name="Clinton">
               <zone>-6$-90.2167$41.8333</zone>
          </city> 
          <city name="Council Bluffs">
               <zone>-6$-95.8167$41.3333</zone>
          </city> 
          <city name="Creston">
               <zone>-6$-94.3667$41.0167</zone>
          </city> 
          <city name="Davenport">
               <zone>-6$-90.5833$41.5167</zone>
          </city> 
          <city name="Decorah">
               <zone>-6$-91.7333$43.2833</zone>
          </city> 
          <city name="Denison">
               <zone>-6$-95.3833$42.0333</zone>
          </city> 
          <city name="Des Moines">
               <zone>-6$-93.65$41.5333</zone>
          </city> 
          <city name="Dubuque">
               <zone>-6$-90.7$42.4</zone>
          </city> 
          <city name="Estherville">
               <zone>-6$-94.8333$43.4</zone>
          </city> 
          <city name="Fairfield">
               <zone>-6$-91.9833$41.05</zone>
          </city> 
          <city name="Fort Dodge">
               <zone>-6$-94.1833$42.55</zone>
          </city> 
          <city name="Fort Madison">
               <zone>-6$-91.3333$40.6667</zone>
          </city> 
          <city name="Harlan">
               <zone>-6$-95.3333$41.5833</zone>
          </city> 
          <city name="Iowa City">
               <zone>-6$-91.55$41.6333</zone>
          </city> 
          <city name="Keokuk">
               <zone>-6$-91.4$40.4</zone>
          </city> 
          <city name="Knoxville">
               <zone>-6$-93.1167$41.3</zone>
          </city> 
          <city name="Le Mars">
               <zone>-6$-96.1833$42.7667</zone>
          </city> 
          <city name="Marshalltown">
               <zone>-6$-92.9333$42.0667</zone>
          </city> 
          <city name="Mason City">
               <zone>-6$-93.3333$43.15</zone>
          </city> 
          <city name="Monticello">
               <zone>-6$-91.1667$42.2333</zone>
          </city> 
          <city name="Muscatine">
               <zone>-6$-91.15$41.3667</zone>
          </city> 
          <city name="Newton">
               <zone>-6$-93.0333$41.6833</zone>
          </city> 
          <city name="Oelwein">
               <zone>-6$-91.9667$42.6667</zone>
          </city> 
          <city name="Ottumwa">
               <zone>-6$-92.45$41.1</zone>
          </city> 
          <city name="Pella">
               <zone>-6$-92.9333$41.4</zone>
          </city> 
          <city name="Red Oak">
               <zone>-6$-95.2667$41.0167</zone>
          </city> 
          <city name="Sheldon">
               <zone>-6$-95.8333$43.2167</zone>
          </city> 
          <city name="Shenandoah">
               <zone>-6$-95.4167$40.75</zone>
          </city> 
          <city name="Sioux City">
               <zone>-6$-96.3833$42.4</zone>
          </city> 
          <city name="Spencer">
               <zone>-6$-95.15$43.1667</zone>
          </city> 
          <city name="Storm Lake">
               <zone>-6$-95.2333$42.6</zone>
          </city> 
          <city name="Vinton">
               <zone>-6$-92.0167$42.2167</zone>
          </city> 
          <city name="Washington">
               <zone>-6$-91.6667$41.2833</zone>
          </city> 
          <city name="Waterloo">
               <zone>-6$-92.4$42.55</zone>
          </city> 
          <city name="Webster City">
               <zone>-6$-93.8167$42.4667</zone>
          </city> 
		  </country>
		  <country count="Kansas">
		  <city name="Arkansas City">
               <zone>-5$-97.0333$37.1667</zone>
          </city> 
          <city name="Atchison">
               <zone>-5$-95.1167$39.5667</zone>
          </city> 
          <city name="Chanute">
               <zone>-5$-95.4833$37.6667</zone>
          </city> 
          <city name="Coffeyville">
               <zone>-5$-95.55$37.0833</zone>
          </city> 
          <city name="Concordia">
               <zone>-5$-97.65$39.55</zone>
          </city> 
          <city name="Dodge City">
               <zone>-5$-99.9667$37.7667</zone>
          </city> 
          <city name="El Dorado">
               <zone>-5$-96.8333$37.8167</zone>
          </city> 
          <city name="Emporia">
               <zone>-5$-96.2$38.3333</zone>
          </city> 
          <city name="Garden City">
               <zone>-5$-100.733$37.9333</zone>
          </city> 
          <city name="Goodland">
               <zone>-5$-101.7$38.35</zone>
          </city> 
          <city name="Great Bend">
               <zone>-5$-98.8667$39.5667</zone>
          </city> 
          <city name="Hays">
               <zone>-5$-99.2667$38.85</zone>
          </city> 
          <city name="Hill City">
               <zone>-5$-99.8167$39.3667</zone>
          </city> 
          <city name="Hutchinson">
               <zone>-5$-97.8667$38.0667</zone>
          </city> 
          <city name="Junction City">
               <zone>-5$-96.8333$39.0333</zone>
          </city> 
          <city name="Kansas City">
               <zone>-5$-94.6333$39.1167</zone>
          </city> 
          <city name="Lawrence">
               <zone>-5$-95.2$39</zone>
          </city> 
          <city name="Leavenworth">
               <zone>-5$-94.9167$39.3667</zone>
          </city> 
          <city name="Liberal">
               <zone>-5$-100.967$37.05</zone>
          </city> 
          <city name="Manhattan">
               <zone>-5$-96.7667$39.05</zone>
          </city> 
          <city name="Newton">
               <zone>-5$-97.2833$38.05</zone>
          </city> 
          <city name="Olathe">
               <zone>-5$-94.8833$38.8167</zone>
          </city> 
          <city name="Overland Park">
               <zone>-5$-94.6667$38.9833</zone>
          </city> 
          <city name="Parsons">
               <zone>-5$-95.5167$37.3333</zone>
          </city> 
          <city name="Pratt">
               <zone>-5$-98.75$37.7</zone>
          </city> 
          <city name="Russell">
               <zone>-5$-98.8167$38.8667</zone>
          </city> 
          <city name="Salina">
               <zone>-5$-97.65$38.8</zone>
          </city> 
          <city name="Tecumseh">
               <zone>-5$-95.5833$39.05</zone>
          </city> 
          <city name="Topeka">
               <zone>-5$-95.6333$39.0667</zone>
          </city> 
          <city name="Wichita">
               <zone>-5$-97.4167$37.65</zone>
          </city> 
		  </country>
		  <country count="Kentucky">	
		  <city name="Ashland">
               <zone>-5$-82.7333$38.55</zone>
          </city> 
          <city name="Corbin">
               <zone>-5$-84.1$36.95</zone>
          </city> 
          <city name="Covington">
               <zone>-5$-84.6667$39.05</zone>
          </city> 
          <city name="Fort Knox">
               <zone>-5$-85.95$37.9</zone>
          </city> 
          <city name="Frankfort">
               <zone>-5$-84.45$39.3167</zone>
          </city> 
          <city name="Henderson">
               <zone>-5$-87.6833$37.8167</zone>
          </city> 
          <city name="Hopkinsville">
               <zone>-5$-87.4833$36.6667</zone>
          </city> 
          <city name="Lexington">
               <zone>-5$-84.6$38.0333</zone>
          </city> 
          <city name="Louisville">
               <zone>-5$-85.7333$38.1833</zone>
          </city> 
          <city name="Madisonville">
               <zone>-5$-87.4833$37.3167</zone>
          </city> 
          <city name="Owensboro">
               <zone>-5$-87.1667$37.75</zone>
          </city> 
          <city name="Paducah">
               <zone>-5$-88.7667$37.0667</zone>
          </city> 
          <city name="Pikeville">
               <zone>-5$-82.5167$37.4833</zone>
          </city> 
          <city name="Somerset">
               <zone>-5$-84.6$37.05</zone>
          </city> 
		   </country>
		  <country count="Louisiana"> 
          <city name="Baton Rouge">
               <zone>-6$-91.15$30.5333</zone>
          </city> 
          <city name="Bogalusa">
               <zone>-6$-89.8667$30.7833</zone>
          </city> 
          <city name="Bossier City">
               <zone>-6$-93.7333$32.5167</zone>
          </city> 
          <city name="Buras">
               <zone>-6$-89.5167$29.35</zone>
          </city> 
          <city name="Chalmette">
               <zone>-6$-89.9667$29.95</zone>
          </city> 
          <city name="Covington">
               <zone>-6$-90.1$30.4667</zone>
          </city> 
          <city name="Fort Polk">
               <zone>-6$-93.2$31.0333</zone>
          </city> 
          <city name="Franklin">
               <zone>-6$-91.5$29.8</zone>
          </city> 
          <city name="Grand Isle">
               <zone>-6$-89.9667$29.25</zone>
          </city> 
          <city name="Hammond">
               <zone>-6$-90.4167$30.5167</zone>
          </city> 
          <city name="Houma">
               <zone>-6$-90.6667$29.5167</zone>
          </city> 
          <city name="Lake Charles">
               <zone>-6$-93.2167$30.1167</zone>
          </city> 
          <city name="Marrero">
               <zone>-6$-90.1$29.9</zone>
          </city> 
          <city name="Metairie">
               <zone>-6$-90.15$29.9833</zone>
          </city> 
          <city name="Minden">
               <zone>-6$-93.3$32.6</zone>
          </city> 
          <city name="Monroe">
               <zone>-6$-92.0333$32.5167</zone>
          </city> 
          <city name="Morgan City">
               <zone>-6$-91.2$29.7</zone>
          </city> 
          <city name="Natchitoches">
               <zone>-6$-93.0833$31.7667</zone>
          </city> 
          <city name="New Iberia">
               <zone>-6$-91.8833$30.0167</zone>
          </city> 
          <city name="New Orleans">
               <zone>-6$-90.25$29.9833</zone>
          </city> 
          <city name="Patterson">
               <zone>-6$-91.3333$29.7167</zone>
          </city> 
          <city name="Ruston">
               <zone>-6$-92.5833$32.5</zone>
          </city> 
          <city name="Shreveport">
               <zone>-6$-93.8167$32.4667</zone>
          </city> 
          <city name="Slidell">
               <zone>-6$-89.8167$30.3333</zone>
          </city> 
          <city name="Sulphur">
               <zone>-6$-93.3833$30.2333</zone>
          </city> 
		  </country>
		  <country count="Maine">
		  <city name="Augusta">
               <zone>-4$-69.8$44.3167</zone>
          </city> 
          <city name="Bangor">
               <zone>-4$-68.8333$44.8</zone>
          </city> 
          <city name="Bar Harbor">
               <zone>-4$-68.3667$44.45</zone>
          </city> 
          <city name="Biddeford">
               <zone>-4$-70.45$43.5</zone>
          </city> 
          <city name="Brunswick">
               <zone>-4$-69.9333$43.9</zone>
          </city> 
          <city name="Caribou">
               <zone>-4$-68.0167$46.8667</zone>
          </city> 
          <city name="Eastport">
               <zone>-4$-67$44.9167</zone>
          </city> 
          <city name="Frenchville">
               <zone>-4$-68.3$47.2833</zone>
          </city> 
          <city name="Fryeburg">
               <zone>-4$-70.9833$44.0167</zone>
          </city> 
          <city name="Houlton">
               <zone>-4$-67.7833$46.1167</zone>
          </city> 
          <city name="Jonesport">
               <zone>-4$-67.6167$44.5333</zone>
          </city> 
          <city name="Lewiston">
               <zone>-4$-70.25$44.0333</zone>
          </city> 
          <city name="Millinocket">
               <zone>-4$-68.7$45.65</zone>
          </city> 
          <city name="Old Town">
               <zone>-4$-68.6667$44.95</zone>
          </city> 
          <city name="Portland">
               <zone>-4$-70.3167$43.65</zone>
          </city> 
          <city name="Presque Isle">
               <zone>-4$-68.05$46.6833</zone>
          </city> 
          <city name="Rockland">
               <zone>-4$-69.1$44.1</zone>
          </city> 
          <city name="Rumford">
               <zone>-4$-70.5333$44.5333</zone>
          </city> 
          <city name="Sanford">
               <zone>-4$-70.7167$43.4</zone>
          </city> 
          <city name="South Portland">
               <zone>-4$-70.2333$43.6333</zone>
          </city> 
          <city name="Waterville">
               <zone>-4$-69.6667$44.5333</zone>
          </city> 
          <city name="Westbrook">
               <zone>-4$-70.3667$43.6833</zone>
          </city> 
          <city name="Wiscasset">
               <zone>-4$-69.7$44</zone>
          </city> 
		  </country>
		  <country count="Maryland">
          <city name="Aberdeen">
               <zone>-4$-76.1667$39.5</zone>
          </city> 
          <city name="Annapolis">
               <zone>-4$-77.5$39.9833</zone>
          </city> 
          <city name="Baltimore">
               <zone>-4$-76.6667$39.1833</zone>
          </city> 
          <city name="Cumberland">
               <zone>-4$-78.7667$39.6167</zone>
          </city> 
          <city name="Dundalk">
               <zone>-4$-76.5167$39.25</zone>
          </city> 
          <city name="Easton">
               <zone>-4$-76.0667$38.8</zone>
          </city> 
          <city name="Essex">
               <zone>-4$-76.4833$39.3167</zone>
          </city> 
          <city name="Frederick">
               <zone>-4$-77.4167$39.45</zone>
          </city> 
          <city name="Hagerstown">
               <zone>-4$-77.7333$39.7</zone>
          </city> 
          <city name="Olney">
               <zone>-4$-77.0667$39.15</zone>
          </city> 
          <city name="Rockville">
               <zone>-4$-77.15$39.0833</zone>
          </city> 
          <city name="Salisbury">
               <zone>-4$-75.5$38.3333</zone>
          </city> 
          <city name="Severna Park">
               <zone>-4$-76.55$39.0667</zone>
          </city> 
          <city name="Silver Spring">
               <zone>-4$-77.0333$38.9833</zone>
          </city> 
		  </country>
</xml>