<?xml version="1.0"  encoding="UTF-8" ?>
<!-- List of countries for Africa -->
<xml>
	  <country count="Massachusetts">
		   <city name="Adams">
               <zone>-4$-73.1167$42.6167</zone>
          </city> 
          <city name="Bedford">
               <zone>-4$-71.4667$42.4667</zone>
          </city> 
          <city name="Beverly">
               <zone>-4$-70.9$42.5833</zone>
          </city> 
          <city name="Boston">
               <zone>-4$-71.0333$42.3667</zone>
          </city> 
          <city name="Brookline">
               <zone>-4$-71.1167$42.3333</zone>
          </city> 
          <city name="Cambridge">
               <zone>-4$-71.1$42.3667</zone>
          </city> 
          <city name="Chelmsford">
               <zone>-4$-71.4$42.7</zone>
          </city> 
          <city name="Chicopee">
               <zone>-4$-72.5333$42.2</zone>
          </city> 
          <city name="Clinton">
               <zone>-4$-71.6833$42.4</zone>
          </city> 
          <city name="Fall River">
               <zone>-4$-71.1333$41.7167</zone>
          </city> 
          <city name="Fitchburg">
               <zone>-4$-71.75$42.55</zone>
          </city> 
          <city name="Framingham">
               <zone>-4$-71.4167$42.2833</zone>
          </city> 
          <city name="Gloucester">
               <zone>-4$-70.6833$42.5833</zone>
          </city> 
          <city name="Greenfield">
               <zone>-4$-72.0667$42.7</zone>
          </city> 
          <city name="Haverhill">
               <zone>-4$-71.0833$42.7833</zone>
          </city> 
          <city name="Hyannis">
               <zone>-4$-70.2667$41.6667</zone>
          </city> 
          <city name="Lawrence">
               <zone>-4$-71.163$42.7037</zone>
          </city> 
          <city name="Lenox">
               <zone>-4$-73.2833$42.35</zone>
          </city> 
          <city name="Lowell">
               <zone>-4$-71.3167$42.6333</zone>
          </city>
          <city name="Marshfield">
               <zone>-4$-70.6833$42.1</zone>
          </city> 
          <city name="Martha’s Vineyard">
               <zone>-4$-91.05$38.6333</zone>
          </city> 
          <city name="Methuen">
               <zone>-4$-71.1833$42.7333</zone>
          </city> 
          <city name="Nantucket">
               <zone>-4$-70.1$41.2833</zone>
          </city> 
          <city name="New Bedford">
               <zone>-4$-70.9667$41.6833</zone>
          </city> 
          <city name="Norwood">
               <zone>-4$-71.1667$42.1833</zone>
          </city> 
          <city name="Pittsfield">
               <zone>-4$-73.3$42.4333</zone>
          </city> 
          <city name="Plymouth">
               <zone>-4$-70.7167$41.9</zone>
          </city> 
          <city name="Provincetown">
               <zone>-4$-70.2167$42.0667</zone>
          </city> 
          <city name="Quincy">
               <zone>-4$-71$42.25</zone>
          </city> 
          <city name="Scituate">
               <zone>-4$-70.7167$42.2</zone>
          </city> 
          <city name="South Yarmouth">
               <zone>-4$-70.1833$41.6667</zone>
          </city> 
          <city name="Taunton">
               <zone>-4$-71.0667$41.9</zone>
          </city> 
          <city name="Wellesley">
               <zone>-4$-71.3$42.3</zone>
          </city> 
          <city name="Westfield">
               <zone>-4$-72.7167$42.15</zone>
          </city> 
          <city name="Worcester">
               <zone>-4$-71.8667$42.2667</zone>
          </city> 
          </country>
		 
	  <country count="Minnesota">
	  <city name="Albert Lea">
              <zone>-4$-93.35$43.65</zone>
          </city>          
          <city name="Austin">
               <zone>-4$-92.9333$43.6667</zone>
          </city> 
          <city name="Baudette">
               <zone>-4$-94.6$48.7167</zone>
          </city> 
          <city name="Bemidji">
               <zone>-4$-94.9333$47.5167</zone>
          </city> 
          <city name="Benson">
               <zone>-4$-95.65$45.3167</zone>
          </city> 
          <city name="Blaine">
               <zone>-4$-93.2167$45.15</zone>
          </city> 
          <city name="Bloomington">
               <zone>-4$-93.3$44.8333</zone>
          </city> 
          <city name="Brainerd">
               <zone>-4$-94.1333$46.4</zone>
          </city> 
          <city name="Cambridge">
               <zone>-4$-93.2667$45.5667</zone>
          </city> 
          <city name="Cloquet">
               <zone>-4$-92.5$46.7</zone>
          </city> 
          <city name="Crookston">
               <zone>-4$-96.6167$47.85</zone>
          </city> 
          <city name="Detroit Lakes">
               <zone>-4$-95.8833$46.8333</zone>
          </city> 
          <city name="Dodge Center">
               <zone>-4$-92.85$43.9667</zone>
          </city> 
          <city name="Duluth">
               <zone>-4$-92.1833$46.8333</zone>
          </city> 
          <city name="Ely">
               <zone>-4$-91.8333$47.8167</zone>
          </city> 
          <city name="Fairmont">
               <zone>-4$-94.4167$43.65</zone>
          </city> 
          <city name="Fergus Falls">
               <zone>-4$-96.0667$46.2667</zone>
          </city> 
          <city name="Golden Valley">
               <zone>-4$-93.35$44.9833</zone>
          </city> 
          <city name="Grand Marais">
               <zone>-4$-90.3833$47.8333</zone>
          </city> 
          <city name="Grand Rapids">
               <zone>-4$-93.5167$47.2167</zone>
          </city> 
          <city name="Hibbing">
               <zone>-4$-92.8333$47.3833</zone>
          </city> 
          <city name="Hutchinson">
               <zone>-4$-94.3833$44.8667</zone>
          </city> 
          <city name="International Falls">
               <zone>-4$-93.3833$48.5667</zone>
          </city> 
          <city name="Jackson">
               <zone>-4$-94.9833$43.65</zone>
          </city> 
          <city name="Lakeville">
               <zone>-4$-93.25$44.65</zone>
          </city> 
          <city name="Litchfield">
               <zone>-4$-94.5$45.0833</zone>
          </city> 
          <city name="Little Falls">
               <zone>-4$-94.35$45.95</zone>
          </city> 
          <city name="Mankato">
               <zone>-4$-93.9833$44.15</zone>
          </city> 
          <city name="Marshall">
               <zone>-4$-95.8167$44.45</zone>
          </city> 
          <city name="Minneapolis">
               <zone>-4$-93.2167$44.8833</zone>
          </city> 
          <city name="Montevideo">
               <zone>-4$-95.7167$44.9667</zone>
          </city> 
          <city name="Moorhead">
               <zone>-4$-96.65$46.8333</zone>
          </city> 
          <city name="Mora">
               <zone>-4$-93.2667$45.8833</zone>
          </city> 
          <city name="Morris">
               <zone>-4$-95.9667$45.5667</zone>
          </city> 
          <city name="New Ulm">
               <zone>-4$-94.5$44.3167</zone>
          </city> 
          <city name="Olivia">
               <zone>-4$-95$44.7667</zone>
          </city> 
          <city name="Owatonna">
               <zone>-4$-93.25$44.1167</zone>
          </city> 
          <city name="Park Rapids">
               <zone>-4$-95.0667$46.9</zone>
          </city> 
          <city name="Pine River">
               <zone>-4$-94.3833$46.7167</zone>
          </city> 
          <city name="Pipestone">
               <zone>-4$-96.3167$43.9833</zone>
          </city> 
          <city name="Princeton">
               <zone>-4$-93.6$45.55</zone>
          </city> 
          <city name="Red Wing">
               <zone>-4$-92.4833$44.5833</zone>
          </city> 
          <city name="Redwood Falls">
               <zone>-4$-95.0667$44.5333</zone>
          </city> 
          <city name="Richfield">
               <zone>-4$-93.2833$44.8833</zone>
          </city> 
          <city name="Rochester">
               <zone>-4$-92.5$43.9167</zone>
          </city> 
          <city name="Roseau">
               <zone>-4$-95.7$45.85</zone>
          </city> 
          <city name="St. Cloud">
               <zone>-4$-94.1833$45.5833</zone>
          </city> 
          <city name="St. James">
               <zone>-4$-94.6333$43.9833</zone>
          </city> 
          <city name="St. Paul">
               <zone>-4$-93.2167$44.8833</zone>
          </city> 
          <city name="Thief River Falls">
               <zone>-4$-96.1833$48.0667</zone>
          </city> 
          <city name="Two Harbors">
               <zone>-4$-91.6667$47.0167</zone>
          </city> 
          <city name="Wadena">
               <zone>-4$-95.2$46.4333</zone>
          </city> 
          <city name="Waseca">
               <zone>-4$-93.55$44.0667</zone>
          </city> 
          <city name="Willmar">
               <zone>-4$-95.0833$45.1167</zone>
          </city> 
          <city name="Windom">
               <zone>-4$-95.1$43.9</zone>
          </city> 
          <city name="Winona">
               <zone>-4$-91.6333$44.05</zone>
          </city> 
          <city name="Worthington">
               <zone>-4$-95.5833$43.65</zone>
          </city> 
		  </country>
		  <country count="Mississippi">
		  <city name="Bay St. Louis">
               <zone>-6$-89.3333$30.3167</zone>
          </city> 
          <city name="Biloxi">
               <zone>-6$-88.9167$30.4167</zone>
          </city> 
          <city name="Clarksdale">
               <zone>-6$-90.5667$34.2</zone>
          </city> 
          <city name="Clinton">
               <zone>-6$-90.3167$32.3333</zone>
          </city> 
          <city name="Columbus">
               <zone>-6$-88.4333$33.5</zone>
          </city> 
          <city name="Greenville">
               <zone>-6$-90.9833$33.4833</zone>
          </city> 
          <city name="Greenwood">
               <zone>-6$-90.0833$33.5</zone>
          </city> 
          <city name="Gulfport">
               <zone>-6$-89.1$30.3667</zone>
          </city> 
          <city name="Hattiesburg">
               <zone>-6$-89.25$31.2667</zone>
          </city> 
          <city name="Jackson">
               <zone>-6$-90.0833$32.3167</zone>
          </city> 
          <city name="Laurel">
               <zone>-6$-89.1667$31.6667</zone>
          </city> 
          <city name="Mccomb">
               <zone>-6$-90.4667$31.25</zone>
          </city> 
          <city name="Meridian">
               <zone>-6$-88.7333$32.3333</zone>
          </city> 
          <city name="Moss Point">
               <zone>-6$-88.5333$30.4167</zone>
          </city> 
          <city name="Natchez">
               <zone>-6$-91.3833$31.55</zone>
          </city> 
          <city name="Olive Branch">
               <zone>-6$-89.7833$34.9667</zone>
          </city> 
          <city name="Oxford">
               <zone>-6$-89.5333$34.3833</zone>
          </city> 
          <city name="Pascagoula">
               <zone>-6$-88.4833$30.4</zone>
          </city> 
          <city name="Picayune">
               <zone>-6$-89.7$30.5167</zone>
          </city> 
          <city name="Tupelo">
               <zone>-6$-88.7667$34.2667</zone>
          </city> 
          <city name="Vicksburg">
               <zone>-6$-90.7833$32.4</zone>
          </city> 
		  </country >
		  <country count="Missouri">
		  <city name="Amazonia">
               <zone>-6$-94.9$39.8833</zone>
          </city> 
          <city name="Cape Girardeau">
               <zone>-6$-89.5833$37.2333</zone>
          </city> 
          <city name="Chillicothe">
               <zone>-6$-93.5833$39.8167</zone>
          </city> 
          <city name="Columbia">
               <zone>-6$-92.3667$38.9667</zone>
          </city> 
          <city name="Farmington">
               <zone>-6$-90.4$37.7667</zone>
          </city> 
          <city name="Ferguson">
               <zone>-6$-90.3$38.75</zone>
          </city> 
          <city name="Hannibal">
               <zone>-6$-91.35$39.7</zone>
          </city> 
          <city name="Independence">
               <zone>-6$-94.4167$39.0833</zone>
          </city> 
          <city name="Jefferson City">
               <zone>-6$-92.1833$38.5667</zone>
          </city> 
          <city name="Joplin">
               <zone>-6$-94.5$37.15</zone>
          </city> 
          <city name="Kaiser – Lake Ozark">
               <zone>-6$-92.55$38.1</zone>
          </city> 
          <city name="Kansas City">
               <zone>-6$-94.5833$39.1167</zone>
          </city> 
          <city name="Kirksville">
               <zone>-6$-92.55$40.1</zone>
          </city> 
          <city name="Lees Summit">
               <zone>-6$-94.3667$38.95</zone>
          </city> 
          <city name="Mexico">
               <zone>-6$-91.9$39.1833</zone>
          </city> 
          <city name="Moberly">
               <zone>-6$-92.4333$39.4</zone>
          </city> 
          <city name="Mount Vernon">
               <zone>-6$-93.8167$37.1</zone>
          </city> 
          <city name="Olivette">
               <zone>-6$-90.3667$38.65</zone>
          </city> 
          <city name="Poplar Bluff">
               <zone>-6$-90.4167$36.7667</zone>
          </city> 
          <city name="Rolla">
               <zone>-6$-91.7167$37.9833</zone>
          </city> 
          <city name="Sedalia">
               <zone>-6$-93.55$38.7167</zone>
          </city> 
          <city name="Sikeston">
               <zone>-6$-89.6$36.8833</zone>
          </city> 
          <city name="Springfield">
               <zone>-6$-93.3833$37.2333</zone>
          </city> 
          <city name="St. Charles">
               <zone>-6$-90.4833$38.7833</zone>
          </city> 
          <city name="St. Joseph">
               <zone>-6$-94.9167$39.7667</zone>
          </city> 
          <city name="St. Louis">
               <zone>-6$-90.3833$38.75</zone>
          </city> 
          <city name="Warrensburg">
               <zone>-6$-93.7333$38.7667</zone>
          </city> 
          <city name="West Plains">
               <zone>-6$-91.9$36.8667</zone>
          </city> 
		  </country>
		  <country count=" Montana">
		  <city name="Billings">
               <zone>-7$-108.533$45.8</zone>
          </city> 
          <city name="Bozeman">
               <zone>-7$-111.15$45.7833</zone>
          </city> 
          <city name="Broadus Airport">
               <zone>-7$-105.4$45.4333</zone>
          </city> 
          <city name="Butte">
               <zone>-7$-112.5$45.95</zone>
          </city> 
          <city name="Cut Bank">
               <zone>-7$-112.367$48.6167</zone>
          </city> 
          <city name="Dillon">
               <zone>-7$-112.55$45.25</zone>
          </city> 
          <city name="Drummond">
               <zone>-7$-113.15$46.6667</zone>
          </city> 
          <city name="Glasgow">
               <zone>-7$-106.533$48.4167</zone>
          </city> 
          <city name="Glendive">
               <zone>-7$-104.8$47.1333</zone>
          </city> 
          <city name="Great Falls">
               <zone>-7$-111.367$47.4667</zone>
          </city> 
          <city name="Hamilton">
               <zone>-7$-114.15$46.25</zone>
          </city> 
          <city name="Havre">
               <zone>-7$-109.667$48.5667</zone>
          </city> 
          <city name="Helena">
               <zone>-7$-112$46.6</zone>
          </city> 
          <city name="Jordan">
               <zone>-7$-106.933$47.3167</zone>
          </city> 
          <city name="Kalispell">
               <zone>-7$-114.267$48.3</zone>
          </city> 
          <city name="Lewiston">
               <zone>-7$-109.45$47.0667</zone>
          </city> 
          <city name="Miles City">
               <zone>-7$-105.867$46.4333</zone>
          </city> 
          <city name="Missoula">
               <zone>-7$-114.083$46.9167</zone>
          </city> 
          <city name="Sidney">
               <zone>-7$-104.2$47.7</zone>
          </city> 
          <city name="Wolf Point">
               <zone>-7$-105.567$48.0833</zone>
          </city> 
		  </country>
		  <country count="Nebraska">
		   <city name="Alliance">
               <zone>-7$-102.8$42.05</zone>
          </city> 
          <city name="Beatrice">
               <zone>-7$-96.75$40.2667</zone>
          </city> 
          <city name="Bellevue">
               <zone>-7$-95.8833$41.1333</zone>
          </city> 
          <city name="Chadron">
               <zone>-7$-103.083$42.8333</zone>
          </city> 
          <city name="Columbus">
               <zone>-7$-97.3333$41.4667</zone>
          </city> 
          <city name="Cozad">
               <zone>-7$-100$40.8667</zone>
          </city> 
          <city name="Falls City">
               <zone>-7$-95.5833$40.0667</zone>
          </city> 
          <city name="Fremont">
               <zone>-7$-96.4833$41.4333</zone>
          </city> 
          <city name="Grand Island">
               <zone>-7$-98.3167$40.9833</zone>
          </city> 
          <city name="Hastings">
               <zone>-7$-98.4333$40.6</zone>
          </city> 
          <city name="Imperial">
               <zone>-7$-101.617$40.5167</zone>
          </city> 
          <city name="Kearney">
               <zone>-7$-99.0167$40.7333</zone>
          </city> 
          <city name="Lexington">
               <zone>-7$-99.7667$40.7833</zone>
          </city> 
          <city name="Lincoln">
               <zone>-7$-96.1333$40.35</zone>
          </city> 
          <city name="McCook">
               <zone>-7$-100.633$40.2</zone>
          </city> 
          <city name="Mullen">
               <zone>-7$-101.067$42.05</zone>
          </city> 
          <city name="Norfolk">
               <zone>-7$-97.4333$41.9833</zone>
          </city> 
          <city name="North Platte">
               <zone>-7$-100.683$41.1333</zone>
          </city> 
          <city name="O’Neill">
               <zone>-7$-98.6833$42.4667</zone>
          </city> 
          <city name="Ogallala">
               <zone>-7$-101.767$41.1167</zone>
          </city> 
          <city name="Omaha">
               <zone>-7$-95.9$41.3</zone>
          </city> 
          <city name="Scottsbluff">
               <zone>-7$-103.6$41.8667</zone>
          </city> 
          <city name="Sidney">
               <zone>-7$-103.1$41.2167</zone>
          </city> 
          <city name="Valentine">
               <zone>-7$-100.55$42.85</zone>
          </city> 
          <city name="Valley">
               <zone>-7$-96.3667$41.3167</zone>
          </city> 
          <city name="York">
               <zone>-7$-97.6167$40.8833</zone>
          </city> 
		  </country >
		  <country count="Nevada">
		   <city name="Austin">
               <zone>-8$-117.5$39.5</zone>
          </city> 
          <city name="Battle Mountain">
               <zone>-8$-116.867$40.6</zone>
          </city> 
          <city name="Carson City">
               <zone>-8$-119.767$39.1667</zone>
          </city> 
          <city name="Elko">
               <zone>-8$-115.783$40.8333</zone>
          </city> 
          <city name="Ely">
               <zone>-8$-114.85$39.2833</zone>
          </city> 
          <city name="Eureka">
               <zone>-8$-115.983$39.5</zone>
          </city> 
          <city name="Indian Springs">
               <zone>-8$-115.9$36.5333</zone>
          </city> 
          <city name="Jackpot">
               <zone>-8$-114.665$41.9813</zone>
          </city> 
          <city name="Las Vegas">
               <zone>-8$-115.167$36.0833</zone>
          </city> 
          <city name="Laughlin">
               <zone>-8$-114.633$35.15</zone>
          </city> 
          <city name="Lovelock">
               <zone>-8$-118.55$40.0667</zone>
          </city> 
          <city name="Mercury">
               <zone>-8$-116$36.6167</zone>
          </city> 
          <city name="Mountain City">
               <zone>-8$-115.967$41.8333</zone>
          </city> 
          <city name="Owyhee">
               <zone>-8$-116.135$41.9479</zone>
          </city> 
          <city name="Reno">
               <zone>-8$-119.783$39.5</zone>
          </city> 
          <city name="Tonopah">
               <zone>-8$-117.083$38.0667</zone>
          </city> 
          <city name="Wells">
               <zone>-8$-114.967$41.1167</zone>
          </city> 
          <city name="West Wendover">
               <zone>-8$-114.07$40.7395</zone>
          </city> 
          <city name="Winnemucca">
               <zone>-8$-117.8$40.9</zone>
          </city>
          </country>		  
		  <country count="New Hampshire">
		   <city name="Berlin">
               <zone>-5$-71.0167$44.05</zone>
          </city> 
          <city name="Claremont">
               <zone>-5$-72.0333$43.0333</zone>
          </city> 
          <city name="Concord">
               <zone>-5$-71.5$43.2</zone>
          </city> 
          <city name="Hampton">
               <zone>-5$-70.8333$42.9333</zone>
          </city> 
          <city name="Keene">
               <zone>-5$-72.2833$42.9167</zone>
          </city> 
          <city name="Laconia">
               <zone>-5$-71.05$43.05</zone>
          </city> 
          <city name="Manchester">
               <zone>-5$-71.4333$42.9333</zone>
          </city> 
          <city name="Nashua">
               <zone>-5$-71.5167$42.7833</zone>
          </city> 
          <city name="Portsmouth">
               <zone>-5$-70.8167$43.0667</zone>
          </city> 
          <city name="Rochester">
               <zone>-5$-70.9167$43.2667</zone>
          </city> 
          <city name="Whitefield">
               <zone>-5$-71.55$44.35</zone>
          </city> 
		  </country>
		  <country count="New Jersey">
		  <city name="Atlantic City">
               <zone>-5$-74.4333$39.3833</zone>
          </city> 
          <city name="Basking Ridge">
               <zone>-5$-74.55$40.7</zone>
          </city> 
          <city name="Belmar">
               <zone>-5$-74.1333$40.1833</zone>
          </city> 
          <city name="Bloomfield">
               <zone>-5$-74.1833$40.8</zone>
          </city> 
          <city name="Cranford">
               <zone>-5$-74.3$40.6667</zone>
          </city> 
          <city name="Dover">
               <zone>-5$-74.5667$40.9</zone>
          </city> 
          <city name="Fort Dix">
               <zone>-5$-74.6167$40.0333</zone>
          </city> 
          <city name="Manasquan">
               <zone>-5$-74.0167$40.1</zone>
          </city> 
          <city name="Maywood">
               <zone>-5$-74.0667$40.9</zone>
          </city> 
          <city name="Midland Park">
               <zone>-5$-74.1333$40.9833</zone>
          </city> 
          <city name="Millville">
               <zone>-5$-75.0667$39.35</zone>
          </city> 
          <city name="Newark">
               <zone>-5$-74.1667$40.7</zone>
          </city> 
          <city name="Paterson">
               <zone>-5$-74.15$40.9</zone>
          </city> 
          <city name="Princeton">
               <zone>-5$-74.6667$40.35</zone>
          </city> 
          <city name="Teterboro">
               <zone>-5$-74.05$40.85</zone>
          </city> 
          <city name="Trenton">
               <zone>-5$-74.7667$40.2167</zone>
          </city> 
          <city name="Union City">
               <zone>-5$-74.0167$40.7833</zone>
          </city> 
          <city name="Vineland">
               <zone>-5$-75$39.4833</zone>
          </city> 
          <city name="West Long Branch">
               <zone>-5$-74$40.3</zone>
          </city> 
          <city name="West Orange">
               <zone>-5$-74.2333$40.8</zone>
          </city> 
          <city name="Wildwood">
               <zone>-5$-74.8167$39</zone>
          </city> 
		  </country>
		  <country count="New Mexico">
		  <city name="Alamogordo">
               <zone>-7$-105.967$32.9</zone>
          </city> 
          <city name="Albuquerque">
               <zone>-7$-106.617$35.05</zone>
          </city> 
          <city name="Artesia">
               <zone>-7$-104.383$32.7667</zone>
          </city> 
          <city name="Carlsbad">
               <zone>-7$-104.267$32.3333</zone>
          </city> 
          <city name="Clayton">
               <zone>-7$-103.15$36.4333</zone>
          </city> 
          <city name="Clovis">
               <zone>-7$-103.317$34.3833</zone>
          </city> 
          <city name="Deming">
               <zone>-7$-107.717$32.25</zone>
          </city> 
          <city name="Farmington">
               <zone>-7$-108.233$36.7333</zone>
          </city> 
          <city name="Gallup">
               <zone>-7$-108.783$35.5167</zone>
          </city> 
          <city name="Grants">
               <zone>-7$-107.9$35.1667</zone>
          </city> 
          <city name="Hobbs">
               <zone>-7$-103.217$32.75</zone>
          </city> 
          <city name="Las Cruces">
               <zone>-7$-106.917$32.3</zone>
          </city> 
          <city name="Las Vegas">
               <zone>-7$-105.133$35.65</zone>
          </city> 
          <city name="Los Alamos">
               <zone>-7$-106.317$35.8667</zone>
          </city> 
          <city name="Raton">
               <zone>-7$-104.5$36.75</zone>
          </city> 
          <city name="Rio Rancho">
               <zone>-7$-106.583$35.3333</zone>
          </city> 
          <city name="Roswell">
               <zone>-7$-104.533$33.3</zone>
          </city> 
          <city name="Ruidoso">
               <zone>-7$-105.533$33.4667</zone>
          </city> 
          <city name="Santa Fe">
               <zone>-7$-106.083$35.6167</zone>
          </city> 
          <city name="Silver City">
               <zone>-7$-108.167$32.6333</zone>
          </city> 
          <city name="Socorro">
               <zone>-7$-106.883$34.05</zone>
          </city> 
          <city name="Taos">
               <zone>-7$-105.667$36.45</zone>
          </city> 
          <city name="Truth or Consequences">
               <zone>-7$-107.267$33.2333</zone>
          </city> 
          <city name="Tucumcari">
               <zone>-7$-103.6$35.1833</zone>
          </city> 
		  </country >
		  <country count="New York">
          <city name="Batavia">
               <zone>-5$-78.1833$43</zone>
          </city> 
          <city name="Bay Shore">
               <zone>-5$-73.2667$40.6333</zone>
          </city> 
          <city name="Binghamton">
               <zone>-5$-75.9833$42.2167</zone>
          </city> 
          <city name="Bronx (borough)">
               <zone>-5$-73.9$40.85</zone>
          </city> 
          <city name="Brooklyn (borough)">
               <zone>-5$-73.9333$40.6333</zone>
          </city> 
          <city name="Buffalo">
               <zone>-5$-78.7333$42.9333</zone>
          </city> 
          <city name="Cape Vincent">
               <zone>-5$-76.3333$44.1167</zone>
          </city> 
          <city name="Cortland">
               <zone>-5$-76.1833$42.6</zone>
          </city> 
          <city name="Dansville">
               <zone>-5$-77.7$42.5667</zone>
          </city> 
          <city name="Dunkirk">
               <zone>-5$-79.2667$42.4833</zone>
          </city> 
          <city name="East Hampton">
               <zone>-5$-72.25$40.95</zone>
          </city> 
          <city name="Elmira">
               <zone>-5$-76.9$42.1667</zone>
          </city> 
          <city name="Farmingdale">
               <zone>-5$-73.4167$40.7333</zone>
          </city> 
          <city name="Franklin Square">
               <zone>-5$-73.6833$40.7</zone>
          </city> 
          <city name="Fulton">
               <zone>-5$-76.4167$43.3333</zone>
          </city> 
          <city name="Glen Cove">
               <zone>-5$-73.6333$40.8667</zone>
          </city> 
          <city name="Glens Falls">
               <zone>-5$-73.6167$43.3333</zone>
          </city> 
          <city name="Hornell">
               <zone>-5$-77.7$42.35</zone>
          </city> 
          <city name="Islip">
               <zone>-5$-73.1$40.7833</zone>
          </city> 
          <city name="Ithaca">
               <zone>-5$-76.4833$42.45</zone>
          </city> 
          <city name="Jamestown">
               <zone>-5$-79.2333$42.1167</zone>
          </city> 
          <city name="John F. Kennedy Airport">
               <zone>-5$-73.9667$40.7833</zone>
          </city> 
          <city name="Kingston">
               <zone>-5$-74$41.9333</zone>
          </city> 
          <city name="Lockport">
               <zone>-5$-78.691$43.1698</zone>
          </city> 
          <city name="Manhattan">
               <zone>-5$-73.9833$40.7667</zone>
          </city> 
          <city name="Massena">
               <zone>-5$-74.85$44.9333</zone>
          </city> 
          <city name="Montauk">
               <zone>-5$-71.9167$41.0667</zone>
          </city> 
          <city name="Monticello">
               <zone>-5$-74.8$41.7</zone>
          </city> 
          <city name="New York City">
               <zone>-5$-73.9667$40.7833</zone>
          </city> 
          <city name="Newburgh">
               <zone>-5$-74.1$41.5</zone>
          </city> 
          <city name="Niagara Falls">
               <zone>-5$-79.0667$43.1167</zone>
          </city> 
          <city name="North Tonawanda">
               <zone>-5$-78.8667$43.0333</zone>
          </city> 
          <city name="Ogdensburg">
               <zone>-5$-75.4667$44.6833</zone>
          </city> 
          <city name="Olean">
               <zone>-5$-78.3667$42.2333</zone>
          </city> 
          <city name="Oneonta">
               <zone>-5$-75.0667$42.5167</zone>
          </city> 
          <city name="Oswego">
               <zone>-5$-76.55$43.4667</zone>
          </city> 
          <city name="Penn Yan">
               <zone>-5$-77.0333$42.6333</zone>
          </city> 
          <city name="Plattsburgh">
               <zone>-5$-73.5167$44.6667</zone>
          </city> 
          <city name="Poughkeepsie">
               <zone>-5$-73.9167$41.6333</zone>
          </city> 
          <city name="Queens (borough)">
               <zone>-5$-73.8667$40.7167</zone>
          </city> 
          <city name="Riverhead">
               <zone>-5$-72.6667$40.9167</zone>
          </city> 
          <city name="Rochester">
               <zone>-5$-77.6667$43.1167</zone>
          </city> 
          <city name="Rome">
               <zone>-5$-75.4167$43.2333</zone>
          </city> 
          <city name="Saranac Lake">
               <zone>-5$-74.2$44.3833</zone>
          </city> 
          <city name="Schenectady">
               <zone>-5$-73.95$42.85</zone>
          </city> 
          <city name="Shirley">
               <zone>-5$-72.8667$40.8167</zone>
          </city> 
          <city name="Staten Island">
               <zone>-5$-74.15$40.5833</zone>
          </city> 
          <city name="Syracuse">
               <zone>-5$-76.1167$43.1167</zone>
          </city> 
          <city name="Utica">
               <zone>-5$-75.3833$43.15</zone>
          </city> 
          <city name="Watertown">
               <zone>-5$-76.0167$43.9833</zone>
          </city> 
          <city name="Wellsville">
               <zone>-5$-77.9833$42.1</zone>
          </city> 
          <city name="West Seneca">
               <zone>-5$-78.8$42.85</zone>
          </city> 
          <city name="Westhampton Beach">
               <zone>-5$-72.6167$40.85</zone>
          </city> 
          <city name="White Plains">
               <zone>-5$-73.7$41.0667</zone>
          </city> 
          <city name="Yonkers">
               <zone>-5$-73.9$40.9333</zone>
          </city> 
		  <city name="Ahoskie">
               <zone>-5$-77.1667$36.2833</zone>
          </city> 
		  </country >
		  <country count="North Carolina">
          <city name="Albemarle">
               <zone>-5$-80.15$35.4167</zone>
          </city> 
          <city name="Andrews">
               <zone>-5$-83.85$35.1833</zone>
          </city> 
          <city name="Asheboro">
               <zone>-5$-79.8833$35.65</zone>
          </city> 
          <city name="Asheville">
               <zone>-5$-82.5333$35.4333</zone>
          </city> 
          <city name="Beaufort">
               <zone>-5$-76.65$34.7167</zone>
          </city> 
          <city name="Boone">
               <zone>-5$-81.65$36.2</zone>
          </city> 
          <city name="Burlington">
               <zone>-5$-79.4667$36.0333</zone>
          </city> 
          <city name="Camp Lejeune">
               <zone>-5$-77.35$34.5833</zone>
          </city> 
          <city name="Chapel Hill">
               <zone>-5$-79.05$35.7667</zone>
          </city> 
          <city name="Charlotte">
               <zone>-5$-80.9333$35.2167</zone>
          </city> 
          <city name="Clinton">
               <zone>-5$-78.35$34.9667</zone>
          </city> 
          <city name="Concord">
               <zone>-5$-80.7$35.3833</zone>
          </city> 
          <city name="Dunn">
               <zone>-5$-78.6167$35.3</zone>
          </city> 
          <city name="Durham">
               <zone>-5$-78.7833$35.8667</zone>
          </city> 
          <city name="Edenton">
               <zone>-5$-76.6167$36.0667</zone>
          </city> 
          <city name="Elizabeth City">
               <zone>-5$-76.1833$36.2667</zone>
          </city> 
          <city name="Elizabethtown">
               <zone>-5$-78.5833$34.6</zone>
          </city> 
          <city name="Erwin">
               <zone>-5$-78.7333$35.3667</zone>
          </city> 
          <city name="Fayetteville">
               <zone>-5$-79.0167$35.1667</zone>
          </city> 
          <city name="Gastonia">
               <zone>-5$-81.15$35.1833</zone>
          </city> 
          <city name="Goldsboro">
               <zone>-5$-77.9667$35.3333</zone>
          </city> 
          <city name="Greensboro">
               <zone>-5$-79.95$36.0833</zone>
          </city> 
          <city name="Greenville">
               <zone>-5$-77.4167$35.6167</zone>
          </city> 
          <city name="Hamlet">
               <zone>-5$-79.7$34.8833</zone>
          </city> 
          <city name="Hatteras">
               <zone>-5$-75.55$35.2667</zone>
          </city> 
          <city name="Henderson">
               <zone>-5$-78.4167$36.3667</zone>
          </city> 
          <city name="Hickory">
               <zone>-5$-81.3833$35.75</zone>
          </city> 
          <city name="Jacksonville">
               <zone>-5$-77.6167$34.8333</zone>
          </city> 
          <city name="Kenansville">
               <zone>-5$-77.9667$35</zone>
          </city> 
          <city name="Kinston">
               <zone>-5$-77.6167$35.3333</zone>
          </city> 
          <city name="Laurinburg">
               <zone>-5$-79.4667$34.7667</zone>
          </city> 
          <city name="Lexington">
               <zone>-5$-80.3$35.7667</zone>
          </city> 
          <city name="Lincolnton">
               <zone>-5$-81.15$35.4667</zone>
          </city> 
          <city name="Lumberton">
               <zone>-5$-79.0667$34.6167</zone>
          </city> 
          <city name="Manteo">
               <zone>-5$-75.6833$35.9</zone>
          </city> 
          <city name="Monroe">
               <zone>-5$-80.6167$35.0167</zone>
          </city> 
          <city name="Morehead City">
               <zone>-5$-76.7333$34.7167</zone>
          </city> 
          <city name="Morganton">
               <zone>-5$-81.6$35.8167</zone>
          </city> 
          <city name="New Bern">
               <zone>-5$-77.05$35.0833</zone>
          </city> 
          <city name="North Charlotte">
               <zone>-5$-80.8333$35.25</zone>
          </city> 
          <city name="Oxford">
               <zone>-5$-78.5167$36.35</zone>
          </city> 
          <city name="Raeford">
               <zone>-5$-79.2167$34.9833</zone>
          </city> 
          <city name="Raleigh">
               <zone>-5$-78.7833$35.8667</zone>
          </city> 
          <city name="Roanoke Rapids">
               <zone>-5$-77.7$36.4333</zone>
          </city> 
          <city name="Rocky Mount">
               <zone>-5$-77.8$35.9667</zone>
          </city> 
          <city name="Roxboro">
               <zone>-5$-78.9833$36.2833</zone>
          </city> 
          <city name="Rutherfordton">
               <zone>-5$-81.9333$35.7</zone>
          </city> 
          <city name="Sanford">
               <zone>-5$-79.1$35.5667</zone>
          </city> 
          <city name="Smithfield">
               <zone>-5$-78.3833$35.5333</zone>
          </city> 
          <city name="Southern Pines">
               <zone>-5$-79.4$35.2333</zone>
          </city> 
          <city name="Statesville">
               <zone>-5$-80.95$35.75</zone>
          </city> 
          <city name="Washington">
               <zone>-5$-77.0333$35.5667</zone>
          </city> 
          <city name="Whiteville">
               <zone>-5$-78.7$34.2667</zone>
          </city> 
          <city name="Wilkesboro">
               <zone>-5$-81.1667$36.15</zone>
          </city> 
          <city name="Wilmington">
               <zone>-5$-77.9167$34.2667</zone>
          </city> 
          <city name="Winston–Salem">
               <zone>-5$-80.2167$36.1333</zone>
          </city> 
		  </country>
		  <country count="North Dakota">
		  <city name="Beulah">
               <zone>-6$104.783$47.2667</zone>
          </city> 
          <city name="Bismarck">
               <zone>-6$-100.75$46.7667</zone>
          </city> 
          <city name="Bowman">
               <zone>-6$-103.4$46.1833</zone>
          </city> 
          <city name="Devils Lake">
               <zone>-6$-98.9$48.1167</zone>
          </city> 
          <city name="Dickinson">
               <zone>-6$-102.8$46.8</zone>
          </city> 
          <city name="Fargo">
               <zone>-6$-96.8$46.9</zone>
          </city> 
          <city name="Grand Forks">
               <zone>-6$-97.4$47.95</zone>
          </city> 
          <city name="Jamestown">
               <zone>-6$-98.6833$46.9167</zone>
          </city> 
          <city name="Minot">
               <zone>-6$-101.35$48.4167</zone>
          </city> 
          <city name="Williston">
               <zone>-6$-103.583$48.15</zone>
          </city> 
		  </country>
		  <country count="Ohio">
	       <city name="Akron">
               <zone>-5$-81.4333$40.9167</zone>
          </city> 
          <city name="Ashtabula">
               <zone>-5$-80.8$41.9167</zone>
          </city> 
          <city name="Athens">
               <zone>-5$-82.1$39.3333</zone>
          </city> 
          <city name="Bowling Green">
               <zone>-5$-83.6333$41.3833</zone>
          </city> 
          <city name="Cambridge">
               <zone>-5$-81.5833$40.0667</zone>
          </city> 
          <city name="Chillicothe">
               <zone>-5$-83$39.35</zone>
          </city> 
          <city name="Cincinnati">
               <zone>-5$-84.5167$39.15</zone>
          </city> 
          <city name="Circleville">
               <zone>-5$-82.9333$39.6</zone>
          </city> 
          <city name="Cleveland">
               <zone>-5$-81.85$41.4</zone>
          </city> 
          <city name="Columbus">
               <zone>-5$-82.8833$40</zone>
          </city> 
          <city name="Dayton">
               <zone>-5$-84.2167$39.9</zone>
          </city> 
          <city name="Defiance">
               <zone>-5$-84.3833$41.2833</zone>
          </city> 
          <city name="Euclid">
               <zone>-5$-81.5333$41.6</zone>
          </city> 
          <city name="Findlay">
               <zone>-5$-83.6667$41.0167</zone>
          </city> 
          <city name="Fremont">
               <zone>-5$-83.1167$41.3333</zone>
          </city> 
          <city name="Gahanna">
               <zone>-5$-82.8833$40.0167</zone>
          </city> 
          <city name="Hamilton">
               <zone>-5$-84.5833$39.4</zone>
          </city> 
          <city name="Kent">
               <zone>-5$-81.35$41.15</zone>
          </city> 
          <city name="Kenton">
               <zone>-5$-83.6167$40.65</zone>
          </city> 
          <city name="Kettering">
               <zone>-5$-84.1667$39.6833</zone>
          </city> 
          <city name="Lancaster">
               <zone>-5$-82.6333$39.7333</zone>
          </city> 
          <city name="Lima">
               <zone>-5$-84.0333$40.7</zone>
          </city> 
          <city name="Lorain">
               <zone>-5$-82.1667$41.3333</zone>
          </city> 
          <city name="Mansfield">
               <zone>-5$-82.5167$40.8167</zone>
          </city> 
          <city name="Marion">
               <zone>-5$-83.1667$40.6</zone>
          </city> 
          <city name="Middletown">
               <zone>-5$-84.4167$39.5167</zone>
          </city> 
          <city name="New Philadelphia">
               <zone>-5$-81.4167$40.4667</zone>
          </city> 
          <city name="Newark">
               <zone>-5$-82.4667$40.0167</zone>
          </city> 
          <city name="North Ridgeville">
               <zone>-5$-82.05$41.3667</zone>
          </city> 
          <city name="Norwalk">
               <zone>-5$-82.6167$41.2667</zone>
          </city> 
          <city name="Perrysburg">
               <zone>-5$-83.6333$41.55</zone>
          </city> 
          <city name="Portsmouth">
               <zone>-5$-82.9167$38.75</zone>
          </city> 
          <city name="Rossford">
               <zone>-5$-83.5667$41.6167</zone>
          </city> 
          <city name="Sandusky">
               <zone>-5$-82.7167$41.45</zone>
          </city> 
          <city name="Solon">
               <zone>-5$-81.4333$41.3833</zone>
          </city> 
          <city name="Springfield">
               <zone>-5$-83.8333$39.8333</zone>
          </city> 
          <city name="Steubenville">
               <zone>-5$-80.6333$40.3833</zone>
          </city> 
          <city name="Toledo">
               <zone>-5$-83.8$41.6</zone>
          </city> 
          <city name="Warren">
               <zone>-5$-80.85$41.3333</zone>
          </city> 
          <city name="Westerville">
               <zone>-5$-82.9333$40.1333</zone>
          </city> 
          <city name="Willoughby">
               <zone>-5$-81.3833$41.6833</zone>
          </city> 
          <city name="Wilmington">
               <zone>-5$-83.7667$39.4167</zone>
          </city> 
          <city name="Wooster">
               <zone>-5$-81.8833$40.8667</zone>
          </city> 
          <city name="Xenia">
               <zone>-5$-83.9333$39.6833</zone>
          </city> 
          <city name="Youngstown">
               <zone>-5$-80.6667$41.2667</zone>
          </city> 
          <city name="Zanesville">
               <zone>-5$-81.9$39.95</zone>
          </city> 
		  </country>
		  <country count="Oklahoma">
		  <city name="Ada">
               <zone>-6$-96.6833$34.7833</zone>
          </city> 
          <city name="Altus">
               <zone>-6$-99.2667$34.65</zone>
          </city> 
          <city name="Alva">
               <zone>-6$-98.7667$36.7667</zone>
          </city> 
          <city name="Ardmore">
               <zone>-6$-97.0167$34.3</zone>
          </city> 
          <city name="Bartlesville">
               <zone>-6$-96$36.75</zone>
          </city> 
          <city name="Chickasha">
               <zone>-6$-97.9167$35.05</zone>
          </city> 
          <city name="Claremore">
               <zone>-6$-95.4667$36.2833</zone>
          </city> 
          <city name="Clinton">
               <zone>-6$-99.2$35.35</zone>
          </city> 
          <city name="Duncan">
               <zone>-6$-97.9833$34.5</zone>
          </city> 
          <city name="Durant">
               <zone>-6$-96.3833$34</zone>
          </city> 
          <city name="Enid">
               <zone>-6$-97.7833$36.3833</zone>
          </city> 
          <city name="Fort Sill">
               <zone>-6$-98.4$34.6</zone>
          </city> 
          <city name="Frederick">
               <zone>-6$-99.0333$34.3333</zone>
          </city> 
          <city name="Gage">
               <zone>-6$-99.7667$36.2833</zone>
          </city> 
          <city name="Grove">
               <zone>-6$-94.7333$36.6</zone>
          </city> 
          <city name="Guthrie">
               <zone>-6$-97.4$35.85</zone>
          </city> 
          <city name="Guymon">
               <zone>-6$-101.5$36.6667</zone>
          </city> 
          <city name="Henryetta">
               <zone>-6$-96$35.4</zone>
          </city> 
          <city name="Hobart">
               <zone>-6$-99.05$35.0333</zone>
          </city> 
          <city name="Kenton">
               <zone>-6$-102.963$36.9031</zone>
          </city> 
          <city name="Lawton">
               <zone>-6$-98.4167$34.5667</zone>
          </city> 
          <city name="McAlester">
               <zone>-6$-95.9167$34.8333</zone>
          </city> 
          <city name="Midwest City">
               <zone>-6$-97.4$35.45</zone>
          </city> 
          <city name="Muskogee">
               <zone>-6$-95.3667$35.6667</zone>
          </city> 
          <city name="Norman">
               <zone>-6$-97.4833$35.25</zone>
          </city> 
          <city name="Oklahoma City">
               <zone>-6$-97.6$35.4</zone>
          </city> 
          <city name="Okmulgee">
               <zone>-6$-95.9333$35.6667</zone>
          </city> 
          <city name="Pauls Valley">
               <zone>-6$-97.2167$34.7</zone>
          </city> 
          <city name="Ponca City">
               <zone>-6$-97.1$36.7333</zone>
          </city> 
          <city name="Poteau">
               <zone>-6$-94.6167$35.0167</zone>
          </city> 
          <city name="Seminole">
               <zone>-6$-96.6667$35.2333</zone>
          </city> 
          <city name="Shawnee">
               <zone>-6$-96.9333$35.35</zone>
          </city> 
          <city name="Stillwater">
               <zone>-6$-97.0833$36.1667</zone>
          </city> 
          <city name="Tahlequah">
               <zone>-6$-94.9667$35.9167</zone>
          </city> 
          <city name="Tulsa">
               <zone>-6$-95.9$36.2</zone>
          </city> 
          <city name="Woodward">
               <zone>-6$-99.5167$36.6</zone>
          </city> 
		  </country>
		  <country count="Oregon">
          <city name="Aloha">
               <zone>-8$-122.867$45.5</zone>
          </city> 
          <city name="Astoria">
               <zone>-8$-123.883$46.15</zone>
          </city> 
          <city name="Bend">
               <zone>-8$-121.317$44.0667</zone>
          </city> 
          <city name="Brookings">
               <zone>-8$-124.283$42.05</zone>
          </city> 
          <city name="Burns">
               <zone>-8$-118.95$43.5833</zone>
          </city> 
          <city name="Canby">
               <zone>-8$-122.683$45.2667</zone>
          </city> 
          <city name="Cascade Locks">
               <zone>-8$-121.883$45.6667</zone>
          </city> 
          <city name="Coos Bay">
               <zone>-8$-124.333$43.35</zone>
          </city> 
          <city name="Corvallis">
               <zone>-8$-123.283$44.5</zone>
          </city> 
          <city name="Eugene">
               <zone>-8$-123.217$44.1167</zone>
          </city> 
          <city name="Florence">
               <zone>-8$-124.117$44</zone>
          </city> 
          <city name="Grants Pass">
               <zone>-8$-123.317$42.4333</zone>
          </city> 
          <city name="Gresham">
               <zone>-8$-122.433$45.5</zone>
          </city> 
          <city name="Hermiston">
               <zone>-8$-119.25$45.8167</zone>
          </city> 
          <city name="John Day">
               <zone>-8$-118.95$44.4</zone>
          </city> 
          <city name="Klamath Falls">
               <zone>-8$-121.733$42.15</zone>
          </city> 
          <city name="La Grande">
               <zone>-8$-118$45.2833</zone>
          </city> 
          <city name="Lakeview">
               <zone>-8$-120.35$42.2167</zone>
          </city> 
          <city name="McMinnville">
               <zone>-8$-123.117$45.1833</zone>
          </city> 
          <city name="Medford">
               <zone>-8$-122.867$42.3667</zone>
          </city> 
          <city name="Newport">
               <zone>-8$-124.067$44.5833</zone>
          </city> 
          <city name="North Bend">
               <zone>-8$-124.217$43.4</zone>
          </city> 
          <city name="Ontario">
               <zone>-8$-116.967$44.0333</zone>
          </city> 
          <city name="Pacific City">
               <zone>-8$-123.967$45.2</zone>
          </city> 
          <city name="Pendleton">
               <zone>-8$-118.85$45.6833</zone>
          </city> 
          <city name="Portland">
               <zone>-8$-122.6$45.6</zone>
          </city> 
          <city name="Redmond">
               <zone>-8$-121.133$44.25</zone>
          </city> 
          <city name="Reedsport">
               <zone>-8$-124.112$43.6988</zone>
          </city> 
          <city name="Rome">
               <zone>-8$-117.85$42.5833</zone>
          </city> 
          <city name="Roseburg">
               <zone>-8$-123.367$43.2333</zone>
          </city> 
          <city name="Salem">
               <zone>-8$-123.017$44.9167</zone>
          </city> 
          <city name="Scappoose">
               <zone>-8$-122.85$45.7667</zone>
          </city> 
          <city name="Springfield">
               <zone>-8$-123.017$44.05</zone>
          </city> 
          <city name="The Dalles">
               <zone>-8$-121.2$45.6</zone>
          </city> 
          <city name="Tillamook">
               <zone>-8$-123.8$45.4167</zone>
          </city> 
          <city name="Woodburn">
               <zone>-8$-122.85$45.15</zone>
          </city> 
		  </country >
		  <country count="Pennsylvania">
		   <city name="Allentown">
               <zone>-5$-75.4333$40.65</zone>
          </city> 
          <city name="Altoona">
               <zone>-5$-78.3167$40.3</zone>
          </city> 
          <city name="Beaver Falls">
               <zone>-5$-80.4$40.7667</zone>
          </city> 
          <city name="Bradford">
               <zone>-5$-78.6333$41.7833</zone>
          </city> 
          <city name="Butler">
               <zone>-5$-79.9$40.8667</zone>
          </city> 
          <city name="Chambersburg">
               <zone>-5$-77.6333$39.9333</zone>
          </city> 
          <city name="Chester">
               <zone>-5$-75.35$39.85</zone>
          </city> 
          <city name="Clearfield">
               <zone>-5$-78.4$41.0333</zone>
          </city> 
          <city name="Doylestown">
               <zone>-5$-75.1167$40.3167</zone>
          </city> 
          <city name="Erie">
               <zone>-5$-80.1833$42.0833</zone>
          </city> 
          <city name="Franklin">
               <zone>-5$-79.8667$41.3833</zone>
          </city> 
          <city name="Harrisburg">
               <zone>-5$-76.7667$40.2</zone>
          </city> 
          <city name="Indiana">
               <zone>-5$-79.1$40.6333</zone>
          </city> 
          <city name="Johnstown">
               <zone>-5$-78.8333$40.3167</zone>
          </city> 
          <city name="Lancaster">
               <zone>-5$-76.3$40.1167</zone>
          </city> 
          <city name="Latrobe">
               <zone>-5$-79.4$40.2833</zone>
          </city> 
          <city name="Meadville">
               <zone>-5$-80.1667$41.6333</zone>
          </city> 
          <city name="Mount Pocono">
               <zone>-5$-75.3833$41.1333</zone>
          </city> 
          <city name="New Castle">
               <zone>-5$-80.3667$41.0167</zone>
          </city> 
          <city name="Philadelphia">
               <zone>-5$-75.25$39.8833</zone>
          </city> 
          <city name="Pittsburgh">
               <zone>-5$-80.2167$40.5</zone>
          </city> 
          <city name="Pottstown">
               <zone>-5$-75.55$40.2333</zone>
          </city> 
          <city name="Reading">
               <zone>-5$-75.6333$40.3333</zone>
          </city> 
          <city name="Reedsville">
               <zone>-5$-77.6333$40.6833</zone>
          </city> 
          <city name="State College">
               <zone>-5$-77.8667$40.8</zone>
          </city> 
          <city name="Sunbury">
               <zone>-5$-76.7667$40.8833</zone>
          </city> 
          <city name="Uniontown">
               <zone>-5$-79.7167$39.9167</zone>
          </city> 
          <city name="Washington">
               <zone>-5$-80.2833$40.1333</zone>
          </city> 
          <city name="West Chester">
               <zone>-5$-75.6333$39.9667</zone>
          </city> 
          <city name="Wilkes–Barre">
               <zone>-5$-75.7333$41.3333</zone>
          </city> 
          <city name="Williamsport">
               <zone>-5$-76.9167$41.25</zone>
          </city> 
          <city name="Willow Grove">
               <zone>-5$-75.1333$40.1833</zone>
          </city> 
          <city name="York">
               <zone>-5$-76.75$39.9167</zone>
          </city> 
		  </country >
		  <country count="Rhode Island">
		   <city name="Block Island">
               <zone>-5$-71.5833$41.1667</zone>
          </city> 
          <city name="Newport">
               <zone>-5$-71.3333$41.5</zone>
          </city> 
          <city name="Pawtucket">
               <zone>-5$-71.5$41.9167</zone>
          </city> 
          <city name="Providence">
               <zone>-5$-71.4333$41.7333</zone>
          </city> 
          <city name="Westerly">
               <zone>-5$-71.7833$41.3333</zone>
          </city> 
		  </country>
		  <country count="South Carolina">    
          <city name="Beaufort">
               <zone>-5$-80.7$32.4833</zone>
          </city> 
          <city name="Charleston">
               <zone>-5$-79.9667$32.9</zone>
          </city> 
          <city name="Clemson">
               <zone>-5$-82.8667$34.6667</zone>
          </city> 
          <city name="Columbia">
               <zone>-5$-81.1167$33.95</zone>
          </city> 
          <city name="Darlington">
               <zone>-5$-79.8833$34.4333</zone>
          </city> 
          <city name="Florence">
               <zone>-5$-79.7167$34.1833</zone>
          </city> 
          <city name="Georgetown">
               <zone>-5$-79.2833$33.3833</zone>
          </city> 
          <city name="Greenville">
               <zone>-5$-82.2167$34.9</zone>
          </city> 
          <city name="Greenwood">
               <zone>-5$-82.15$34.2333</zone>
          </city> 
          <city name="Greer">
               <zone>-5$-82.2167$34.8833</zone>
          </city> 
          <city name="Hilton Head Island">
               <zone>-5$-80.7$32.2167</zone>
          </city> 
          <city name="Manning">
               <zone>-5$-80.2167$33.5833</zone>
          </city> 
          <city name="Myrtle Beach">
               <zone>-5$-78.9333$33.6833</zone>
          </city> 
          <city name="Orangeburg">
               <zone>-5$-80.8667$33.5</zone>
          </city> 
          <city name="Rock Hill">
               <zone>-5$-80.9667$34.9833</zone>
          </city> 
          <city name="Spartanburg">
               <zone>-5$-82$34.9667</zone>
          </city> 
          <city name="Sumter">
               <zone>-5$-80.35$33.9167</zone>
          </city> 
		  </country >
		  <country count="South Dakota">
          <city name="Belle Fourche">
               <zone>-6$-103.867$44.7333</zone>
          </city> 
          <city name="Brookings">
               <zone>-6$-96.8$44.3</zone>
          </city> 
          <city name="Custer">
               <zone>-6$-103.6$43.7167</zone>
          </city> 
          <city name="Huron">
               <zone>-6$-98.2167$44.3833</zone>
          </city> 
          <city name="Lemmon">
               <zone>-6$-102.167$45.9333</zone>
          </city> 
          <city name="Mitchell">
               <zone>-6$-98.0167$43.6833</zone>
          </city> 
          <city name="Mobridge">
               <zone>-6$-100.4$45.55</zone>
          </city> 
          <city name="Philip">
               <zone>-6$-101.6$44.05</zone>
          </city> 
          <city name="Pierre">
               <zone>-6$-100.283$44.3833</zone>
          </city> 
          <city name="Pine Ridge">
               <zone>-6$-102.517$43.0167</zone>
          </city> 
          <city name="Rapid City">
               <zone>-6$-103.067$44.05</zone>
          </city> 
          <city name="Sioux Falls">
               <zone>-6$-96.7333$43.5667</zone>
          </city> 
          <city name="Spearfish">
               <zone>-6$-103.867$44.4833</zone>
          </city> 
          <city name="Watertown">
               <zone>-6$-97.15$44.9167</zone>
          </city> 
          <city name="Yankton">
               <zone>-6$-97.3833$42.9167</zone>
          </city> 
		  </country >
		  <country count="Tennessee">
		  <city name="Athens">
               <zone>-5$-84.5833$35.4333</zone>
          </city> 
          <city name="Bristol">
               <zone>-5$-82.1833$36.6</zone>
          </city> 
          <city name="Chattanooga">
               <zone>-5$-85.2$35.0333</zone>
          </city> 
          <city name="Clarksville">
               <zone>-5$-87.3667$36.55</zone>
          </city> 
          <city name="Columbia">
               <zone>-5$-87.0333$35.6333</zone>
          </city> 
          <city name="Crossville">
               <zone>-5$-85.0833$35.95</zone>
          </city> 
          <city name="Dyersburg">
               <zone>-5$-89.4$36.0167</zone>
          </city> 
          <city name="Greeneville">
               <zone>-5$-82.8333$36.0667</zone>
          </city> 
          <city name="Jackson">
               <zone>-5$-88.9167$35.6</zone>
          </city> 
          <city name="Knoxville">
               <zone>-5$-83.9833$35.8167</zone>
          </city> 
          <city name="Manchester">
               <zone>-5$-86.0833$35.4667</zone>
          </city> 
          <city name="Maryville">
               <zone>-5$-83.9667$35.75</zone>
          </city> 
          <city name="Memphis">
               <zone>-5$-90$35.05</zone>
          </city> 
          <city name="Millington">
               <zone>-5$-89.8667$35.35</zone>
          </city> 
          <city name="Morristown">
               <zone>-5$-83.4$36.1667</zone>
          </city> 
          <city name="Murfreesboro">
               <zone>-5$-86.4667$34.9167</zone>
          </city> 
          <city name="Nashville">
               <zone>-5$-86.6833$36.1167</zone>
          </city> 
          <city name="Oak Ridge">
               <zone>-5$-84.2333$36.0167</zone>
          </city> 
          <city name="Smyrna">
               <zone>-5$-86.5167$36.0167</zone>
          </city> 
          <city name="Tullahoma">
               <zone>-5$-86.0833$35.3833</zone>
          </city> 
		  </country >
		  <country count="Texas">
		   <city name="Abilene">
               <zone>-6$-99.6833$32.4167</zone>
          </city> 
          <city name="Alice">
               <zone>-6$-98.0333$27.7333</zone>
          </city> 
          <city name="Amarillo">
               <zone>-6$-100.7$35.2333</zone>
          </city> 
          <city name="Arlington">
               <zone>-6$-96.1$32.7333</zone>
          </city> 
          <city name="Austin">
               <zone>-6$-97.7$30.3</zone>
          </city> 
          <city name="Bay City">
               <zone>-6$-95.9667$29</zone>
          </city> 
          <city name="Beaumont">
               <zone>-6$-94.0167$29.95</zone>
          </city> 
          <city name="Beeville">
               <zone>-6$-97.6667$32.3</zone>
          </city> 
          <city name="Big Spring">
               <zone>-6$-101.45$35.3833</zone>
          </city> 
          <city name="Brenham">
               <zone>-6$-96.3667$30.2167</zone>
          </city> 
          <city name="Brownsville">
               <zone>-6$-97.4333$25.9</zone>
          </city> 
          <city name="Brownwood">
               <zone>-6$-98.95$31.8</zone>
          </city> 
          <city name="Bryan">
               <zone>-6$-96.55$30.6667</zone>
          </city> 
          <city name="Burleson">
               <zone>-6$-97.3167$32.55</zone>
          </city> 
          <city name="Carrollton">
               <zone>-6$-96.8833$32.95</zone>
          </city> 
          <city name="Childress">
               <zone>-6$-100.283$34.4167</zone>
          </city> 
          <city name="College Station">
               <zone>-6$-96.35$30.5667</zone>
          </city> 
          <city name="Conroe">
               <zone>-6$-95.4$30.35</zone>
          </city> 
          <city name="Corpus Christi">
               <zone>-6$-97.5$27.7667</zone>
          </city> 
          <city name="Corsicana">
               <zone>-6$-96.4667$32.0833</zone>
          </city> 
          <city name="Cotulla">
               <zone>-6$-99.2167$28.45</zone>
          </city> 
          <city name="Dalhart">
               <zone>-6$-102.533$36.0167</zone>
          </city> 
          <city name="Dallas">
               <zone>-6$-96.85$32.85</zone>
          </city> 
          <city name="Del Rio">
               <zone>-6$-100.783$29.3667</zone>
          </city> 
          <city name="Denton">
               <zone>-6$-97.1$33.2</zone>
          </city> 
          <city name="Eagle Pass">
               <zone>-6$-100.533$28.8667</zone>
          </city> 
          <city name="El Paso">
               <zone>-6$-106.4$31.8</zone>
          </city> 
          <city name="Fort Stockton">
               <zone>-6$-102.917$30.9</zone>
          </city> 
          <city name="Fort Worth">
               <zone>-6$-97.05$32.8333</zone>
          </city> 
          <city name="Fredericksburg">
               <zone>-6$-98.9$30.2333</zone>
          </city> 
          <city name="Freeport">
               <zone>-6$-95.3167$28.95</zone>
          </city> 
          <city name="Gainesville">
               <zone>-6$-97.1833$33.65</zone>
          </city> 
          <city name="Galveston">
               <zone>-6$-94.8$29.3</zone>
          </city> 
          <city name="Georgetown">
               <zone>-6$-97.6833$30.6833</zone>
          </city> 
          <city name="Grand Prairie">
               <zone>-6$-97$32.75</zone>
          </city> 
          <city name="Greenville">
               <zone>-6$-96.05$33.0667</zone>
          </city> 
          <city name="Haltom City">
               <zone>-6$-97.2667$32.8</zone>
          </city> 
          <city name="Harlingen">
               <zone>-6$-97.65$26.2333</zone>
          </city> 
          <city name="Hondo">
               <zone>-6$-99.15$29.35</zone>
          </city> 
          <city name="Houston">
               <zone>-6$-95.35$29.9667</zone>
          </city> 
          <city name="Huntsville">
               <zone>-6$-95.55$30.7167</zone>
          </city> 
          <city name="Irving">
               <zone>-6$-96.95$32.8167</zone>
          </city> 
          <city name="Jasper">
               <zone>-6$-94.0333$30.8833</zone>
          </city> 
          <city name="Junction">
               <zone>-6$-99.75$30.5</zone>
          </city> 
          <city name="Katy">
               <zone>-6$-95.8167$29.7833</zone>
          </city> 
          <city name="Keller">
               <zone>-6$-97.25$32.9333</zone>
          </city> 
          <city name="Kerrville">
               <zone>-6$-99.1333$30.55</zone>
          </city> 
          <city name="Killeen">
               <zone>-6$-97.6833$31.0833</zone>
          </city> 
          <city name="Kingsville">
               <zone>-6$-97.8$27.5</zone>
          </city> 
          <city name="Kingwood">
               <zone>-6$-95.25$30.0333</zone>
          </city> 
          <city name="Lamesa">
               <zone>-6$-101.933$32.7</zone>
          </city> 
          <city name="Laredo">
               <zone>-6$-99.45$27.5333</zone>
          </city> 
          <city name="League City">
               <zone>-6$-95.1$29.5</zone>
          </city> 
          <city name="Longview">
               <zone>-6$-94.7333$32.4667</zone>
          </city> 
          <city name="Lubbock">
               <zone>-6$-101.817$33.65</zone>
          </city> 
          <city name="Lufkin">
               <zone>-6$-94.8$31.4167</zone>
          </city> 
          <city name="Marfa">
               <zone>-6$-104.017$30.3667</zone>
          </city> 
          <city name="McAllen">
               <zone>-6$-98.2167$26.2</zone>
          </city> 
          <city name="McKinney">
               <zone>-6$-96.5833$33.1833</zone>
          </city> 
          <city name="Midland">
               <zone>-6$-102.183$31.95</zone>
          </city> 
          <city name="Mineral Wells">
               <zone>-6$-98.0667$32.7833</zone>
          </city> 
          <city name="Nacogdoches">
               <zone>-6$-94.7167$31.5833</zone>
          </city> 
          <city name="New Braunfels">
               <zone>-6$-98.0333$29.7167</zone>
          </city> 
          <city name="Odessa">
               <zone>-6$-102.383$31.9167</zone>
          </city> 
          <city name="Palacios">
               <zone>-6$-96.25$28.7167</zone>
          </city> 
          <city name="Palestine">
               <zone>-6$-95.6333$31.7833</zone>
          </city> 
          <city name="Pampa">
               <zone>-6$-100.983$35.5333</zone>
          </city> 
          <city name="Paris">
               <zone>-6$-95.45$33.6333</zone>
          </city> 
          <city name="Pasadena">
               <zone>-6$-95.2167$29.6833</zone>
          </city> 
          <city name="Pearland">
               <zone>-6$-95.2833$29.5667</zone>
          </city> 
          <city name="Pecos">
               <zone>-6$-103.5$31.4167</zone>
          </city> 
          <city name="Plainview">
               <zone>-6$-101.7$34.1833</zone>
          </city> 
          <city name="Port Arthur">
               <zone>-6$-93.95$29.9</zone>
          </city> 
          <city name="Port Isabel">
               <zone>-6$-97.3333$26.15</zone>
          </city> 
          <city name="Presidio">
               <zone>-6$-104.367$29.55</zone>
          </city> 
          <city name="Rockport">
               <zone>-6$-97.0333$28.0833</zone>
          </city> 
          <city name="Round Rock">
               <zone>-6$-97.7$30.5</zone>
          </city> 
          <city name="San Angelo">
               <zone>-6$-100.433$31.4667</zone>
          </city> 
          <city name="San Antonio">
               <zone>-6$-98.4667$29.5333</zone>
          </city> 
          <city name="San Marcos">
               <zone>-6$-97.9$29.9</zone>
          </city> 
          <city name="Sherman">
               <zone>-6$-96.6667$33.7167</zone>
          </city> 
          <city name="Snyder">
               <zone>-6$-100.917$32.7167</zone>
          </city> 
          <city name="Stephenville">
               <zone>-6$-98.1833$32.2167</zone>
          </city> 
          <city name="Sugar Land">
               <zone>-6$-95.65$29.6167</zone>
          </city> 
          <city name="Sweetwater">
               <zone>-6$-100.45$32.4667</zone>
          </city> 
          <city name="Temple">
               <zone>-6$-97.35$31.1</zone>
          </city> 
          <city name="Terrell">
               <zone>-6$-96.2667$32.7</zone>
          </city> 
          <city name="Texarkana">
               <zone>-6$-94.05$33.4333</zone>
          </city> 
          <city name="Texas City">
               <zone>-6$-94.9$29.3833</zone>
          </city> 
          <city name="Tyler">
               <zone>-6$-95.2667$32.35</zone>
          </city> 
          <city name="Vernon">
               <zone>-6$-99.3$34.1667</zone>
          </city> 
          <city name="Victoria">
               <zone>-6$-96.9167$28.85</zone>
          </city> 
          <city name="Waco">
               <zone>-6$-97.2167$31.6167</zone>
          </city> 
          <city name="Wichita Falls">
               <zone>-6$-98.4833$33.9667</zone>
          </city> 
          <city name="Wink">
               <zone>-6$-103.2$31.7667</zone>
          </city> 
		  </country>
		  <country count="Utah">
		   <city name="Blanding">
               <zone>-7$-109.467$37.6167</zone>
          </city> 
          <city name="Bountiful">
               <zone>-7$-111.883$40.8833</zone>
          </city> 
          <city name="Bryce Canyon National Park">
               <zone>-7$-112.133$37.7</zone>
          </city> 
          <city name="Cedar City">
               <zone>-7$-113.1$37.7</zone>
          </city> 
          <city name="Delta">
               <zone>-7$-112.583$39.3333</zone>
          </city> 
          <city name="Dugway">
               <zone>-7$-112.75$40.1667</zone>
          </city> 
          <city name="Green River">
               <zone>-7$-110.167$39</zone>
          </city> 
          <city name="Hanksville">
               <zone>-7$-110.717$38.3667</zone>
          </city> 
          <city name="Logan">
               <zone>-7$-111.817$41.75</zone>
          </city> 
          <city name="Milford">
               <zone>-7$-113$38.4167</zone>
          </city> 
          <city name="Moab">
               <zone>-7$-109.6$38.6</zone>
          </city> 
          <city name="Murray">
               <zone>-7$-111.883$40.6667</zone>
          </city> 
          <city name="Ogden">
               <zone>-7$-112.017$41.2</zone>
          </city> 
          <city name="Price">
               <zone>-7$-110.833$39.6167</zone>
          </city> 
          <city name="Provo">
               <zone>-7$-111.717$40.2167</zone>
          </city> 
          <city name="Richfield">
               <zone>-7$-112.083$38.7667</zone>
          </city> 
          <city name="Salt Lake City">
               <zone>-7$-111.967$40.7667</zone>
          </city> 
          <city name="Spanish Fork">
               <zone>-7$-111.65$40.1167</zone>
          </city> 
          <city name="St. George">
               <zone>-7$-113.517$37.0333</zone>
          </city> 
          <city name="Tooele">
               <zone>-7$-112.3$40.5333</zone>
          </city> 
          <city name="Vernal">
               <zone>-7$-109.517$40.45</zone>
          </city> 
          <city name="Wendover">
               <zone>-7$-114.033$40.7333</zone>
          </city> 
		  </country>
		  <country count="Vermont">
		  <city name="Barre">
               <zone>-5$-72.5$44.2</zone>
          </city> 
          <city name="Bennington">
               <zone>-5$-73.2$42.8833</zone>
          </city> 
          <city name="Brattleboro">
               <zone>-5$-72.5667$42.85</zone>
          </city> 
          <city name="Burlington">
               <zone>-5$-73.15$44.4667</zone>
          </city> 
          <city name="Lebanon">
               <zone>-5$-72.3$43.6167</zone>
          </city> 
          <city name="Montpelier">
               <zone>-5$-72.5833$44.2667</zone>
          </city> 
          <city name="Morrisville">
               <zone>-5$-72.6$44.5333</zone>
          </city> 
          <city name="Newport">
               <zone>-5$-72.3$44.95</zone>
          </city> 
          <city name="Rutland">
               <zone>-5$-72.9667$43.6</zone>
          </city> 
          <city name="Springfield">
               <zone>-5$-72.5167$43.3333</zone>
          </city> 
          <city name="St. Johnsbury">
               <zone>-5$-72.0167$44.4167</zone>
          </city> 
		  </country>
		  <country count="Virginia">
		  <city name="Abingdon">
               <zone>-5$-81.9833$36.6833</zone>
          </city> 
          <city name="Alexandria">
               <zone>-5$-77.05$38.8</zone>
          </city> 
          <city name="Ashland">
               <zone>-5$-77.4333$37.7</zone>
          </city> 
          <city name="Blacksburg">
               <zone>-5$-80.4167$37.2333</zone>
          </city> 
          <city name="Blackstone">
               <zone>-5$-77.95$37.0833</zone>
          </city> 
          <city name="Charlottesville">
               <zone>-5$-78.5167$38.0333</zone>
          </city> 
          <city name="Chesapeake">
               <zone>-5$-76.3167$36.65</zone>
          </city> 
          <city name="Chincoteague">
               <zone>-5$-75.3833$37.9333</zone>
          </city> 
          <city name="Culpeper">
               <zone>-5$-77.9833$38.4667</zone>
          </city> 
          <city name="Danville">
               <zone>-5$-79.3333$36.5667</zone>
          </city> 
          <city name="Dublin">
               <zone>-5$-80.6833$37.1333</zone>
          </city> 
          <city name="Emporia">
               <zone>-5$-77.4667$36.6833</zone>
          </city> 
          <city name="Farmville">
               <zone>-5$-78.4333$37.35</zone>
          </city> 
          <city name="Franklin">
               <zone>-5$-76.9$36.7</zone>
          </city> 
          <city name="Fredericksburg">
               <zone>-5$-77.4667$38.3</zone>
          </city> 
          <city name="Hampton">
               <zone>-5$-76.35$37.0333</zone>
          </city> 
          <city name="Hillsville">
               <zone>-5$-80.8167$36.7667</zone>
          </city> 
          <city name="Hot Springs">
               <zone>-5$-79.8333$38</zone>
          </city> 
          <city name="Louisa">
               <zone>-5$-77.9667$38</zone>
          </city> 
          <city name="Lynchburg">
               <zone>-5$-79.2$37.3333</zone>
          </city> 
          <city name="Manassas">
               <zone>-5$-77.5167$38.7167</zone>
          </city> 
          <city name="Marion">
               <zone>-5$-81.35$36.9</zone>
          </city> 
          <city name="Martinsville">
               <zone>-5$-79.8667$36.6833</zone>
          </city> 
          <city name="McLean">
               <zone>-5$-77.1833$38.9333</zone>
          </city> 
          <city name="Melfa">
               <zone>-5$-75.7667$37.65</zone>
          </city> 
          <city name="NASA, Wallops Flight Facility">
               <zone>-5$-75.45$37.9333</zone>
          </city> 
          <city name="Newport News">
               <zone>-5$-76.4333$36.9833</zone>
          </city> 
          <city name="Norfolk">
               <zone>-5$-76.2$36.9</zone>
          </city> 
          <city name="Orange">
               <zone>-5$-78.0333$38.2333</zone>
          </city> 
          <city name="Petersburg">
               <zone>-5$-77.5167$37.1833</zone>
          </city> 
          <city name="Quantico">
               <zone>-5$-77.2833$38.5</zone>
          </city> 
          <city name="Richmond">
               <zone>-5$-77.3333$37.5</zone>
          </city> 
          <city name="Roanoke">
               <zone>-5$-79.9667$37.3167</zone>
          </city> 
          <city name="Smithfield">
               <zone>-5$-76.6333$36.9833</zone>
          </city> 
          <city name="South Hill">
               <zone>-5$-78.05$36.6833</zone>
          </city> 
          <city name="Staunton">
               <zone>-5$-78.9$38.2667</zone>
          </city> 
          <city name="Suffolk">
               <zone>-5$-76.5833$36.7333</zone>
          </city> 
          <city name="Virginia Beach">
               <zone>-5$-75.9833$36.85</zone>
          </city> 
          <city name="Wakefield">
               <zone>-5$-77$36.9667</zone>
          </city> 
          <city name="Williamsburg">
               <zone>-5$-76.7$37.2667</zone>
          </city> 
          <city name="Winchester">
               <zone>-5$-78.1667$39.2</zone>
          </city> 
          <city name="Wise">
               <zone>-5$-82.5333$36.9833</zone>
          </city> 
		  </country>
		  <country count="Washington"> 
          <city name="Anacortes">
               <zone>-8$-122.617$48.5167</zone>
          </city> 
          <city name="Arlington">
               <zone>-8$-122.167$48.1667</zone>
          </city> 
          <city name="Auburn">
               <zone>-8$-122.183$47.2833</zone>
          </city> 
          <city name="Bellingham">
               <zone>-8$-122.533$48.8</zone>
          </city> 
          <city name="Blaine">
               <zone>-8$-122.767$49</zone>
          </city> 
          <city name="Bremerton">
               <zone>-8$-122.667$47.5667</zone>
          </city> 
          <city name="Colbert">
               <zone>-8$-117.333$47.8333</zone>
          </city> 
          <city name="Coupeville">
               <zone>-8$-122.617$48.1833</zone>
          </city> 
          <city name="Ellensburg">
               <zone>-8$-120.517$47.0333</zone>
          </city> 
          <city name="Ephrata">
               <zone>-8$-119.5$47.3</zone>
          </city> 
          <city name="Everett">
               <zone>-8$-122.283$47.9167</zone>
          </city> 
          <city name="Federal Way">
               <zone>-8$-122.317$47.3167</zone>
          </city> 
          <city name="Friday Harbor">
               <zone>-8$-123.017$48.5167</zone>
          </city> 
          <city name="Hoquiam">
               <zone>-8$-123.917$46.9667</zone>
          </city> 
          <city name="Kelso">
               <zone>-8$-122.9$46.15</zone>
          </city> 
          <city name="Kennewick">
               <zone>-8$-119.133$46.2167</zone>
          </city> 
          <city name="Kirkland">
               <zone>-8$-122.2$47.6833</zone>
          </city> 
          <city name="Lacey">
               <zone>-8$-122.817$47.0333</zone>
          </city> 
          <city name="Longview">
               <zone>-8$-122.933$46.1333</zone>
          </city> 
          <city name="Moses Lake">
               <zone>-8$-119.317$47.2</zone>
          </city> 
          <city name="Oak Harbor">
               <zone>-8$-122.667$48.25</zone>
          </city> 
          <city name="Olympia">
               <zone>-8$-122.9$46.9667</zone>
          </city> 
          <city name="Omak">
               <zone>-8$-119.533$48.4167</zone>
          </city> 
          <city name="Pasco">
               <zone>-8$-119.1$46.2333</zone>
          </city> 
          <city name="Port Angeles">
               <zone>-8$-123.433$48.1167</zone>
          </city> 
          <city name="Port Townsend">
               <zone>-8$-122.767$48.1167</zone>
          </city> 
          <city name="Quillayute">
               <zone>-8$-124.633$47.9</zone>
          </city> 
          <city name="Redmond">
               <zone>-8$-122.117$47.6667</zone>
          </city> 
          <city name="Renton">
               <zone>-8$-122.2$47.4833</zone>
          </city> 
          <city name="Richland">
               <zone>-8$-119.28$46.28</zone>
          </city> 
          <city name="Seattle">
               <zone>-8$-122.3$47.65</zone>
          </city> 
          <city name="Shelton">
               <zone>-8$-123.133$47.2333</zone>
          </city> 
          <city name="Spokane">
               <zone>-8$-117.517$47.6333</zone>
          </city> 
          <city name="Tacoma">
               <zone>-8$-122.5$47.25</zone>
          </city> 
          <city name="Vancouver">
               <zone>-8$-122.667$45.6333</zone>
          </city> 
          <city name="Walla Walla">
               <zone>-8$-118.283$46.1</zone>
          </city> 
          <city name="Wenatchee">
               <zone>-8$-120.317$47.4167</zone>
          </city> 
          <city name="Whidbey Island">
               <zone>-8$-122.65$48.3333</zone>
          </city> 
          <city name="Yakima">
               <zone>-8$-120.533$46.5667</zone>
          </city> 
		  </country>
		  <country count="West Virginia">
		   <city name="Beckley">
               <zone>-5$-81.1167$37.7833</zone>
          </city> 
          <city name="Charleston">
               <zone>-5$-81.6$38.3667</zone>
          </city> 
          <city name="Clarksburg">
               <zone>-5$-80.35$39.2667</zone>
          </city> 
          <city name="Elkins">
               <zone>-5$-79.85$38.8833</zone>
          </city> 
          <city name="Huntington">
               <zone>-5$-82.5$38.4167</zone>
          </city> 
          <city name="Lewisburg">
               <zone>-5$-80.4$37.8667</zone>
          </city> 
          <city name="Martinsburg">
               <zone>-5$-77.9833$39.4</zone>
          </city> 
          <city name="Morgantown">
               <zone>-5$-79.9167$39.65</zone>
          </city> 
          <city name="Parkersburg">
               <zone>-5$-81.5667$39.2667</zone>
          </city> 
          <city name="Petersburg">
               <zone>-5$-79.1333$38.9833</zone>
          </city> 
          <city name="Wheeling">
               <zone>-5$-80.7$40.1167</zone>
          </city> 
		  </country>
		  <country count="Wisconsin">
		  <city name="Antigo">
               <zone>-6$-87.15$45.15</zone>
          </city> 
          <city name="Appleton">
               <zone>-6$-88.3833$44.25</zone>
          </city> 
          <city name="Ashland">
               <zone>-6$-90.9667$46.5667</zone>
          </city> 
          <city name="Baraboo">
               <zone>-6$-89.7667$43.4667</zone>
          </city> 
          <city name="Beloit">
               <zone>-6$-89.0333$42.5</zone>
          </city> 
          <city name="Boscobel">
               <zone>-6$-90.6667$43.15</zone>
          </city> 
          <city name="Burlington">
               <zone>-6$-88.3$42.6833</zone>
          </city> 
          <city name="Clintonville">
               <zone>-6$-88.7167$44.6</zone>
          </city> 
          <city name="Dodgeville">
               <zone>-6$-90.1333$42.9667</zone>
          </city> 
          <city name="Eagle River">
               <zone>-6$-89.2667$45.9167</zone>
          </city> 
          <city name="Eau Claire">
               <zone>-6$-91.4833$44.8667</zone>
          </city> 
          <city name="Fond Du Lac">
               <zone>-6$-88.45$43.8</zone>
          </city> 
          <city name="Green Bay">
               <zone>-6$-88.1333$44.4833</zone>
          </city> 
          <city name="Hayward">
               <zone>-6$-91.45$46.0167</zone>
          </city> 
          <city name="Janesville">
               <zone>-6$-89.0333$42.6167</zone>
          </city> 
          <city name="Juneau">
               <zone>-6$-88.7$43.4167</zone>
          </city> 
          <city name="Kenosha">
               <zone>-6$-87.75$42.5833</zone>
          </city> 
          <city name="La Crosse">
               <zone>-6$-91.25$43.8667</zone>
          </city> 
          <city name="Lake Geneva">
               <zone>-6$-88.4333$42.6</zone>
          </city> 
          <city name="Lone Rock">
               <zone>-6$-90.1667$43.2</zone>
          </city> 
          <city name="Madison">
               <zone>-6$-89.3333$43.1333</zone>
          </city> 
          <city name="Manitowoc">
               <zone>-6$-87.6833$44.1</zone>
          </city> 
          <city name="Marshfield">
               <zone>-6$-90.1833$44.6333</zone>
          </city> 
          <city name="Medford">
               <zone>-6$-90.3$45.1</zone>
          </city> 
          <city name="Mequon">
               <zone>-6$-87.9833$43.2333</zone>
          </city> 
          <city name="Merrill">
               <zone>-6$-89.7$45.1833</zone>
          </city> 
          <city name="Milwaukee">
               <zone>-6$-87.9$42.95</zone>
          </city> 
          <city name="Minocqua">
               <zone>-6$-89.7333$45.9333</zone>
          </city> 
          <city name="Monroe">
               <zone>-6$-89.5833$42.6</zone>
          </city> 
          <city name="Neenah">
               <zone>-6$-88.55$44.2167</zone>
          </city> 
          <city name="New Richmond">
               <zone>-6$-92.5333$45.1333</zone>
          </city> 
          <city name="Osceola">
               <zone>-6$-92.6833$45.3</zone>
          </city> 
          <city name="Oshkosh">
               <zone>-6$-88.5167$44.0167</zone>
          </city> 
          <city name="Park Falls">
               <zone>-6$-90.45$45.9333</zone>
          </city> 
          <city name="Phillips">
               <zone>-6$-90.4$45.7</zone>
          </city> 
          <city name="Prairie Du Chien">
               <zone>-6$-91.1167$43.05</zone>
          </city> 
          <city name="Racine">
               <zone>-6$-87.85$42.7167</zone>
          </city> 
          <city name="Rhinelander">
               <zone>-6$-89.4667$45.6167</zone>
          </city> 
          <city name="Rice Lake">
               <zone>-6$-91.7167$45.5</zone>
          </city> 
          <city name="Sheboygan">
               <zone>-6$-87.7167$43.75</zone>
          </city> 
          <city name="Siren">
               <zone>-6$-92.3667$45.8167</zone>
          </city> 
          <city name="Sparta">
               <zone>-6$-90.7333$43.95</zone>
          </city> 
          <city name="Stevens Point">
               <zone>-6$-89.5667$44.5</zone>
          </city> 
          <city name="Sturgeon Bay">
               <zone>-6$-87.3167$44.7833</zone>
          </city> 
          <city name="Superior">
               <zone>-6$-92.0833$46.6833</zone>
          </city> 
          <city name="Tomah">
               <zone>-6$-90.5$43.9833</zone>
          </city> 
          <city name="Two Rivers">
               <zone>-6$-87.55$44.1333</zone>
          </city> 
          <city name="Watertown">
               <zone>-6$-88.7167$43.1667</zone>
          </city> 
          <city name="Waukesha">
               <zone>-6$-88.2333$43.0167</zone>
          </city> 
          <city name="Wausau">
               <zone>-6$-89.6167$44.9167</zone>
          </city> 
          <city name="West Allis">
               <zone>-6$-88$43.0167</zone>
          </city> 
          <city name="West Bend">
               <zone>-6$-88.1167$43.4167</zone>
          </city> 
          <city name="Wisconsin Rapids">
               <zone>-6$-89.8333$44.35</zone>
          </city> 
		  </country>
		  <country count="Wyoming">
		    <city name="Big Piney">
               <zone>-7$-110.1$42.5667</zone>
          </city> 
          <city name="Buffalo">
               <zone>-7$-106.717$44.3667</zone>
          </city> 
          <city name="Canyon Village, Yellowstone National Park">
               <zone>-7$-110.483$44.7333</zone>
          </city> 
          <city name="Casper">
               <zone>-7$-106.467$42.9167</zone>
          </city> 
          <city name="Cheyenne">
               <zone>-7$-104.817$41.15</zone>
          </city> 
          <city name="Cody">
               <zone>-7$-109.067$44.55</zone>
          </city> 
          <city name="Douglas">
               <zone>-7$-105.383$42.75</zone>
          </city> 
          <city name="Evanston">
               <zone>-7$-110.95$41.2667</zone>
          </city> 
          <city name="Gillette">
               <zone>-7$-105.5$44.3333</zone>
          </city> 
          <city name="Green River">
               <zone>-7$-109.467$41.5333</zone>
          </city> 
          <city name="Greybull">
               <zone>-7$-108.067$44.5</zone>
          </city> 
          <city name="Jackson Hole">
               <zone>-7$-110.733$43.6</zone>
          </city> 
          <city name="Lander">
               <zone>-7$-108.733$42.8167</zone>
          </city> 
          <city name="Laramie">
               <zone>-7$-105.683$41.3167</zone>
          </city> 
          <city name="Newcastle">
               <zone>-7$-104.217$43.85</zone>
          </city> 
          <city name="Old Faithful Geyser, Yellowstone National Park">
               <zone>-7$-110.833$44.5</zone>
          </city> 
          <city name="Rawlins">
               <zone>-7$-107.2$41.8</zone>
          </city> 
          <city name="Riverton">
               <zone>-7$-108.433$43.05</zone>
          </city> 
          <city name="Rock Springs">
               <zone>-7$-109$41.6</zone>
          </city> 
          <city name="Sheridan">
               <zone>-7$-106.967$44.7667</zone>
          </city> 
          <city name="Torrington">
               <zone>-7$-104.217$42.0833</zone>
          </city> 
          <city name="Worland">
               <zone>-7$-107.95$44.0167</zone>
          </city> 
          <city name="Yellowstone Lake, Yellowstone National Park">
               <zone>-7$-110.417$44.5333</zone>
          </city> 
		  
		  

		  
     </country>
     
     
     
</xml>
