<?xml version="1.0" encoding="UTF-8" ?> 
	<xml>
	 <country count="BERMUDA">

          <city name="Hamilton">
               <zone>-4$-64.7667$32.2833</zone>
          </city> 
     </country>
	 
	      <country count="CANADA">

          <city name="Banff">
               <zone>-7$-115.567$51.1833</zone>
          </city> 
          <city name="Beaumont">
               <zone>-7$-113.467$53.3167</zone>
          </city> 
          <city name="Beaverlodge">
               <zone>-7$-119.4$55.2</zone>
          </city> 
          <city name="Brooks">
               <zone>-7$-111.85$50.55</zone>
          </city> 
          <city name="Calgary">
               <zone>-7$-114.017$51.1</zone>
          </city> 
          <city name="Camrose">
               <zone>-7$-112.817$53.0333</zone>
          </city> 
          <city name="Cardston">
               <zone>-7$-113.283$49.2</zone>
          </city> 
          <city name="Cochrane">
               <zone>-7$-114.467$51.1833</zone>
          </city> 
          <city name="Cold Lake">
               <zone>-7$-110.283$54.4167</zone>
          </city> 
          <city name="Coronation">
               <zone>-7$-111.45$52.0667</zone>
          </city> 
          <city name="Drumheller">
               <zone>-7$-112.667$51.4333</zone>
          </city> 
          <city name="Edmonton">
               <zone>-7$-113.517$53.5667</zone>
          </city> 
          <city name="Edson">
               <zone>-7$-116.467$53.5833</zone>
          </city> 
          <city name="Fort Chipewyan">
               <zone>-7$-111.117$58.7667</zone>
          </city> 
          <city name="Fort McMurray">
               <zone>-7$-111.217$56.65</zone>
          </city> 
          <city name="Fort Saskatchewan">
               <zone>-7$-113.217$53.7167</zone>
          </city> 
          <city name="Grande Prairie">
               <zone>-7$-118.883$55.1833</zone>
          </city> 
          <city name="High Level">
               <zone>-7$-117.167$58.6167</zone>
          </city> 
          <city name="Jasper">
               <zone>-7$-118.067$52.8833</zone>
          </city> 
          <city name="Lacombe">
               <zone>-7$-113.75$52.45</zone>
          </city> 
          <city name="Leduc">
               <zone>-7$-113.55$53.2667</zone>
          </city> 
          <city name="Lethbridge">
               <zone>-7$-112.8$49.6333</zone>
          </city> 
          <city name="Medicine Hat">
               <zone>-7$-110.717$50.0167</zone>
          </city> 
          <city name="Morinville">
               <zone>-7$-113.65$53.8</zone>
          </city> 
          <city name="Olds">
               <zone>-7$-114.1$51.7833</zone>
          </city> 
          <city name="Peace River">
               <zone>-7$-117.433$56.2333</zone>
          </city> 
          <city name="Pincher Creek">
               <zone>-7$-113.983$49.5167</zone>
          </city> 
          <city name="Ponoka">
               <zone>-7$-113.583$52.7</zone>
          </city> 
          <city name="Red Deer">
               <zone>-7$-113.9$52.1833</zone>
          </city> 
          <city name="Rocky Mountain House">
               <zone>-7$-114.917$52.4333</zone>
          </city> 
          <city name="Sherwood Park">
               <zone>-7$-113.317$53.5167</zone>
          </city> 
          <city name="Slave Lake">
               <zone>-7$-114.783$55.3</zone>
          </city> 
          <city name="St. Albert">
               <zone>-7$-113.633$53.6333</zone>
          </city> 
          <city name="Stony Plain">
               <zone>-7$-114.1$53.55</zone>
          </city> 
          <city name="Suffield">
               <zone>-7$-111.183$50.2667</zone>
          </city> 
          <city name="Taber">
               <zone>-7$-112.133$49.7833</zone>
          </city> 
          <city name="Three Hills">
               <zone>-7$-113.217$51.7</zone>
          </city> 
          <city name="Vauxhall">
               <zone>-7$-112.133$50.05</zone>
          </city> 
          <city name="Vegreville">
               <zone>-7$-112.033$53.95</zone>
          </city> 
          <city name="Whitecourt">
               <zone>-7$-115.783$54.15</zone>
          </city> 
          <city name="Abbotsford">
               <zone>-7$-122.367$49.0333</zone>
          </city> 
          <city name="Bella Coola">
               <zone>-7$-126.583$52.5333</zone>
          </city> 
          <city name="Bull Harbour">
               <zone>-7$-127.917$50.9</zone>
          </city> 
          <city name="Burns Lake">
               <zone>-7$-125.95$54.3833</zone>
          </city> 
          <city name="Campbell River">
               <zone>-7$-125.267$49.95</zone>
          </city> 
          <city name="Castlegar">
               <zone>-7$-117.633$49.3</zone>
          </city> 
          <city name="Charlie Lake">
               <zone>-7$-121.167$56.3333</zone>
          </city> 
          <city name="Chetwynd">
               <zone>-7$-121.633$55.7</zone>
          </city> 
          <city name="Chilliwack">
               <zone>-7$-121.95$49.1667</zone>
          </city> 
          <city name="Comox">
               <zone>-7$-124.9$49.7167</zone>
          </city> 
          <city name="Coquitlam">
               <zone>-7$-122.8$49.2667</zone>
          </city> 
          <city name="Courtenay">
               <zone>-7$-125$49.6833</zone>
          </city> 
          <city name="Cowichan Bay">
               <zone>-7$-123.667$48.7333</zone>
          </city> 
          <city name="Cranbrook">
               <zone>-7$-115.767$49.5167</zone>
          </city> 
          <city name="Creston">
               <zone>-7$-116.5$49.6667</zone>
          </city> 
          <city name="Dawson Creek">
               <zone>-7$-120.183$55.7333</zone>
          </city> 
          <city name="Dease Lake">
               <zone>-7$-130$58.4167</zone>
          </city> 
          <city name="Delta">
               <zone>-7$-123.017$49.2833</zone>
          </city> 
          <city name="Esquimalt">
               <zone>-7$-123.433$48.4333</zone>
          </city> 
          <city name="Farmington">
               <zone>-7$-120.5$55.9</zone>
          </city> 
          <city name="Fort Nelson">
               <zone>-7$-122.583$58.8333</zone>
          </city> 
          <city name="Fort St. John">
               <zone>-7$-120.85$56.25</zone>
          </city> 
          <city name="Golden">
               <zone>-7$-116.967$51.3</zone>
          </city> 
          <city name="Hope">
               <zone>-7$-121.483$49.3667</zone>
          </city> 
          <city name="Hudson’s Hope">
               <zone>-7$-121.9$56.0333</zone>
          </city> 
          <city name="Kamloops">
               <zone>-7$-120.417$50.7167</zone>
          </city> 
          <city name="Kelowna">
               <zone>-7$-119.383$49.9667</zone>
          </city> 
          <city name="Kitimat">
               <zone>-7$-128.683$54.05</zone>
          </city> 
          <city name="Langara Island">
               <zone>-7$-133.05$54.25</zone>
          </city> 
          <city name="Langley">
               <zone>-7$-122.65$49.1</zone>
          </city> 
          <city name="Lone Butte">
               <zone>-7$-121.2$51.55</zone>
          </city> 
          <city name="Lytton">
               <zone>-7$-121.583$50.2333</zone>
          </city> 
          <city name="Maple Ridge">
               <zone>-7$-122.6$49.2167</zone>
          </city> 
          <city name="Moberly Lake">
               <zone>-7$-121.75$55.8333</zone>
          </city> 
          <city name="Nanaimo">
               <zone>-7$-123.967$49.1833</zone>
          </city> 
          <city name="Nelson">
               <zone>-7$-117.3$49.5</zone>
          </city> 
          <city name="Nootka Sound">
               <zone>-7$-126.617$49.6</zone>
          </city> 
          <city name="Parksville">
               <zone>-7$-124.317$49.3167</zone>
          </city> 
          <city name="Pender Island">
               <zone>-7$-123.25$48.75</zone>
          </city> 
          <city name="Penticton">
               <zone>-7$-119.6$49.4667</zone>
          </city> 
          <city name="Port Alberni">
               <zone>-7$-124.833$49.25</zone>
          </city> 
          <city name="Port Coquitlam">
               <zone>-7$-122.767$49.2667</zone>
          </city> 
          <city name="Port Hardy">
               <zone>-7$-127.367$50.6833</zone>
          </city> 
          <city name="Port Simpson">
               <zone>-7$-130.417$54.55</zone>
          </city> 
          <city name="Pouce Coupe">
               <zone>-7$-120.133$55.7167</zone>
          </city> 
          <city name="Powell River">
               <zone>-7$-124.5$49.8333</zone>
          </city> 
          <city name="Prince George">
               <zone>-7$-122.683$53.8833</zone>
          </city> 
          <city name="Prince Rupert">
               <zone>-7$-130.383$54.2833</zone>
          </city> 
          <city name="Quatsino">
               <zone>-7$-128.033$50.4333</zone>
          </city> 
          <city name="Quesnel">
               <zone>-7$-122.5$52.9833</zone>
          </city> 
          <city name="Revelstoke">
               <zone>-7$-118.183$50.9667</zone>
          </city> 
          <city name="Richmond">
               <zone>-7$-123.117$49.3</zone>
          </city> 
          <city name="Saanich">
               <zone>-7$-123.417$48.5</zone>
          </city> 
          <city name="Salmon Arm">
               <zone>-7$-119.283$50.7</zone>
          </city> 
          <city name="Sandspit">
               <zone>-7$-131.817$53.25</zone>
          </city> 
          <city name="Sechelt">
               <zone>-7$-123.75$49.4667</zone>
          </city> 
          <city name="Sidney">
               <zone>-7$-123.4$48.65</zone>
          </city> 
          <city name="Smithers">
               <zone>-7$-127.183$54.8167</zone>
          </city> 
          <city name="Sooke">
               <zone>-7$-123.75$48.3667</zone>
          </city> 
          <city name="Squamish (Stawamus)">
               <zone>-7$-123.167$49.7833</zone>
          </city> 
          <city name="Stewart">
               <zone>-7$-129.983$55.9333</zone>
          </city> 
          <city name="Summerland">
               <zone>-7$-119.65$49.5667</zone>
          </city> 
          <city name="Surrey">
               <zone>-7$-122.833$49.3167</zone>
          </city> 
          <city name="Terrace">
               <zone>-7$-128.583$54.4667</zone>
          </city> 
          <city name="Tofino">
               <zone>-7$-125.083$49.0833</zone>
          </city> 
          <city name="Vancouver">
               <zone>-7$-123.117$49.2833</zone>
          </city> 
          <city name="Vernon">
               <zone>-7$-119.3$50.2333</zone>
          </city> 
          <city name="Victoria">
               <zone>-7$-123.317$48.4167</zone>
          </city> 
          <city name="Whistler">
               <zone>-7$-122.95$50.1333</zone>
          </city> 
          <city name="White Rock">
               <zone>-7$-122.783$49.0167</zone>
          </city> 
          <city name="Williams Lake">
               <zone>-7$-122.05$52.1833</zone>
          </city> 
          <city name="Wonowon">
               <zone>-7$-121.8$56.7333</zone>
          </city> 
          <city name="Yoho National Park">
               <zone>-7$-116.333$51.45</zone>
          </city>
          <city name="Brandon">
               <zone>-6$-99.9833$49.8667</zone>
          </city> 
          <city name="Carberry">
               <zone>-6$-99.35$49.9</zone>
          </city> 
          <city name="Carman">
               <zone>-6$-98.0333$49.5</zone>
          </city> 
          <city name="Churchill">
               <zone>-6$-94.0667$58.75</zone>
          </city> 
          <city name="Dauphin">
               <zone>-6$-100.05$51.1</zone>
          </city> 
          <city name="Flin Flon">
               <zone>-6$-101.85$54.7667</zone>
          </city> 
          <city name="Gillam">
               <zone>-6$-94.7$56.3667</zone>
          </city> 
          <city name="Gimli">
               <zone>-6$-96.6167$50.6167</zone>
          </city> 
          <city name="Lynn Lake">
               <zone>-6$-101.083$56.8667</zone>
          </city> 
          <city name="Miami">
               <zone>-6$-98.1833$49.35</zone>
          </city> 
          <city name="Moose Lake">
               <zone>-6$-100.333$53.7167</zone>
          </city> 
          <city name="Morden">
               <zone>-6$-98.0833$49.1833</zone>
          </city> 
          <city name="Norway House">
               <zone>-6$-97.8333$53.9667</zone>
          </city> 
          <city name="Portage La Prairie">
               <zone>-6$-98.2667$49.9</zone>
          </city> 
          <city name="Shoal Lake">
               <zone>-6$-100.6$50.45</zone>
          </city> 
          <city name="Swan River">
               <zone>-6$-101.233$52.1167</zone>
          </city> 
          <city name="The Pas">
               <zone>-6$-101.1$53.9667</zone>
          </city> 
          <city name="Thompson">
               <zone>-6$-97.8667$55.8</zone>
          </city> 
          <city name="Winnipeg">
               <zone>-6$-97.2333$49.9</zone>
          </city>
          <city name="Bathurst">
               <zone>-3$-65.75$47.6333</zone>
          </city> 
          <city name="Campbellton">
               <zone>-3$-66.6667$48</zone>
          </city> 
          <city name="Chatham">
               <zone>-3$-65.45$47.0167</zone>
          </city> 
          <city name="Edmundston">
               <zone>-3$-68.3333$47.3667</zone>
          </city> 
          <city name="Fredericton">
               <zone>-3$-66.5333$45.8667</zone>
          </city> 
          <city name="Moncton">
               <zone>-3$-64.6833$46.1167</zone>
          </city> 
          <city name="Oromocto">
               <zone>-3$-66.4833$45.85</zone>
          </city> 
          <city name="Saint John">
               <zone>-3$-65.8833$45.3167</zone>
          </city> 
          <city name="Saint–Léonard">
               <zone>-3$-67.8333$47.15</zone>
          </city>
          <city name="Bathurst">
               <zone>-4:30$-65.75$47.6333</zone>
          </city> 
          <city name="Campbellton">
               <zone>-4:30$-66.6667$48</zone>
          </city> 
          <city name="Chatham">
               <zone>-4:30$-65.45$47.0167</zone>
          </city> 
          <city name="Edmundston">
               <zone>-4:30$-68.3333$47.3667</zone>
          </city> 
          <city name="Fredericton">
               <zone>-4:30$-66.5333$45.8667</zone>
          </city> 
          <city name="Moncton">
               <zone>-4:30$-64.6833$46.1167</zone>
          </city> 
          <city name="Oromocto">
               <zone>-4:30$-66.4833$45.85</zone>
          </city> 
          <city name="Saint John">
               <zone>-4:30$-65.8833$45.3167</zone>
          </city> 
          <city name="Saint–Léonard">
               <zone>-4:30$-67.8333$47.15</zone>
          </city>
          <city name="Fort Good Hope">
               <zone>-6$-128.633$66.25</zone>
          </city> 
          <city name="Fort Simpson">
               <zone>-6$-121.383$61.8667</zone>
          </city> 
          <city name="Fort Smith">
               <zone>-6$-111.967$60.0167</zone>
          </city> 
          <city name="Inuvik">
               <zone>-6$-133.483$68.3</zone>
          </city> 
          <city name="Norman Wells">
               <zone>-6$-126.85$65.2833</zone>
          </city> 
          <city name="Rabbitkettle Hotsprings">
               <zone>-6$-127.217$61.9667</zone>
          </city> 
          <city name="Yellowknife">
               <zone>-6$-114.45$62.4667</zone>
          </city>
          <city name="Amherst">
               <zone>-4$-64.2167$45.8167</zone>
          </city> 
          <city name="Beaver Harbour">
               <zone>-4$-62.3333$44.8333</zone>
          </city> 
          <city name="Chéticamp">
               <zone>-4$-60.95$46.65</zone>
          </city> 
          <city name="Dartmouth">
               <zone>-4$-63.5667$44.6667</zone>
          </city> 
          <city name="Digby">
               <zone>-4$-65.7833$44.55</zone>
          </city> 
          <city name="Greenwood">
               <zone>-4$-64.9167$44.9833</zone>
          </city> 
          <city name="Halifax">
               <zone>-4$-63.5667$44.65</zone>
          </city> 
          <city name="Kentville">
               <zone>-4$-64.6$45.05</zone>
          </city> 
          <city name="Lockeport">
               <zone>-4$-64.6667$43.9833</zone>
          </city> 
          <city name="Lunenburg">
               <zone>-4$-64.3167$44.3833</zone>
          </city> 
          <city name="New Glasgow">
               <zone>-4$-62.6167$45.6167</zone>
          </city> 
          <city name="Port Hawkesbury">
               <zone>-4$-61.3833$45.6667</zone>
          </city> 
          <city name="Sable Island">
               <zone>-4$-59.9167$43.9167</zone>
          </city> 
          <city name="Sackville">
               <zone>-4$-63.6667$44.25</zone>
          </city> 
          <city name="Shearwater">
               <zone>-4$-63.5$44.6333</zone>
          </city> 
          <city name="Sydney">
               <zone>-4$-60.05$46.1667</zone>
          </city> 
          <city name="Truro">
               <zone>-4$-63.2667$45.3667</zone>
          </city> 
          <city name="Yarmouth">
               <zone>-4$-66.0833$43.8333</zone>
          </city>
          <city name="Borden–Carleton">
               <zone>-4$-63.7333$46.2333</zone>
          </city> 
          <city name="Charlottetown">
               <zone>-4$-63.1333$46.2833</zone>
          </city> 
          <city name="Souris">
               <zone>-4$-62.25$46.35</zone>
          </city> 
          <city name="Summerside">
               <zone>-4$-63.8333$46.4333</zone>
          </city> 
          <city name="Tignish">
               <zone>-4$-64.0333$46.95</zone>
          </city>
          <city name="Alma">
               <zone>-4$-71.65$48.55</zone>
          </city> 
          <city name="Aylmer">
               <zone>-4$-75.85$45.4</zone>
          </city> 
          <city name="Bagotville">
               <zone>-4$-71$48.3333</zone>
          </city> 
          <city name="Baie–Comeau">
               <zone>-4$-68.2$49.1333</zone>
          </city> 
          <city name="Beauport">
               <zone>-4$-71.2$46.8333</zone>
          </city> 
          <city name="Blanc–Sablon">
               <zone>-4$-57.1833$51.45</zone>
          </city> 
          <city name="Charlesbourg">
               <zone>-4$-71.2667$46.85</zone>
          </city> 
          <city name="Charlevoix Meteorite Crater">
               <zone>-4$-70.2333$47.6</zone>
          </city> 
          <city name="Châteauguay">
               <zone>-4$-73.75$45.3833</zone>
          </city> 
          <city name="Chibougamau">
               <zone>-4$-74.5333$49.7667</zone>
          </city> 
          <city name="Chicoutimi">
               <zone>-4$-71.0833$48.4167</zone>
          </city> 
          <city name="Drummondville">
               <zone>-4$-72.4833$45.8833</zone>
          </city> 
          <city name="Gaspé">
               <zone>-4$-64.4833$48.7667</zone>
          </city> 
          <city name="Gatineau">
               <zone>-4$-75.5667$45.5167</zone>
          </city> 
          <city name="Granby">
               <zone>-4$-72.7$45.3833</zone>
          </city> 
          <city name="Harrington Harbour">
               <zone>-4$-59.4667$50.5</zone>
          </city> 
          <city name="Havre–Saint–Pierre">
               <zone>-4$-63.6167$50.2833</zone>
          </city> 
          <city name="Hull">
               <zone>-4$-75.7333$45.4333</zone>
          </city> 
          <city name="Inukjuak (Port Harrison)">
               <zone>-4$-78.1167$58.45</zone>
          </city> 
          <city name="Ivujivik">
               <zone>-4$-77.95$62.4167</zone>
          </city> 
          <city name="Jonquière">
               <zone>-4$-71.2167$48.4167</zone>
          </city> 
          <city name="Kangiqsualujjuaq">
               <zone>-4$-65.9833$58.7167</zone>
          </city> 
          <city name="Kangiqsujuaq">
               <zone>-4$-71.9333$61.5833</zone>
          </city> 
          <city name="Kegaska">
               <zone>-4$-61.2833$50.2</zone>
          </city> 
          <city name="Kuujjuaq">
               <zone>-4$-68.4167$58.1</zone>
          </city> 
          <city name="La Baie">
               <zone>-4$-70.9333$48.3</zone>
          </city> 
          <city name="La Pocatière">
               <zone>-4$-70.0333$47.35</zone>
          </city> 
          <city name="La Sarre">
               <zone>-4$-79.2$48.8</zone>
          </city> 
          <city name="La Tabatière">
               <zone>-4$-58.9667$50.8333</zone>
          </city> 
          <city name="La Tuque">
               <zone>-4$-72.8$47.8667</zone>
          </city> 
          <city name="Lac–Mégantic">
               <zone>-4$-70.8667$45.5833</zone>
          </city> 
          <city name="Laval">
               <zone>-4$-73.75$45.5833</zone>
          </city> 
          <city name="Lennoxville">
               <zone>-4$-71.8167$45.3667</zone>
          </city> 
          <city name="Longue–Pointe–de–Mingan">
               <zone>-4$-64.2333$50.2667</zone>
          </city> 
          <city name="Longueuil">
               <zone>-4$-73.5$45.5333</zone>
          </city> 
          <city name="Magdalen Islands">
               <zone>-4$-61.8$47.4167</zone>
          </city> 
          <city name="Magog">
               <zone>-4$-72.15$45.2667</zone>
          </city> 
          <city name="Maniwaki">
               <zone>-4$-76$46.2833</zone>
          </city> 
          <city name="Matagami">
               <zone>-4$-77.8167$49.7667</zone>
          </city> 
          <city name="Mistassini">
               <zone>-4$-72.2$48.8333</zone>
          </city> 
          <city name="Mont Joli">
               <zone>-4$-68.2167$48.6</zone>
          </city> 
          <city name="Montmagny">
               <zone>-4$-70.55$46.9833</zone>
          </city> 
          <city name="Montreal">
               <zone>-4$-73.75$45.4667</zone>
          </city> 
          <city name="Natashquan">
               <zone>-4$-61.8167$50.1833</zone>
          </city> 
          <city name="Nemiscau">
               <zone>-4$-76.1167$51.7</zone>
          </city> 
          <city name="Normandin">
               <zone>-4$-72.55$48.8333</zone>
          </city> 
          <city name="Port–Menier">
               <zone>-4$-64.2833$49.8333</zone>
          </city> 
          <city name="Québec City">
               <zone>-4$-71.3833$46.8</zone>
          </city> 
          <city name="Repentigny">
               <zone>-4$-73.4667$45.7333</zone>
          </city> 
          <city name="Rimouski">
               <zone>-4$-68.5333$48.45</zone>
          </city> 
          <city name="Roberval">
               <zone>-4$-72.2167$48.5167</zone>
          </city> 
          <city name="Rouyn–Noranda">
               <zone>-4$-79.0333$48.25</zone>
          </city> 
          <city name="Saint–Eustache">
               <zone>-4$-73.9$45.55</zone>
          </city> 
          <city name="Saint–Félicien">
               <zone>-4$-72.6$48.65</zone>
          </city> 
          <city name="Saint–Georges">
               <zone>-4$-72.6667$46.6167</zone>
          </city> 
          <city name="Saint–Jérôme">
               <zone>-4$-74.0167$45.8</zone>
          </city> 
          <city name="Sainte–Agathe–des–Monts">
               <zone>-4$-74.2833$46.05</zone>
          </city> 
          <city name="Sainte–Foy">
               <zone>-4$-71.2667$47.3</zone>
          </city> 
          <city name="Schefferville">
               <zone>-4$-66.8$54.8</zone>
          </city> 
          <city name="Sept–خles">
               <zone>-4$-66.2667$50.2167</zone>
          </city> 
          <city name="Shawinigan">
               <zone>-4$-72.7167$46.5667</zone>
          </city> 
          <city name="Sherbrooke">
               <zone>-4$-71.9$45.4</zone>
          </city> 
          <city name="St. Jean">
               <zone>-4$-73.2667$45.3</zone>
          </city> 
          <city name="Terrebonne">
               <zone>-4$-73.6333$45.7</zone>
          </city> 
          <city name="Thetford Mines">
               <zone>-4$-71.3167$46.0667</zone>
          </city> 
          <city name="Trois–Rivières">
               <zone>-4$-72.5833$46.35</zone>
          </city> 
          <city name="Valcartier–Village">
               <zone>-4$-71.5$46.75</zone>
          </city> 
          <city name="Valleyfield">
               <zone>-4$-74.1$45.2667</zone>
          </city> 
          <city name="Varennes">
               <zone>-4$-73.3833$45.7167</zone>
          </city> 
          <city name="Victoriaville">
               <zone>-4$-71.95$46.05</zone>
          </city> 
          <city name="Wemindji">
               <zone>-4$-78.8167$53</zone>
          </city>
          <city name="Belle Plaine">
               <zone>-6$-105.15$50.4</zone>
          </city> 
          <city name="Broadview">
               <zone>-6$-102.683$50.3833</zone>
          </city> 
          <city name="Buffalo Narrows">
               <zone>-6$-108.433$55.8333</zone>
          </city> 
          <city name="Creighton">
               <zone>-6$-101.9$54.75</zone>
          </city> 
          <city name="Denare Beach">
               <zone>-6$-102.084$54.6667</zone>
          </city> 
          <city name="Estevan">
               <zone>-6$-103$49.0667</zone>
          </city> 
          <city name="Hudson Bay">
               <zone>-6$-102.317$52.8167</zone>
          </city> 
          <city name="Kindersley">
               <zone>-6$-109.167$51.5167</zone>
          </city> 
          <city name="La Ronge">
               <zone>-6$-105.267$55.15</zone>
          </city> 
          <city name="Lloydminster">
               <zone>-6$-110$53.2833</zone>
          </city> 
          <city name="Meadow Lake">
               <zone>-6$-108.517$54.1333</zone>
          </city> 
          <city name="Moose Jaw">
               <zone>-6$-105.55$50.3333</zone>
          </city> 
          <city name="Nipawin">
               <zone>-6$-104$53.3333</zone>
          </city> 
          <city name="North Battleford">
               <zone>-6$-108.25$52.7667</zone>
          </city> 
          <city name="Outlook">
               <zone>-6$-107.05$51.4833</zone>
          </city> 
          <city name="Prince Albert">
               <zone>-6$-105.683$53.2167</zone>
          </city> 
          <city name="Regina">
               <zone>-6$-104.667$50.4333</zone>
          </city> 
          <city name="Saskatoon">
               <zone>-6$-106.683$52.1667</zone>
          </city> 
          <city name="Stony Rapids">
               <zone>-6$-105.833$59.25</zone>
          </city> 
          <city name="Swift Current">
               <zone>-6$-107.683$50.2833</zone>
          </city> 
          <city name="Uranium City">
               <zone>-6$-108.483$59.5667</zone>
          </city> 
          <city name="Weyburn">
               <zone>-6$-103.8$49.7</zone>
          </city> 
          <city name="Wynyard">
               <zone>-6$-104.217$51.7667</zone>
          </city> 
          <city name="Yorkton">
               <zone>-6$-102.467$51.2667</zone>
          </city>
          <city name="Barlow">
               <zone>-7$-137.667$69.75</zone>
          </city> 
          <city name="Beaver Creek">
               <zone>-7$-140.867$62.4167</zone>
          </city> 
          <city name="Burwash Landing">
               <zone>-7$-139$61.3667</zone>
          </city> 
          <city name="Dawson City">
               <zone>-7$-139.417$64.05</zone>
          </city> 
          <city name="Faro">
               <zone>-7$-133.367$62.2</zone>
          </city> 
          <city name="Haines Junction">
               <zone>-7$-137.5$60.7667</zone>
          </city> 
          <city name="Herschel Island">
               <zone>-7$-138.917$69.5667</zone>
          </city> 
          <city name="Mayo">
               <zone>-7$-135.867$63.6167</zone>
          </city> 
          <city name="Old Crow">
               <zone>-7$-139.817$67.5667</zone>
          </city> 
          <city name="Teslin">
               <zone>-7$-132.75$60.15</zone>
          </city> 
          <city name="Watson Lake">
               <zone>-7$-128.8$60.1167</zone>
          </city> 
          <city name="Whitehorse">
               <zone>-7$-135.067$60.7167</zone>
          </city> 
     </country>
               <country count="GREENLAND">

          <city name="Aasiaat (Egedesminde)">
               <zone>-3$-52.75$68.7</zone>
          </city> 
          <city name="Angisoq">
               <zone>-3$-45.2$59.9833</zone>
          </city> 
          
     </country>
      <country count="MEXICO">

          <city name="Aguascalientes">
               <zone>-6$-102.3$21.8833</zone>
          </city> 
     
          <city name="Ensenada">
               <zone>-6$-116.6$31.7833</zone>
          </city> 
          <city name="Mexicali">
               <zone>-6$-115.467$32.6667</zone>
          </city> 
          <city name="Tijuana">
               <zone>-6$-116.967$32.55</zone>
          </city> 
    <city name="La Paz">
               <zone>-6$-110.367$24.0667</zone>
          </city> 
          <city name="Loreto">
               <zone>-6$-111.35$26.0167</zone>
          </city> 
          <city name="Los Cabos">
               <zone>-6$-109.9$22.8667</zone>
          </city> 
          <city name="San José del Cabo">
               <zone>-6$-109.7$23.15</zone>
          </city> 
          <city name="San Lucas (Cabo San Lucas)">
               <zone>-6$-109.9$22.8833</zone>
          </city> 
          <city name="Santa Rosalia">
               <zone>-6$-112.3$27.3167</zone>
    
	       </city> 
           
          <city name="Toluca">
               <zone>-6$-99.5667$19.35</zone>
          </city> 
          <city name="Culiacán">
               <zone>-6$-107.4$24.4833</zone>
          </city> 
          <city name="Los Mochis">
               <zone>-6$-109.083$25.6833</zone>
          </city> 
          <city name="Mazatlán">
               <zone>-6$-106.267$23.1667</zone>
          </city> 
		 </country> 
		  
		  
		 
	
   </xml>