<?xml version="1.0" encoding="UTF-8" ?> 
	<xml>
	             <country count="ARGENTINA">

          <city name="Buenos Aires">
               <zone>-3$-58.4833$-34.5833</zone>
          </city> 
		    <city name="Bah?a Blanca">
               <zone>-3$-62.1667$-38.7333</zone>
          </city> 
          <city name="Campana">
               <zone>-3$-58.95$-34.1667</zone>
          </city> 
          <city name="Jun?n">
               <zone>-3$-60.9167$-34.55</zone>
          </city> 
          <city name="La Plata">
               <zone>-3$-57.9$-34.9667</zone>
          </city> 
          <city name="Mar Del Plata">
               <zone>-3$-57.5833$-37.9333</zone>
          </city> 
          <city name="Pehuaj?">
               <zone>-3$-61.9$-35.8667</zone>
          </city> 
          <city name="San Fernando">
               <zone>-3$-58.5667$-34.4333</zone>
          </city> 
          <city name="Tandil">
               <zone>-3$-59.25$-37.2333</zone>
          </city> 
          <city name="Tres Arroyos">
               <zone>-3$-60.25$-38.3333</zone>
          </city> 
          <city name="Villa Gesell">
               <zone>-3$-57.0333$-37.2333</zone>
          </city> 
          <city name="Z?rate">
               <zone>-3$-59.0333$-34.1</zone>
          </city> 
		      <city name="San Fernando del Valle de Catamarca">
               <zone>-3$-65.7667$-28.6</zone>
          </city> 
		     <city name="Presidencia Roque S?e?z Pena">
               <zone>-3$-60.45$-26.8167</zone>
          </city> 
          <city name="Resistencia">
               <zone>-3$-59.05$-27.45</zone>
          </city> 
		   <city name="Comodoro Rivadavia">
               <zone>-3$-67.5$-45.7833</zone>
          </city> 
          <city name="Esquel">
               <zone>-3$-71.15$-42.9333</zone>
          </city> 
          <city name="Rawson">
               <zone>-3$-65.1$-43.3</zone>
          </city> 
		   <city name="C?rdoba">
               <zone>-3$-64.2167$-31.3167</zone>
          </city> 
          <city name="R?o Cuarto">
               <zone>-3$-64.2333$-33.1167</zone>
          </city> 
          <city name="Villa Dolores">
               <zone>-3$-65.1333$-31.95</zone>
          </city>
		            <city name="Corrientes">
               <zone>-3$-58.7667$-27.45</zone>
          </city> 
          <city name="Curuz? Cuati?">
               <zone>-3$-57.9833$-29.7833</zone>
          </city> 
          <city name="Monte Caseros">
               <zone>-3$-57.65$-30.2667</zone>
          </city> 
          <city name="Paso De Los Libres">
               <zone>-3$-57.15$-29.6833</zone>
          </city> 
		     <city name="Concordia">
               <zone>-3$-58.0167$-31.3</zone>
          </city> 
          <city name="Gualeguaych?">
               <zone>-3$-58.6167$-33</zone>
          </city> 
          <city name="Paran?">
               <zone>-3$-60.4833$-31.7833</zone>
          </city> 
		    <city name="Formosa">
               <zone>-3$-58.2333$-26.2</zone>
          </city> 
          <city name="Las Lomitas">
               <zone>-3$-60.5833$-24.7</zone>
          </city> 
		  <city name="La Quiaca">
               <zone>-3$-65.6$-22.1</zone>
          </city> 
          <city name="San Salvador de Jujuy">
               <zone>-3$-65.0833$-24.3833</zone>
          </city> 
		  
          <city name="General Pico">
               <zone>-3$-63.75$-35.7</zone>
          </city> 
          <city name="Santa Rosa">
               <zone>-3$-64.2667$-36.5667</zone>
          </city> 
		    <city name="La Rioja">
               <zone>-3$-66.8167$-29.3833</zone>
          </city>
		  <city name="Malargüe">
               <zone>-3$-69.5833$-35.5</zone>
          </city> 
          <city name="Mendoza">
               <zone>-3$-68.7833$-32.8333</zone>
          </city> 
          <city name="San Rafael">
               <zone>-3$-68.4$-34.5833</zone>
          </city> 
		    <city name="Posadas">
               <zone>-3$-55.9667$-27.3667</zone>
          </city> 
          <city name="Puerto Iguaz?">
               <zone>-3$-54.4667$-25.7333</zone>
          </city> 
		    <city name="Neuquén">
               <zone>-3$-68.1333$-38.95</zone>
          </city> 
		    <city name="El Bols?n">
               <zone>-3$-71.5167$-41.9667</zone>
          </city> 
          <city name="San Antonio Oeste">
               <zone>-3$-65.1$-40.7833</zone>
          </city> 
          <city name="San Carlos de Bariloche">
               <zone>-3$-71.3$-41.15</zone>
          </city> 
          <city name="Viedma">
               <zone>-3$-63.0167$-40.85</zone>
          </city> 
		    <city name="Salta">
               <zone>-3$-65.4833$-24.85</zone>
          </city> 
          <city name="Tartagal">
               <zone>-3$-63.8167$-22.65</zone>
          </city> 
		  <city name="San Juan">
               <zone>-3$-68.8667$-31.5667</zone>
          </city> 
		  
          <city name="San Luis">
               <zone>-3$-66.35$-33.2667</zone>
          </city> 
		   <city name="Gobernador Gregores">
               <zone>-3$-70.1667$-48.7833</zone>
          </city> 
          <city name="Perito Moreno">
               <zone>-3$-71.0167$-46.5167</zone>
          </city> 
          <city name="Puerto Deseado">
               <zone>-3$-65.9167$-47.7333</zone>
          </city> 
          <city name="Puerto San Juli?n">
               <zone>-3$-67.75$-49.3167</zone>
          </city> 
          <city name="Puerto Santa Cruz">
               <zone>-3$-68.5667$-50.0167</zone>
          </city> 
          <city name="R?o Gallegos">
               <zone>-3$-69.2833$-51.6167</zone>
          </city> 
		    <city name="Ceres">
               <zone>-3$-61.95$-29.8833</zone>
          </city> 
          <city name="Rosario">
               <zone>-3$-60.7833$-32.9167</zone>
          </city> 
          <city name="Santa Fe">
               <zone>-3$-60.8167$-31.7</zone>
          </city> 
          <city name="Villa Constituci?n">
               <zone>-3$-60.3333$-33.2333</zone>
          </city> 
		    <city name="A?atuya">
               <zone>-3$-62.8333$-28.4667</zone>
          </city> 
          <city name="Santiago Del Estero">
               <zone>-3$-64.3$-27.7667</zone>
          </city> 
		    <city name="R?o Grande">
               <zone>-3$-67.75$-53.8</zone>
          </city> 
          <city name="Ushuaia">
               <zone>-3$-68.3167$-54.8</zone>
          </city> 
		   <city name="San Miguel de Tucum?n">
               <zone>-3$-65.1$-26.85</zone>
          </city>
		  </country>
		       <country count="BAHAMAS">

          <city name="Alice Town">
               <zone>-5$-79.3$25.7333</zone>
          </city> 
          <city name="Andros Town">
               <zone>-5$-77.7833$24.7167</zone>
          </city> 
          <city name="Arthur’s Town">
               <zone>-5$-75.7$24.6333</zone>
          </city> 
          <city name="Bannerman Town">
               <zone>-5$-76.1667$24.6333</zone>
          </city> 
          <city name="Black Point">
               <zone>-5$-76.45$24.0833</zone>
          </city> 
          <city name="Cape Eleuthera">
               <zone>-5$-76.35$24.8167</zone>
          </city> 
          <city name="Chub Cay">
               <zone>-5$-77.7833$24.7167</zone>
          </city> 
          <city name="Cockburn Town">
               <zone>-5$-74.5333$24.05</zone>
          </city> 
          <city name="Congo Town">
               <zone>-5$-77.5833$24.1667</zone>
          </city> 
          <city name="Duncan Town">
               <zone>-5$-75.7333$22.2</zone>
          </city> 
          <city name="Forest">
               <zone>-5$-75.9$23.55</zone>
          </city> 
          <city name="Freeport">
               <zone>-5$-78.7$26.55</zone>
          </city> 
          <city name="George Town">
               <zone>-5$-75.7667$23.4667</zone>
          </city> 
          <city name="Governor’s Harbour">
               <zone>-5$-76.2333$25.1667</zone>
          </city> 
          <city name="Great Harbour Cay">
               <zone>-5$-77.8333$25.75</zone>
          </city> 
          <city name="Great Inagua Island">
               <zone>-5$-73.3$21.0833</zone>
          </city> 
          <city name="Green Turtle Cay">
               <zone>-5$-77.3833$26.8333</zone>
          </city> 
          <city name="Harbour Island">
               <zone>-5$-76.6333$25.5</zone>
          </city> 
          <city name="Holmes Rock">
               <zone>-5$-78.8333$26.5833</zone>
          </city> 
          <city name="Long Island (Deadman’s Cay)">
               <zone>-5$-75.0833$23.1667</zone>
          </city> 
          <city name="Majors">
               <zone>-5$-74.2167$22.75</zone>
          </city> 
          <city name="Marsh Harbour">
               <zone>-5$-77.05$26.55</zone>
          </city> 
          <city name="Matthew Town">
               <zone>-5$-73.6833$20.95</zone>
          </city> 
          <city name="Nassau">
               <zone>-5$-77.4667$25.05</zone>
          </city> 
          <city name="New Bight">
               <zone>-5$-75.4167$24.3</zone>
          </city> 
          <city name="Old Bight">
               <zone>-5$-75.0833$23.1667</zone>
          </city> 
          <city name="Paradise Island">
               <zone>-5$-77.4333$25.0833</zone>
          </city> 
          <city name="Pirates Well">
               <zone>-5$-73.0667$22.4333</zone>
          </city> 
          <city name="Pitt’s Town">
               <zone>-5$-74.3667$22.7833</zone>
          </city> 
          <city name="Port Boyd">
               <zone>-5$-74.8333$23.6167</zone>
          </city> 
          <city name="Rock Sound">
               <zone>-5$-76.2$24.9</zone>
          </city> 
          <city name="San Andros">
               <zone>-5$-78.05$25.0667</zone>
          </city> 
          <city name="Spanish Wells">
               <zone>-5$-76.75$25.55</zone>
          </city> 
          <city name="Spring Point">
               <zone>-5$-74$22.45</zone>
          </city> 
          <city name="Stella Maris">
               <zone>-5$-75.3$23.6</zone>
          </city> 
          <city name="The Bight">
               <zone>-5$-75.4$24.3167</zone>
          </city> 
          <city name="Treasure Cay">
               <zone>-5$-77.0833$26.4667</zone>
          </city> 
          <city name="West End">
               <zone>-5$-78.9667$26.7</zone>
          </city> 
     </country>
	 <country count="BARBADOS">

          <city name="Bridgetown City">
               <zone>-4$-59.6167$13.1</zone>
          </city> 
     </country>
        <country count="BELIZE">

          <city name="Barranco">
               <zone>-6$-88.9167$16</zone>
          </city> 
          <city name="Belize City">
               <zone>-6$-88.3$17.5333</zone>
          </city> 
          <city name="Belmopan">
               <zone>-6$-88.7667$17.25</zone>
          </city> 
          <city name="Big Creek">
               <zone>-6$-88.4$16.5167</zone>
          </city> 
          <city name="Corozal">
               <zone>-6$-88.4$18.4</zone>
          </city> 
          <city name="Dangriga">
               <zone>-6$-88.2167$16.9667</zone>
          </city> 
          <city name="Orange Walk Town">
               <zone>-6$-88.55$18.1</zone>
          </city> 
          <city name="Punta Gorda">
               <zone>-6$-88.8$16.1167</zone>
          </city> 
          <city name="San Pedro">
               <zone>-6$-87.9833$17.9667</zone>
          </city> 
          <city name="Silver Creek">
               <zone>-6$-88.9$16.25</zone>
          </city> 
     </country>
	      <country count="BOLIVIA, PLURINATIONAL STATE OF">

          <city name="Guayaramer?n">
               <zone>-4$-65.35$-10.8167</zone>
          </city> 
          <city name="Magdalena">
               <zone>-4$-64.1167$-13.3333</zone>
          </city> 
          <city name="Reyes">
               <zone>-4$-67.3833$-14.3167</zone>
          </city> 
          <city name="Riberalta">
               <zone>-4$-66.1167$-11</zone>
          </city> 
          <city name="Rurrenabaque">
               <zone>-4$-67.4667$-14.4667</zone>
          </city> 
          <city name="San Borja">
               <zone>-4$-66.8667$-14.8667</zone>
          </city> 
          <city name="San Ignacio de Moxos">
               <zone>-4$-65.6333$-14.9833</zone>
          </city> 
          <city name="San Joaqu?n">
               <zone>-4$-64.8167$-13.0667</zone>
          </city> 
          <city name="Santa Ana">
               <zone>-4$-65.4333$-13.7667</zone>
          </city> 
          <city name="Trinidad">
               <zone>-4$-64.9167$-14.8167</zone>
          </city>
		    <city name="Sucre">
               <zone>-4$-65.3$-19.0167</zone>
          </city> 
		    <city name="Cochabamba">
               <zone>-4$-66.1833$-17.4167</zone>
          </city> 
		  
          <city name="Apolo">
               <zone>-4$-68.5$-14.7333</zone>
          </city> 
          <city name="La Paz">
               <zone>-4$-68.1833$-16.5167</zone>
          </city> 
		  
          <city name="Oruro">
               <zone>-4$-67.0667$-17.9667</zone>
          </city> 
		  
          <city name="Cobija">
               <zone>-4$-68.7833$-11.0333</zone>
          </city> 
		   <city name="Potos?">
               <zone>-4$-65.7333$-19.55</zone>
          </city> 
		    <city name="Camiri">
               <zone>-4$-63.5333$-20</zone>
          </city> 
          <city name="Concepci?n">
               <zone>-4$-62.0167$-16.15</zone>
          </city> 
          <city name="Puerto Su?rez">
               <zone>-4$-57.8167$-18.9833</zone>
          </city> 
          <city name="Roboré">
               <zone>-4$-59.7667$-18.3167</zone>
          </city> 
          <city name="San Ignacio De Velasco">
               <zone>-4$-60.9667$-16.3833</zone>
          </city> 
          <city name="San Javier">
               <zone>-4$-62.4667$-16.2667</zone>
          </city> 
          <city name="San Jose De Chiquitos">
               <zone>-4$-60.7333$-17.8</zone>
          </city> 
          <city name="Santa Cruz">
               <zone>-4$-63.1833$-17.8</zone>
          </city> 
		    <city name="Tarija">
               <zone>-4$-64.7$-21.55</zone>
          </city> 
          <city name="Yacuiba">
               <zone>-4$-63.65$-21.95</zone>
          </city> 
     </country>
	      <country count="BRAZIL">

          <city name="Cruzeiro Do Sul">
               <zone>-2$-72.6667$-7.63333</zone>
          </city> 
          <city name="Rio Branco">
               <zone>-2$-67.8$-10</zone>
          </city> 
          <city name="Tarauac?">
               <zone>-2$-70.7667$-8.16667</zone>
          </city>
          <city name="Macei?">
               <zone>-2$-35.9$-9.51667</zone>
          </city> 
		   <city name="Macap?">
               <zone>-2$-51.0667$0.05</zone>
          </city> 
          <city name="Oiapoque">
               <zone>-2$-51.8333$3.83333</zone>
          </city> 
		  <city name="Benjamin Constant">
               <zone>-2$-70.0333$-4.38333</zone>
          </city> 
          <city name="Coari">
               <zone>-2$-63.1333$-4.08333</zone>
          </city> 
          <city name="Eirunepé">
               <zone>-2$-69.8667$-6.65</zone>
          </city> 
          <city name="Itaquatiara (Itacoatiara)">
               <zone>-2$-58.4333$-3.13333</zone>
          </city> 
          <city name="Manaus">
               <zone>-2$-59.9833$-3.15</zone>
          </city> 
          <city name="Manicoré">
               <zone>-2$-61.3$-5.81667</zone>
          </city> 
          <city name="Parintins">
               <zone>-2$-59.8167$-2.61667</zone>
          </city> 
          <city name="S?o Gabriel da Cachoeira">
               <zone>-2$-67.0833$-0.133333</zone>
          </city> 
          <city name="Tabatinga">
               <zone>-2$-69.6667$-3.66667</zone>
          </city> 
          <city name="Tefé">
               <zone>-2$-64.6833$-3.36667</zone>
          </city>
		  
          <city name="Amazônia">
               <zone>-2$-39.3667$-12.1667</zone>
          </city> 
          <city name="Camaçari">
               <zone>-2$-38.3167$-12.7</zone>
          </city> 
          <city name="Caravelas">
               <zone>-2$-39.25$-17.6333</zone>
          </city> 
          <city name="Feira de Santana">
               <zone>-2$-38.9667$-12.2667</zone>
          </city> 
          <city name="Ilheus">
               <zone>-2$-39.0333$-14.8167</zone>
          </city> 
          <city name="Paulo Afonso">
               <zone>-2$-38.2167$-9.4</zone>
          </city> 
          <city name="Salvador">
               <zone>-2$-38.3333$-12.9</zone>
          </city> 
          <city name="Vit?ria da Conquista">
               <zone>-2$-40.8833$-14.95</zone>
          </city> 
		    <city name="Fortaleza">
               <zone>-2$-38.5333$-3.78333</zone>
          </city> 
		        <city name="Bras?lia">
               <zone>-2$-47.9333$-15.8667</zone>
          </city> 
		   <city name="S?o Mateus">
               <zone>-2$-39.85$-18.7167</zone>
          </city> 
          <city name="Vit?ria">
               <zone>-2$-40.2833$-20.2667</zone>
          </city> 
		    <city name="An?polis">
               <zone>-2$-48.9667$-16.2333</zone>
          </city> 
          <city name="Goiânia">
               <zone>-2$-49.2167$-16.6333</zone>
          </city> 
		            <city name="Barra do Corda">
               <zone>-2$-45.75$-5.5</zone>
          </city> 
          <city name="Carolina">
               <zone>-2$-47.4667$-7.31667</zone>
          </city> 
          <city name="Imperatriz">
               <zone>-2$-47.05$-5.53333</zone>
          </city> 
          <city name="S?o Lu?s">
               <zone>-2$-44.2333$-2.6</zone>
          </city> 
		            <city name="Alta Floresta">
               <zone>-2$-56.1$-9.86667</zone>
          </city> 
          <city name="Barra Do Garças">
               <zone>-2$-52.3833$-15.8667</zone>
          </city> 
          <city name="Cuiab?">
               <zone>-2$-56.1$-15.65</zone>
          </city> 
          <city name="Nova Xavantina">
               <zone>-2$-52.35$-14.7</zone>
          </city> 
		      <city name="Campo Grande">
               <zone>-2$-54.6667$-20.4667</zone>
          </city> 
          <city name="Corumb?">
               <zone>-2$-57.5$-19.0833</zone>
          </city> 
          <city name="Ponta Por?">
               <zone>-2$-55.7$-22.55</zone>
          </city> 
		    <city name="Belo Horizonte">
               <zone>-2$-43.95$-19.85</zone>
          </city> 
          <city name="Juiz de Fora">
               <zone>-2$-43.35$-21.7667</zone>
          </city> 
          <city name="Montes Claros">
               <zone>-2$-43.8667$-16.7167</zone>
          </city> 
          <city name="Poços de Caldas">
               <zone>-2$-46.5667$-21.85</zone>
          </city> 
          <city name="Uberaba">
               <zone>-2$-47.9667$-19.7833</zone>
          </city> 
          <city name="Uberlândia">
               <zone>-2$-48.2333$-18.8833</zone>
          </city> 
		    <city name="Altamira">
               <zone>-2$-56.2$-3.2</zone>
          </city> 
          <city name="Barcarena">
               <zone>-2$-48.65$-1.5</zone>
          </city> 
          <city name="Belém">
               <zone>-2$-48.4833$-1.38333</zone>
          </city> 
          <city name="Caraj?s">
               <zone>-2$-50$-6.11667</zone>
          </city> 
          <city name="Conceiç?o do Araguaia">
               <zone>-2$-49.2833$-8.25</zone>
          </city> 
          <city name="Itaituba">
               <zone>-2$-56$-4.25</zone>
          </city> 
          <city name="Jacareacanga">
               <zone>-2$-57.7333$-6.26667</zone>
          </city> 
          <city name="Marab?">
               <zone>-2$-49.15$-5.35</zone>
          </city> 
          <city name="Monte Alegre">
               <zone>-2$-54.0667$-2</zone>
          </city> 
          <city name="?bidos">
               <zone>-2$-53.5167$-1.91667</zone>
          </city> 
          <city name="Santarém">
               <zone>-2$-54.7167$-2.43333</zone>
          </city> 
          <city name="Tucuru?">
               <zone>-2$-49.7167$-3.71667</zone>
          </city> 
		   <city name="Campina Grande">
               <zone>-2$-35.8833$-7.21667</zone>
          </city> 
          <city name="Jo?o Pessoa">
               <zone>-2$-34.8667$-7.1</zone>
          </city> 
		          <city name="Curitiba">
               <zone>-2$-49.2667$-25.4333</zone>
          </city> 
          <city name="Foz Do Iguaçu">
               <zone>-2$-54.5833$-25.5167</zone>
          </city> 
          <city name="Guarapuava">
               <zone>-2$-51.45$-25.3833</zone>
          </city> 
          <city name="Londrina">
               <zone>-2$-51.1333$-23.3333</zone>
          </city> 
          <city name="Maring?">
               <zone>-2$-51.95$-23.4167</zone>
          </city> 
          <city name="Paranagu?">
               <zone>-2$-48.5167$-25.5167</zone>
          </city> 
          <city name="Ponta Grossa">
               <zone>-2$-50.15$-25.0833</zone>
          </city> 
		         <city name="Fernando De Noronha">
               <zone>-2$-32.4167$-3.85</zone>
          </city> 
          <city name="Petrolina">
               <zone>-2$-40.55$-9.35</zone>
          </city> 
          <city name="Recife">
               <zone>-2$-34.85$-8.06667</zone>
          </city> 
		            <city name="Floriano">
               <zone>-2$-43.0167$-6.76667</zone>
          </city> 
          <city name="Picos">
               <zone>-2$-41.4667$-7.06667</zone>
          </city> 
          <city name="Teresina">
               <zone>-2$-42.8167$-5.05</zone>
          </city> 
		  <city name="Campos">
               <zone>-2$-41.3333$-21.75</zone>
          </city> 
          <city name="Macaé">
               <zone>-2$-41.7667$-22.35</zone>
          </city> 
          <city name="Niter?i">
               <zone>-2$-43.1$-22.8833</zone>
          </city> 
          <city name="Petr?polis">
               <zone>-2$-43.1833$-22.5167</zone>
          </city> 
          <city name="Resende">
               <zone>-2$-44.4667$-22.4833</zone>
          </city> 
          <city name="Rio de Janeiro">
               <zone>-2$-43.3667$-22.8667</zone>
          </city> 
		  
          <city name="Macau">
               <zone>-2$-36.1333$-5.1</zone>
          </city> 
          <city name="Moçor? (Mossor?)">
               <zone>-2$-37.3667$-5.2</zone>
          </city> 
          <city name="Natal">
               <zone>-2$-35.25$-5.91667</zone>
          </city> 
		    <city name="Bagé">
               <zone>-2$-54.1167$-31.35</zone>
          </city> 
          <city name="Passo Fundo">
               <zone>-2$-52.4$-28.25</zone>
          </city> 
          <city name="Pelotas">
               <zone>-2$-52.35$-31.8667</zone>
          </city> 
          <city name="Porto Alegre">
               <zone>-2$-51.2167$-30.0167</zone>
          </city> 
          <city name="Rio Grande">
               <zone>-2$-52.0833$-32.1</zone>
          </city> 
          <city name="Santa Maria">
               <zone>-2$-54.7$-29.7167</zone>
          </city> 
          <city name="Uruguaiana">
               <zone>-2$-57.0333$-29.7833</zone>
          </city> 
		    <city name="Porto Velho">
               <zone>-2$-63.9167$-8.76667</zone>
          </city> 
          <city name="Vilhena">
               <zone>-2$-60.1$-12.7</zone>
          </city>
		        <city name="Boa Vista">
               <zone>-2$-60.7$2.83333</zone>
          </city> 
		    <city name="Chapec?">
               <zone>-2$-52.6167$-27.0833</zone>
          </city> 
          <city name="Florianopolis">
               <zone>-2$-48.55$-27.6667</zone>
          </city> 
          <city name="Itaja?">
               <zone>-2$-48.65$-26.8833</zone>
          </city> 
          <city name="Lajes (Lages)">
               <zone>-2$-50.3167$-27.8</zone>
          </city> 
          <city name="Pomerode">
               <zone>-2$-49.1667$-26.75</zone>
          </city> 
          <city name="S?o Francisco do Sul">
               <zone>-2$-48.6333$-26.2333</zone>
          </city> 
          <city name="Tubar?o">
               <zone>-2$-49$-28.4667</zone>
          </city> 
		   <city name="Araçatuba">
               <zone>-2$-50.4667$-21.2</zone>
          </city> 
          <city name="Assis">
               <zone>-2$-50.4$-22.65</zone>
          </city> 
          <city name="Bauru">
               <zone>-2$-49.0667$-22.3167</zone>
          </city> 
          <city name="Campinas">
               <zone>-2$-47.1333$-23</zone>
          </city> 
          <city name="Guaratingueta">
               <zone>-2$-45.2$-22.7833</zone>
          </city> 
          <city name="Guarulhos">
               <zone>-2$-46.5833$-23.4833</zone>
          </city> 
          <city name="Mar?lia">
               <zone>-2$-49.9333$-22.2</zone>
          </city> 
          <city name="Mogi das Cruzes">
               <zone>-2$-46.1833$-23.5167</zone>
          </city> 
          <city name="Osasco">
               <zone>-2$-46.7833$-23.5333</zone>
          </city> 
          <city name="Pirassununga">
               <zone>-2$-47.3333$-21.9833</zone>
          </city> 
          <city name="Presidente Prudente">
               <zone>-2$-51.3833$-22.1167</zone>
          </city> 
          <city name="Ribeir?o Preto">
               <zone>-2$-47.7833$-21.1333</zone>
          </city> 
          <city name="Santo André">
               <zone>-2$-46.5333$-23.6667</zone>
          </city> 
          <city name="Santos">
               <zone>-2$-46.3$-23.9333</zone>
          </city> 
          <city name="S?o Carlos">
               <zone>-2$-47.8833$-22.0167</zone>
          </city> 
          <city name="S?o José dos Campos">
               <zone>-2$-45.8667$-23.2333</zone>
          </city> 
          <city name="S?o Paulo">
               <zone>-2$-46.65$-23.6167</zone>
          </city> 
          <city name="S?o Sebasti?o">
               <zone>-2$-45.4$-23.75</zone>
          </city> 
          <city name="Sorocaba">
               <zone>-2$-47.45$-23.5</zone>
          </city> 
		      <city name="Aracaju">
               <zone>-2$-37.0667$-10.9833</zone>
          </city> 
		    <city name="Palmas">
               <zone>-2$-48.3333$-10.1667</zone>
          </city> 
          <city name="Porto Nacional">
               <zone>-2$-48.4$-10.7</zone>
          </city> 
		  
		  
		  
		  
		  
     </country>
	      <country count="CHILE">

          <city name="Balmaceda">
               <zone>-4$-71.6833$-45.9167</zone>
          </city> 
          <city name="Coihaique">
               <zone>-4$-72.1167$-45.5833</zone>
          </city>
		  <city name="Antofagasta">
               <zone>-4$-70.4333$-23.4333</zone>
          </city> 
          <city name="Calama">
               <zone>-4$-68.9167$-22.45</zone>
          </city> 
		        <city name="Temuco">
               <zone>-4$-72.6333$-38.75</zone>
          </city> 
		   <city name="Arica">
               <zone>-4$-70.3333$-18.3333</zone>
          </city> 
		  <city name="Cha?aral">
               <zone>-4$-70.6167$-26.3167</zone>
          </city> 
          <city name="Copiap?">
               <zone>-4$-70.4167$-27.3</zone>
          </city> 
          <city name="Vallenar">
               <zone>-4$-70.7667$-28.6</zone>
          </city> 
		         <city name="Chillan">
               <zone>-4$-72.0333$-36.5667</zone>
          </city> 
          <city name="Concepci?n">
               <zone>-4$-73.05$-36.7667</zone>
          </city> 
          <city name="Coronel">
               <zone>-4$-73.1333$-37.0167</zone>
          </city> 
          <city name="Los ?ngeles">
               <zone>-4$-72.35$-37.4667</zone>
          </city> 
          <city name="Lota">
               <zone>-4$-73.1667$-37.0833</zone>
          </city> 
          <city name="Talcahuano">
               <zone>-4$-73.1167$-36.7167</zone>
          </city> 
		      <city name="La Serena">
               <zone>-4$-71.2$-29.9</zone>
          </city> 
          <city name="Salamanca">
               <zone>-4$-70.9667$-31.7833</zone>
          </city> 
		     <city name="Puerto Montt">
               <zone>-4$-73.0833$-41.4167</zone>
          </city> 
		    <city name="Valdivia">
               <zone>-4$-73.0833$-39.6167</zone>
          </city> 
		    <city name="Punta Arenas">
               <zone>-4$-70.85$-53</zone>
          </city> 
		     <city name="Curic?">
               <zone>-4$-71.2333$-34.9667</zone>
          </city> 
          <city name="Talca">
               <zone>-4$-71.6667$-35.4333</zone>
          </city> 
		           <city name="Rancagua">
               <zone>-4$-70.75$-34.1667</zone>
          </city> 
		   <city name="Santiago">
               <zone>-4$-70.7833$-33.3833</zone>
          </city> 
		  
          <city name="Iquique">
               <zone>-4$-70.1833$-20.5333</zone>
          </city> 
		   <city name="Alejandro Selkirk Island (Juan Fern?ndez Archipelago)">
               <zone>-4$-80$-33.75</zone>
          </city> 
          <city name="Hanga Roa">
               <zone>-4$-109.417$-27.15</zone>
          </city> 
          <city name="Isla Sala y G?mez">
               <zone>-4$-105.25$-26.5</zone>
          </city> 
          <city name="Robinson Crusoe Island (Juan Fern?ndez Archipelago)">
               <zone>-4$-78$-33.6333</zone>
          </city> 
          <city name="San Ambrosio Island">
               <zone>-4$-79.9167$-26.3833</zone>
          </city> 
          <city name="San Félix Islands">
               <zone>-4$-80.0833$-26.2833</zone>
          </city> 
          <city name="Valpara?so">
               <zone>-4$-71.5167$-32.7833</zone>
          </city> 
          <city name="Vi?a del Mar">
               <zone>-4$-71.55$-32.9833</zone>
          </city> 
     </country>
	      <country count="COLOMBIA">

          <city name="Leticia">
               <zone>-5$-69.95$-4.16667</zone>
          </city> 
		     <city name="Apartad?">
               <zone>-5$-76.7$7.81667</zone>
          </city> 
          <city name="Medell?n">
               <zone>-5$-75.6$6.51667</zone>
          </city> 
		   <city name="Arauca">
               <zone>-5$-70.7333$7.06667</zone>
          </city>
		   <city name="Bajo Nuevo Bank">
               <zone>-5$-78.6333$15.85</zone>
          </city> 
          <city name="Isla Providencia">
               <zone>-5$-81.35$13.3667</zone>
          </city> 
          <city name="Rosalind Bank (Disputed)">
               <zone>-5$-80.5167$16.4333</zone>
          </city> 
          <city name="San Andrés">
               <zone>-5$-81.7167$12.5833</zone>
          </city> 
          <city name="Serranilla Bank (Disputed)">
               <zone>-5$-79.8333$15.8333</zone>
          </city> 
		   <city name="Barranquilla">
               <zone>-5$-74.7833$10.8833</zone>
          </city> 
		  <city name="Bogot?">
               <zone>-5$-74.15$4.71667</zone>
          </city>
		   <city name="Cartagena">
               <zone>-5$-75.5167$10.45</zone>
          </city>
		   <city name="Tunja">
               <zone>-5$-73.3667$5.51667</zone>
          </city> 
		   <city name="Manizales">
               <zone>-5$-75.5333$5.08333</zone>
          </city> 
		         <city name="Florencia">
               <zone>-5$-75.6$1.6</zone>
          </city> 
		  
          <city name="El Yopal">
               <zone>-5$-72.3833$5.35</zone>
          </city> 
		  
          <city name="Popay?n">
               <zone>-5$-76.6$2.46667</zone>
          </city> 
		      <city name="Valledupar">
               <zone>-5$-73.25$10.4333</zone>
          </city> 
		  <city name="Quibd?">
               <zone>-5$-76.6167$5.71667</zone>
          </city> 
		    <city name="Monter?a">
               <zone>-5$-75.85$8.81667</zone>
          </city> 
		         <city name="Soacha">
               <zone>-5$-74.2167$4.58333</zone>
          </city> 
		   <city name="Puerto In?rida">
               <zone>-5$-67.9667$3.98333</zone>
          </city> 
		  
          <city name="San José del Guaviare">
               <zone>-5$-72.6333$2.56667</zone>
          </city> 
		   <city name="Neiva">
               <zone>-5$-75.3$2.96667</zone>
          </city>
		  <city name="Riohacha">
               <zone>-5$-72.9333$11.5333</zone>
          </city> 
		  <city name="Santa Marta">
               <zone>-5$-74.2333$11.1333</zone>
          </city> 
		  <city name="Villavicencio">
               <zone>-5$-73.6167$4.16667</zone>
          </city> 
		   <city name="Pasto">
               <zone>-5$-77.2667$1.41667</zone>
          </city> 
          <city name="Tumaco">
               <zone>-5$78.7667$1.8</zone>
          </city> 
		           <city name="C?cuta">
               <zone>-5$-72.5167$7.93333</zone>
          </city> 
		  <city name="Mocoa">
               <zone>-5$-76.6167$1.15</zone>
          </city> 
          <city name="Puerto As?s">
               <zone>-5$-76.5$0.5</zone>
          </city> 
		  <city name="Armenia">
               <zone>-5$-75.7167$4.5</zone>
          </city> 
		  
          <city name="Pereira">
               <zone>-5$-75.7333$4.81667</zone>
          </city> 
		  <city name="Barrancabermeja">
               <zone>-5$-73.8$7.01667</zone>
          </city> 
          <city name="Bucaramanga">
               <zone>-5$-73.2$7.1</zone>
          </city> 
		  
          <city name="Sincelejo">
               <zone>-5$-75.4$9.3</zone>
          </city> 
		      <city name="Ibagué">
               <zone>-5$-75.15$4.43333</zone>
          </city> 
		  <city name="Buenaventura">
               <zone>-5$-76.9667$3.85</zone>
          </city> 
          <city name="Cali">
               <zone>-5$-76.3833$3.55</zone>
          </city> 
		    <city name="Mit?">
               <zone>-5$-70.05$1.13333</zone>
          </city> 
		  
          <city name="Puerto Carre?o">
               <zone>-5$-67.5$6.16667</zone>
          </city> 
     </country>
	      <country count="COSTA RICA">

          <city name="Alajuela">
               <zone>-6$-84.2167$10</zone>
          </city> 
          <city name="Cañas">
               <zone>-6$-85.1167$10.4167</zone>
          </city> 
          <city name="Cartago">
               <zone>-6$-83.9167$9.86667</zone>
          </city> 
          <city name="Filadelfia">
               <zone>-6$-85.5667$10.45</zone>
          </city> 
          <city name="Golfito">
               <zone>-6$-83.15$8.65</zone>
          </city> 
          <city name="Guápiles">
               <zone>-6$-83.7833$10.2167</zone>
          </city> 
          <city name="Heredia">
               <zone>-6$-84.1167$10</zone>
          </city> 
          <city name="Liberia">
               <zone>-6$-85.4333$10.6167</zone>
          </city> 
          <city name="Limón">
               <zone>-6$-83.05$10</zone>
          </city> 
          <city name="Los Chiles">
               <zone>-6$-84.7167$11.0333</zone>
          </city> 
          <city name="Nicoya">
               <zone>-6$-85.45$10.15</zone>
          </city> 
          <city name="Palmar Sur">
               <zone>-6$-83.4667$8.95</zone>
          </city> 
          <city name="Puerto Viejo">
               <zone>-6$-82.7667$9.65</zone>
          </city> 
          <city name="Puntarenas">
               <zone>-6$-84.8333$9.96667</zone>
          </city> 
          <city name="Quepos">
               <zone>-6$-84.15$9.45</zone>
          </city> 
          <city name="Quesada de San Carlos">
               <zone>-6$-84.4333$10.3167</zone>
          </city> 
          <city name="San Isidro">
               <zone>-6$-83.7$9.36667</zone>
          </city> 
          <city name="San José">
               <zone>-6$-84.15$9.95</zone>
          </city> 
          <city name="Sixaola">
               <zone>-6$-82.55$9.53333</zone>
          </city> 
          <city name="Turrialba">
               <zone>-6$-83.6833$9.9</zone>
          </city> 
          <city name="Upala">
               <zone>-6$-85.0333$10.9</zone>
          </city> 
     </country>
	      <country count="CUBA">

          <city name="Antilla">
               <zone>-5$-75.75$20.8333</zone>
          </city> 
          <city name="Bahía Honda">
               <zone>-5$-83.1667$22.9</zone>
          </city> 
          <city name="Banes">
               <zone>-5$-75.7167$20.9667</zone>
          </city> 
          <city name="Baracoa">
               <zone>-5$-74.5$20.35</zone>
          </city> 
          <city name="Bayamo">
               <zone>-5$-76.6167$20.4</zone>
          </city> 
          <city name="Cabañas">
               <zone>-5$-82.9167$22.9667</zone>
          </city> 
          <city name="Caibarién">
               <zone>-5$-79.4667$22.5167</zone>
          </city> 
          <city name="Camagüey">
               <zone>-5$-77.85$21.4167</zone>
          </city> 
          <city name="Cárdenas">
               <zone>-5$-81.2$23.0333</zone>
          </city> 
          <city name="Casilda">
               <zone>-5$-79.9833$21.7667</zone>
          </city> 
          <city name="Cayo Coco">
               <zone>-5$-78.5167$22.5167</zone>
          </city> 
          <city name="Cienfuegos">
               <zone>-5$-80.4$22.15</zone>
          </city> 
          <city name="Colón">
               <zone>-5$-80.9$22.7167</zone>
          </city> 
          <city name="Guantánamo">
               <zone>-5$-75.15$20.0833</zone>
          </city> 
          <city name="Havana">
               <zone>-5$-82.4$22.9833</zone>
          </city> 
          <city name="Holguín">
               <zone>-5$-76.3167$20.7833</zone>
          </city> 
          <city name="Júcaro">
               <zone>-5$-78.85$21.6167</zone>
          </city> 
          <city name="Las Tunas">
               <zone>-5$-76.95$20.95</zone>
          </city> 
          <city name="Manzanillo">
               <zone>-5$-77.1167$20.3333</zone>
          </city> 
          <city name="Mariel">
               <zone>-5$-82.75$22.9833</zone>
          </city> 
          <city name="Matanzas">
               <zone>-5$-81.5833$23.05</zone>
          </city> 
          <city name="Moa">
               <zone>-5$-74.9167$20.65</zone>
          </city> 
          <city name="Nicaro">
               <zone>-5$-75.55$20.7</zone>
          </city> 
          <city name="Niquero">
               <zone>-5$-77.5833$20.05</zone>
          </city> 
          <city name="Nueva Gerona">
               <zone>-5$-82.7833$21.8333</zone>
          </city> 
          <city name="Nuevitas">
               <zone>-5$-77.2667$21.55</zone>
          </city> 
          <city name="Palo Alto">
               <zone>-5$-78.9667$21.6</zone>
          </city> 
          <city name="Pinar Del Rio">
               <zone>-5$-83.6667$22.4167</zone>
          </city> 
          <city name="Puerto Padre">
               <zone>-5$-76.6$21.2</zone>
          </city> 
          <city name="Sagua de Tánamo">
               <zone>-5$-75.35$20.6833</zone>
          </city> 
          <city name="Santa Clara">
               <zone>-5$-79.9667$22.4</zone>
          </city> 
          <city name="Santa Cruz del Sur">
               <zone>-5$-78$20.7167</zone>
          </city> 
          <city name="Santiago de Cuba">
               <zone>-5$-75.8167$20.0167</zone>
          </city> 
          <city name="Tánamo">
               <zone>-5$-75.2333$20.5833</zone>
          </city> 
          <city name="Trinidad">
               <zone>-5$-79.9833$21.8</zone>
          </city> 
          <city name="Tunas de Zaza">
               <zone>-5$-79.55$21.6333</zone>
          </city> 
          <city name="U.S. Naval Base Guantanamo Bay">
               <zone>-5$-75.15$20.0833</zone>
          </city> 
          <city name="Varadero">
               <zone>-5$-81.2833$23.1333</zone>
          </city> 
     </country>
	           <country count="DOMINICAN REPUBLIC">

          <city name="Azua de Compostela">
               <zone>-4$-70.7333$18.45</zone>
          </city> 
          <city name="Baní">
               <zone>-4$-70.3333$18.2833</zone>
          </city> 
          <city name="Barahona">
               <zone>-4$-71.1$18.2</zone>
          </city> 
          <city name="Constanza">
               <zone>-4$-70.75$18.9167</zone>
          </city> 
          <city name="Jimaní">
               <zone>-4$-71.85$18.4833</zone>
          </city> 
          <city name="La Romana">
               <zone>-4$-68.95$18.4167</zone>
          </city> 
          <city name="Pedernales">
               <zone>-4$-71.75$18.0333</zone>
          </city> 
          <city name="Puerto Plata">
               <zone>-4$-70.55$19.75</zone>
          </city> 
          <city name="Puerto Viejo">
               <zone>-4$-70.8333$18.3333</zone>
          </city> 
          <city name="Punta Cana">
               <zone>-4$-68.3667$18.5333</zone>
          </city> 
          <city name="Saban de la Mar">
               <zone>-4$-69.3833$19.0667</zone>
          </city> 
          <city name="San Cristóbal">
               <zone>-4$-70.1167$18.4</zone>
          </city> 
          <city name="San Fernando de Monte Cristi">
               <zone>-4$-71.65$19.8667</zone>
          </city> 
          <city name="San Francisco de Macorís">
               <zone>-4$-70.25$19.3</zone>
          </city> 
          <city name="San Juan de la Maguana">
               <zone>-4$-71.2167$18.8</zone>
          </city> 
          <city name="San Pedro de Macorís">
               <zone>-4$-69.3$18.45</zone>
          </city> 
          <city name="Sánchez">
               <zone>-4$-69.6$19.2333</zone>
          </city> 
          <city name="Santa Bárbara de Samaná">
               <zone>-4$-69.3167$19.2</zone>
          </city> 
          <city name="Santiago de los Caballeros">
               <zone>-4$-70.7$19.45</zone>
          </city> 
          <city name="Santo Domingo">
               <zone>-4$-69.9$18.4667</zone>
          </city> 
          <city name="Villa Altagracia">
               <zone>-4$-70.1667$18.6667</zone>
          </city> 
     </country>
	 
	      <country count="ECUADOR">

          <city name="Ambato">
               <zone>-5$-78.5667$-1.2</zone>
          </city> 
          <city name="Bah?a de Car?quez">
               <zone>-5$-80.4$-0.583333</zone>
          </city> 
          <city name="Cuenca">
               <zone>-5$-78.9833$-2.88333</zone>
          </city> 
          <city name="Esmeraldas">
               <zone>-5$-79.6333$0.966667</zone>
          </city> 
          <city name="Guayaquil">
               <zone>-5$-79.8833$-2.15</zone>
          </city> 
          <city name="Latacunga">
               <zone>-5$-78.6167$-0.916667</zone>
          </city> 
          <city name="Macar?">
               <zone>-5$-79.9333$-4.36667</zone>
          </city> 
          <city name="Machala">
               <zone>-5$-79.9667$-3.25</zone>
          </city> 
          <city name="Manta">
               <zone>-5$-80.6833$-0.95</zone>
          </city> 
          <city name="Quito">
               <zone>-5$-78.4833$-0.15</zone>
          </city> 
          <city name="Salinas">
               <zone>-5$-80.9833$-2.2</zone>
          </city> 
          <city name="San Crist?bal, Gal?pagos Islands">
               <zone>-5$-89.6$-0.9</zone>
          </city> 
     </country>
	      <country count="EL SALVADOR">

          <city name="Acajutla">
               <zone>-6$-89.8333$13.5667</zone>
          </city> 
          <city name="Nueva Concepcion">
               <zone>-6$-89.3$14.1333</zone>
          </city> 
          <city name="San Miguel">
               <zone>-6$-88.1167$13.45</zone>
          </city> 
          <city name="San Salvador">
               <zone>-6$-89.1167$13.7</zone>
          </city> 
          <city name="Santa Ana">
               <zone>-6$-89.5667$13.9833</zone>
          </city> 
     </country>
	      <country count="GRENADA">

          <city name="Carriacou Island (Hillsborough)">
               <zone>-4$-61.45$12.5</zone>
          </city> 
          <city name="Gouyave">
               <zone>-4$-61.7667$12.1167</zone>
          </city> 
          <city name="Grenville">
               <zone>-4$-61.7$12.0833</zone>
          </city> 
          <city name="Saint George’s">
               <zone>-4$-61.7833$12</zone>
          </city> 
     </country>
	      <country count="GUATEMALA">

          <city name="Cobán">
               <zone>-6$-90.3167$15.4667</zone>
          </city> 
          <city name="Flores">
               <zone>-6$-89.8833$16.9167</zone>
          </city> 
          <city name="Guatemala City">
               <zone>-6$-90.5167$14.5833</zone>
          </city> 
          <city name="Huehuetenango">
               <zone>-6$-91.4667$15.3167</zone>
          </city> 
          <city name="Puerto Barrios">
               <zone>-6$-88.6$15.7167</zone>
          </city> 
          <city name="Quetzaltenango (Quezaltenango)">
               <zone>-6$-91.5167$14.8333</zone>
          </city> 
          <city name="Retalhuleu">
               <zone>-6$-91.6667$14.5333</zone>
          </city> 
          <city name="San José">
               <zone>-6$-90.8167$13.9167</zone>
          </city> 
          <city name="Zacapa">
               <zone>-6$-89.5333$14.9667</zone>
          </city> 
     </country>
	      <country count="GUYANA">

          <city name="Georgetown">
               <zone>-4$-58.15$6.8</zone>
          </city> 
          <city name="Mabaruma">
               <zone>-4$-59.7833$8.2</zone>
          </city> 
          <city name="New Amsterdam">
               <zone>-4$-57.5167$6.25</zone>
          </city> 
     </country>
	      <country count="HAITI">

          <city name="Cap–Haïtien">
               <zone>-5$-72.1833$19.75</zone>
          </city> 
          <city name="Fond Mombin">
               <zone>-5$-72.4167$18.7</zone>
          </city> 
          <city name="Fort Liberté">
               <zone>-5$-71.8333$19.6333</zone>
          </city> 
          <city name="Gonaïves">
               <zone>-5$-72.6833$19.45</zone>
          </city> 
          <city name="Jacmel">
               <zone>-5$-72.5333$18.2333</zone>
          </city> 
          <city name="Laffiteau">
               <zone>-5$-72.4167$18.6667</zone>
          </city> 
          <city name="Les Cayes">
               <zone>-5$-73.75$18.2</zone>
          </city> 
          <city name="Miragoâne">
               <zone>-5$-73.0833$18.45</zone>
          </city> 
          <city name="Petit Goâve">
               <zone>-5$-72.8667$18.4333</zone>
          </city> 
          <city name="Port–au–Prince">
               <zone>-5$-72.3$18.5667</zone>
          </city> 
          <city name="Port–de–Paix">
               <zone>-5$-72.8333$19.95</zone>
          </city> 
          <city name="Poty">
               <zone>-5$-74.0833$18.3333</zone>
          </city> 
          <city name="Saint–Marc">
               <zone>-5$-72.7$19.1167</zone>
          </city> 
          <city name="Vieux Bourg de Jérémie">
               <zone>-5$-74.1167$18.65</zone>
          </city> 
     </country>
	      <country count="HONDURAS">

          <city name="Amapala">
               <zone>-6$-87.65$13.2667</zone>
          </city> 
          <city name="Catacamas">
               <zone>-6$-85.9333$14.9</zone>
          </city> 
          <city name="Choluteca">
               <zone>-6$-87.1833$13.3</zone>
          </city> 
          <city name="Guanaja">
               <zone>-6$-85.9167$16.4667</zone>
          </city> 
          <city name="La Ceiba">
               <zone>-6$-86.8667$15.7333</zone>
          </city> 
          <city name="La Esperanza">
               <zone>-6$-88.15$14.3167</zone>
          </city> 
          <city name="Puerto Lempira">
               <zone>-6$-83.8$15.2167</zone>
          </city> 
          <city name="Roatán, Islas de la Bahía">
               <zone>-6$-86.5167$16.3167</zone>
          </city> 
          <city name="San Pedro Sula">
               <zone>-6$-87.9333$15.45</zone>
          </city> 
          <city name="Santa Rosa de Copán">
               <zone>-6$-88.7833$14.7833</zone>
          </city> 
          <city name="Tegucigalpa">
               <zone>-6$-87.2167$14.05</zone>
          </city> 
          <city name="Tela">
               <zone>-6$-87.4833$15.7167</zone>
          </city> 
     </country>
	      <country count="JAMAICA">

          <city name="Kingston">
               <zone>-5$-76.7833$17.9333</zone>
          </city> 
          <city name="Montego Bay">
               <zone>-5$-77.9167$18.5</zone>
          </city> 
     </country>
	      <country count="NICARAGUA">

          <city name="Bluefields">
               <zone>-6$-83.75$12</zone>
          </city> 
          <city name="Chinandega">
               <zone>-6$-87.1333$12.6333</zone>
          </city> 
          <city name="Juigalpa">
               <zone>-6$-85.3667$12.1</zone>
          </city> 
          <city name="Managua">
               <zone>-6$-86.1667$12.15</zone>
          </city> 
          <city name="Puerto Cabezas">
               <zone>-6$-83.3667$14.05</zone>
          </city> 
          <city name="Rivas">
               <zone>-6$-85.8333$11.4167</zone>
          </city> 
     </country>
	      <country count="MALAWI">

          <city name="Blantyre">
               <zone>2$35$-15.7833</zone>
          </city> 
          <city name="Chitipa">
               <zone>2$33.2667$-9.7</zone>
          </city> 
          <city name="Dedza">
               <zone>2$34.2667$-14.3167</zone>
          </city> 
          <city name="Karonga">
               <zone>2$33.8833$-9.95</zone>
          </city> 
          <city name="Lilongwe">
               <zone>2$33.7667$-14</zone>
          </city> 
          <city name="Limbe">
               <zone>2$35.05$-15.8167</zone>
          </city> 
          <city name="Mangochi">
               <zone>2$35.25$-14.4333</zone>
          </city> 
          <city name="Monkey Bay">
               <zone>2$34.9167$-14.0833</zone>
          </city> 
          <city name="Mzimba">
               <zone>2$33.6167$-11.8833</zone>
          </city> 
          <city name="Mzuzu">
               <zone>2$34.0167$-11.45</zone>
          </city> 
          <city name="Nkhotakota (Nkhota)">
               <zone>2$34.2667$-12.9167</zone>
          </city> 
          <city name="Salima">
               <zone>2$34.5833$-13.75</zone>
          </city> 
     </country>
	      <country count="SURINAME">

          <city name="Paramaribo">
               <zone>-3$-55.1667$5.83333</zone>
          </city> 
          <city name="Zanderij">
               <zone>-3$-55.2$5.45</zone>
          </city> 
     </country>
	      <country count="PANAMA">

          <city name="Antón">
               <zone>-5$80.2667$8.41667</zone>
          </city> 
          <city name="Balboa">
               <zone>-5$-79.55$8.96667</zone>
          </city> 
          <city name="Bocas Del Toro">
               <zone>-5$-82.25$9.35</zone>
          </city> 
          <city name="Changuinola">
               <zone>-5$-82.5167$9.46667</zone>
          </city> 
          <city name="David">
               <zone>-5$-82.4167$8.4</zone>
          </city> 
          <city name="Las Tablas">
               <zone>-5$-80.2833$7.76667</zone>
          </city> 
          <city name="Panama City">
               <zone>-5$-79.5167$8.98333</zone>
          </city> 
          <city name="Santiago">
               <zone>-5$-80.95$8.08333</zone>
          </city> 
     </country>
	      <country count="PARAGUAY">

          <city name="Asunci?n">
               <zone>-4$-57.6333$-25.2667</zone>
          </city> 
          <city name="Ayolas">
               <zone>-4$-2.05$-33.75</zone>
          </city> 
          <city name="Caacupé">
               <zone>-4$-57.1333$-25.3833</zone>
          </city> 
          <city name="Ciudad del Este">
               <zone>-4$-54.85$-25.45</zone>
          </city> 
          <city name="Concepci?n">
               <zone>-4$-57.3$-23.4167</zone>
          </city> 
          <city name="Encarnaci?n">
               <zone>-4$-55.8333$-27.3167</zone>
          </city> 
          <city name="Filadelfia">
               <zone>-4$-60.0333$-22.45</zone>
          </city> 
          <city name="Fuerte Olimpo">
               <zone>-4$-57.8667$-21.0833</zone>
          </city> 
          <city name="It?">
               <zone>-4$-57.35$-25.4833</zone>
          </city> 
          <city name="Mariscal Estigarribia">
               <zone>-4$-60.6$-22.0167</zone>
          </city> 
          <city name="Pedro Juan Caballero">
               <zone>-4$-55.6167$-22.5667</zone>
          </city> 
          <city name="Pilar">
               <zone>-4$-58.3833$-26.8667</zone>
          </city> 
          <city name="Puerto la Victoria">
               <zone>-4$-57.9333$-22.2833</zone>
          </city> 
          <city name="Puerto Valle Mi (Valle–m?)">
               <zone>-4$-57.9667$-22.1167</zone>
          </city> 
          <city name="San Antonio">
               <zone>-4$-57.6333$-25.3833</zone>
          </city> 
          <city name="San Lorenzo">
               <zone>-4$-25.6$-57.5</zone>
          </city> 
          <city name="Villa Elisa">
               <zone>-4$-57.6167$-25.35</zone>
          </city> 
          <city name="Villeta">
               <zone>-4$-57.5833$-25.4833</zone>
          </city> 
     </country>
	      <country count="PERU">

          <city name="Chachapoyas">
               <zone>-5$-77.8333$-6.21667</zone>
          </city> 
		  <city name="Chimbote">
               <zone>-5$-78.5167$-9.16667</zone>
          </city> 
          <city name="Huaraz">
               <zone>-5$-77.6$-9.35</zone>
          </city> 
		  
          <city name="Abancay">
               <zone>-5$-72.9167$-13.5833</zone>
          </city> 
          <city name="Andahuaylas">
               <zone>-5$-73.3833$-13.65</zone>
          </city> 
		  
          <city name="Arequipa">
               <zone>-5$-71.55$-16.3167</zone>
          </city> 
		  <city name="Ayacucho">
               <zone>-5$-74.2167$-13.1333</zone>
          </city> 
		  <city name="Cajamarca">
               <zone>-5$-78.4667$-7.13333</zone>
          </city> 
		   <city name="Callao">
               <zone>-5$-77.1333$-12.0333</zone>
          </city>
		  
          <city name="Cuzco (Cusco)">
               <zone>-5$-71.9833$-13.55</zone>
          </city> 
		   <city name="Huancavelica">
               <zone>-5$-75.0333$-12.7667</zone>
          </city>
		  
          <city name="Hu?nuco">
               <zone>-5$-75.75$-9.9</zone>
          </city> 
          <city name="Tingo Mar?a">
               <zone>-5$-75.95$-9.13333</zone>
          </city> 
		   <city name="Ica">
               <zone>-5$-75.1667$-15.3833</zone>
          </city> 
          <city name="Pisco">
               <zone>-5$-76.2833$-13.75</zone>
          </city> 
		  <city name="Atalaya">
               <zone>-5$-73.7833$-10.7333</zone>
          </city> 
          <city name="Huancayo">
               <zone>-5$-75.2333$-12.0667</zone>
          </city> 
		  
          <city name="Trujillo">
               <zone>-5$-79.0333$-8.1</zone>
          </city> 
		    <city name="Chiclayo">
               <zone>-5$-79.8333$-6.78333</zone>
          </city> 
		    <city name="Lima">
               <zone>-5$-77.1167$-12</zone>
          </city> 
		  
          <city name="Iquitos">
               <zone>-5$-73.25$-3.75</zone>
          </city> 
          <city name="Yurimaguas">
               <zone>-5$-76.0833$-5.9</zone>
          </city> 
		  
          <city name="Puerto Maldonado">
               <zone>-5$-69.2$-12.6333</zone>
          </city> 
		    <city name="Moquegua">
               <zone>-5$-70.9333$-17.2</zone>
          </city> 
		  
          <city name="Cerro de Pasco">
               <zone>-5$-76.2667$-10.6833</zone>
          </city> 
		      <city name="Paita">
               <zone>-5$-81.1167$-5.1</zone>
          </city> 
          <city name="Piura">
               <zone>-5$-80.6$-5.18333</zone>
          </city> 
          <city name="Sullana">
               <zone>-5$-80.6833$-4.88333</zone>
          </city> 
          <city name="Talara">
               <zone>-5$-81.25$-4.56667</zone>
          </city> 
		  
          <city name="Juliaca">
               <zone>-5$-70.15$-15.4833</zone>
          </city> 
          <city name="Puno">
               <zone>-5$-70.0333$-15.8333</zone>
          </city> 
		     <city name="Juanju?">
               <zone>-5$-76.7167$-7.21667</zone>
          </city> 
          <city name="Moyobamba">
               <zone>-5$-76.6167$-6.05</zone>
          </city> 
          <city name="Tarapoto">
               <zone>-5$-76.3833$-6.45</zone>
          </city> 
		  
          <city name="Tacna">
               <zone>-5$-70.3$-18.0667</zone>
          </city> 
		            <city name="Tumbes">
               <zone>-5$-80.4$-3.55</zone>
          </city> 
		   <city name="Pucallpa">
               <zone>-5$-74.6$-8.41667</zone>
          </city> 
     </country>
	      <country count="PUERTO RICO">

          <city name="Aguadilla">
               <zone>-4$-67.1333$18.5</zone>
          </city> 
          <city name="Arecibo">
               <zone>-4$-66.7167$18.4667</zone>
          </city> 
          <city name="Bayamón">
               <zone>-4$-66.1667$18.4</zone>
          </city> 
          <city name="Cabo Rojo">
               <zone>-4$-67.15$18.0833</zone>
          </city> 
          <city name="Caguas">
               <zone>-4$-66.05$18.2333</zone>
          </city> 
          <city name="Cañovanas">
               <zone>-4$-65.9$18.3833</zone>
          </city> 
          <city name="Caparra Hills">
               <zone>-4$-66.1$18.4</zone>
          </city> 
          <city name="Carolina">
               <zone>-4$-65.95$18.3833</zone>
          </city> 
          <city name="Cataño">
               <zone>-4$-66.1167$18.45</zone>
          </city> 
          <city name="Cayey">
               <zone>-4$-66.1667$18.1167</zone>
          </city> 
          <city name="Coamo">
               <zone>-4$-66.3667$18.0833</zone>
          </city> 
          <city name="Comerio">
               <zone>-4$-66.2333$18.2167</zone>
          </city> 
          <city name="Culebra Island">
               <zone>-4$-65.3167$18.3</zone>
          </city> 
          <city name="Desecheo Island">
               <zone>-4$-67.4667$18.3833</zone>
          </city> 
          <city name="Fajardo">
               <zone>-4$-65.65$18.3333</zone>
          </city> 
          <city name="Guayama">
               <zone>-4$-66.1167$17.9833</zone>
          </city> 
          <city name="Guaynabo">
               <zone>-4$-66.1167$18.3667</zone>
          </city> 
          <city name="Humacao">
               <zone>-4$-65.8333$18.15</zone>
          </city> 
          <city name="Isabela">
               <zone>-4$-67.0167$18.5</zone>
          </city> 
          <city name="Isla de Vieques">
               <zone>-4$-65.45$18.1667</zone>
          </city> 
          <city name="Juana Diaz">
               <zone>-4$-66.5$18.05</zone>
          </city> 
          <city name="Juncos">
               <zone>-4$-65.9167$18.2333</zone>
          </city> 
          <city name="Manatí">
               <zone>-4$-66.5$18.4333</zone>
          </city> 
          <city name="Mayagüez">
               <zone>-4$-67.15$18.2667</zone>
          </city> 
          <city name="Naguabo">
               <zone>-4$-65.7333$18.2167</zone>
          </city> 
          <city name="Playa de Guanica">
               <zone>-4$-66.9167$17.9667</zone>
          </city> 
          <city name="Ponce">
               <zone>-4$-66.5667$18.0167</zone>
          </city> 
          <city name="Roosevelt">
               <zone>-4$-65.6333$18.25</zone>
          </city> 
          <city name="San Germán">
               <zone>-4$-67.0333$18.0667</zone>
          </city> 
          <city name="San Juan">
               <zone>-4$-66$18.45</zone>
          </city> 
          <city name="Santa Isabel">
               <zone>-4$-66.4$17.95</zone>
          </city> 
          <city name="Toa Baja">
               <zone>-4$-66.2667$18.45</zone>
          </city> 
          <city name="Utuado">
               <zone>-4$-66.7$18.2667</zone>
          </city> 
          <city name="Vega Alta">
               <zone>-4$-66.3333$18.4167</zone>
          </city> 
          <city name="Vega Baja">
               <zone>-4$-66.3833$18.45</zone>
          </city> 
          <city name="Yauco">
               <zone>-4$-66.85$18.0333</zone>
          </city> 
     </country>
	      <country count="TRINIDAD AND TOBAGO">

          <city name="Chaguaramas">
               <zone>-4$-61.5833$10.6667</zone>
          </city> 
          <city name="La Brea">
               <zone>-4$-61.6167$10.25</zone>
          </city> 
          <city name="Marabella">
               <zone>-4$-61.45$10.2833</zone>
          </city> 
          <city name="Piarco">
               <zone>-4$-61.3333$10.6167</zone>
          </city> 
          <city name="Plymouth">
               <zone>-4$-60.7833$11.2167</zone>
          </city> 
          <city name="Pointe–à–Pierre">
               <zone>-4$-61.4667$10.25</zone>
          </city> 
          <city name="Port–of–Spain">
               <zone>-4$-61.35$10.6167</zone>
          </city> 
          <city name="San Fernando">
               <zone>-4$-61.4667$10.2833</zone>
          </city> 
          <city name="Scarborough">
               <zone>-4$-60.7333$11.1833</zone>
          </city> 
          <city name="Tunapuna">
               <zone>-4$-61.3833$10.6333</zone>
          </city> 
          <city name="Vista Bella">
               <zone>-4$-61.45$10.2833</zone>
          </city> 
     </country>
	      <country count="URUGUAY">

          <city name="Artigas">
               <zone>-2$-56.5$-30.3833</zone>
          </city> 
          <city name="Colonia del Sacramento">
               <zone>-2$-57.8333$-34.45</zone>
          </city> 
          <city name="Durazno">
               <zone>-2$-56.5$-33.35</zone>
          </city> 
          <city name="Las Piedras">
               <zone>-2$-56.2167$-34.7333</zone>
          </city> 
          <city name="Maldonado">
               <zone>-2$-54.9167$-34.9167</zone>
          </city> 
          <city name="Melo">
               <zone>-2$-54.2167$-32.3667</zone>
          </city> 
          <city name="Mercedes">
               <zone>-2$-58.0667$-33.25</zone>
          </city> 
          <city name="Montevideo">
               <zone>-2$-56.1833$-34.8833</zone>
          </city> 
          <city name="Paysand?">
               <zone>-2$-58.0333$-32.3333</zone>
          </city> 
          <city name="Punta del Este">
               <zone>-2$-54.95$-34.9667</zone>
          </city> 
          <city name="Rivera">
               <zone>-2$-55.5333$-30.8833</zone>
          </city> 
          <city name="Rocha">
               <zone>-2$-54.3333$-34.4833</zone>
          </city> 
          <city name="Salto">
               <zone>-2$-57.95$-31.3833</zone>
          </city> 
          <city name="San José de Mayo">
               <zone>-2$-56.7$-34.3333</zone>
          </city> 
          <city name="Tacuaremb?">
               <zone>-2$-55.9833$-31.7</zone>
          </city> 
          <city name="Treinta Y Tres">
               <zone>-2$-54.3833$-33.2167</zone>
          </city> 
     </country>
	  
	 
		  
		 
	
   </xml>