<?xml version="1.0"?>
<stream>

<mp3>
	<name>مسلسل كليم الله عليه السلام</name>
	<icon>kalemallah.png</icon>
	<type>http:4097:512</type>
	<url>....</url>
</mp3>
<mp3>
	<name>مسلسل حبيب الله صلى الله عليه وسلم</name>
	<icon>habiballah.png</icon>
	<type>http:4097:512</type>
	<url>....</url>
</mp3>
<mp3>
	<name>مسلسل خليل الله عليه السلام</name>
	<icon>khalilallah1.png</icon>
	<type>http:4097:512</type>
	<url>....</url>
</mp3>
<mp3>
	<name>قصص النساء فى القرأن</name>
	<icon>kassasnissaa.png</icon>
	<type>http:4097:512</type>
	<url>....</url>
</mp3>

</stream>
