<?xml version="1.0"?>
<stream>

<mp3>
	<name>الحلقة الأولى</name>
	<icon>quran98989.png</icon>
	<type>http:4097:0</type>
	<url>http://5.135.130.8:8081/vod5/vod/78/851/78851.mp4</url>
</mp3>


<mp3>
	<name>الحلقة الثالثة</name>
	<icon>Ahmad-Alajamy.png</icon>
	<type>http:4097:512</type>
	<url>http://5.135.130.8:8081/vod5/vod/79/068/79068.mp4</url>
</mp3>
<mp3>
	<name>الحلقة الرابعة</name>
	<icon>Ahmad-Alajamy.png</icon>
	<type>http:4097:512</type>
	<url>http://5.135.130.8:8081/vod5/vod/79/228/79228.mp4</url>
</mp3>
<mp3>
	<name>الحلقة الخامسة</name>
	<icon>Ahmad-Alajamy.png</icon>
	<type>http:4097:512</type>
	<url>http://5.135.130.8:8081/vod5/vod/79/278/79278.mp4</url>
</mp3>
<mp3>
	<name>الحلقة السادسة</name>
	<icon>Ahmad-Alajamy.png</icon>
	<type>http:4097:512</type>
	<url>http://5.135.130.8:8081/vod5/vod/79/404/79404.mp4</url>
</mp3>
<mp3>
	<name>الحلقة السابعة</name>
	<icon>Ahmad-Alajamy.png</icon>
	<type>http:4097:512</type>
	<url>http://5.135.130.8:8081/vod5/vod/79/772/79772.mp4</url>
</mp3>
<mp3>
	<name>الحلقة الثامنة</name>
	<icon>Ahmad-Alajamy.png</icon>
	<type>http:4097:512</type>
	<url>http://5.135.130.8:8081/vod5/vod/79/781/79781.mp4</url>
</mp3>
<mp3>
	<name>الحلقة التاسعة</name>
	<icon>Ahmad-Alajamy.png</icon>
	<type>http:4097:512</type>
	<url>http://5.135.130.8:8081/vod5/vod/79/856/79856.mp4</url>
</mp3>
<mp3>
	<name>الحلقة العاشرة</name>
	<icon>Ahmad-Alajamy.png</icon>
	<type>http:4097:512</type>
	<url>http://5.135.130.8:8081/vod5/vod/80/010/80010.mp4</url>
</mp3>
<mp3>
	<name>الحلقة الحادية عشر</name>
	<icon>Ahmad-Alajamy.png</icon>
	<type>http:4097:512</type>
	<url>http://5.135.130.8:8081/vod5/vod/80/140/80140.mp4</url>
</mp3>
<mp3>
	<name>الحلقة الثانية عشر</name>
	<icon>Ahmad-Alajamy.png</icon>
	<type>http:4097:512</type>
	<url>http://5.135.130.8:8081/vod5/vod/80/265/80265.mp4</url>
</mp3>
<mp3>
	<name>الحلقة الثالثة عشر</name>
	<icon>Ahmad-Alajamy.png</icon>
	<type>http:4097:512</type>
	<url>http://5.135.130.8:8081/vod5/vod/80/393/80393.mp4</url>
</mp3>
<mp3>
	<name>الحلقة الرابعة عشر</name>
	<icon>Ahmad-Alajamy.png</icon>
	<type>http:4097:512</type>
	<url>http://5.135.130.8:8081/vod5/vod/80/536/80536.mp4</url>
</mp3>
<mp3>
	<name>الحلقة الخامسة عشر</name>
	<icon>Ahmad-Alajamy.png</icon>
	<type>http:4097:512</type>
	<url>http://5.135.130.8:8081/vod5/vod/80/649/80649.mp4</url>
</mp3>
<mp3>
	<name>الحلقة السادسة عشر</name>
	<icon>Ahmad-Alajamy.png</icon>
	<type>http:4097:512</type>
	<url>http://5.135.130.8:8081/vod5/vod/80/771/80771.mp4</url>
</mp3>
<mp3>
	<name>الحلقة السابعة عشر</name>
	<icon>Ahmad-Alajamy.png</icon>
	<type>http:4097:512</type>
	<url>http://5.135.130.8:8081/vod5/vod/80/905/80905.mp4</url>
</mp3>
<mp3>
	<name>الحلقة الثامنة عشر</name>
	<icon>Ahmad-Alajamy.png</icon>
	<type>http:4097:512</type>
	<url>http://5.135.130.8:8081/vod5/vod/81/032/81032.mp4</url>
</mp3>
<mp3>
	<name>الحلقة التاسعة عشر</name>
	<icon>Ahmad-Alajamy.png</icon>
	<type>http:4097:512</type>
	<url>http://5.135.130.8:8081/vod5/vod/81/148/81148.mp4</url>
</mp3>
<mp3>
	<name>الحلقة العشرون</name>
	<icon>Ahmad-Alajamy.png</icon>
	<type>http:4097:512</type>
	<url>http://5.135.130.8:8081/vod5/vod/81/270/81270.mp4</url>
</mp3>
<mp3>
	<name>الحلقة الحادية والعشرون</name>
	<icon>Ahmad-Alajamy.png</icon>
	<type>http:4097:512</type>
	<url>http://5.135.130.8:8081/vod5/vod/81/396/81396.mp4</url>
</mp3>
<mp3>
	<name>الحلقة الثانية والعشرون</name>
	<icon>Ahmad-Alajamy.png</icon>
	<type>http:4097:512</type>
	<url>http://5.135.130.8:8081/vod5/vod/81/516/81516.mp4</url>
</mp3>
<mp3>
	<name>الحلقة الثالثة والعشرون</name>
	<icon>Ahmad-Alajamy.png</icon>
	<type>http:4097:512</type>
	<url>http://5.135.130.8:8081/vod5/vod/81/634/81634.mp4</url>
</mp3>
<mp3>
	<name>الحلقة الرابعة والعشرون</name>
	<icon>Ahmad-Alajamy.png</icon>
	<type>http:4097:512</type>
	<url>http://5.135.130.8:8081/vod5/vod/81/762/81762.mp4</url>
</mp3>
<mp3>
	<name>الحلقة الخامسة والعشرون</name>
	<icon>Ahmad-Alajamy.png</icon>
	<type>http:4097:512</type>
	<url>http://5.135.130.8:8081/vod5/vod/81/902/81902.mp4</url>
</mp3>
<mp3>
	<name>الحلقة السادسة والعشرون</name>
	<icon>Ahmad-Alajamy.png</icon>
	<type>http:4097:512</type>
	<url>http://5.135.130.8:8081/vod5/vod/82/038/82038.mp4</url>
</mp3>
<mp3>
	<name>الحلقة السابعة والعشرون</name>
	<icon>Ahmad-Alajamy.png</icon>
	<type>http:4097:512</type>
	<url>http://5.135.130.8:8081/vod5/vod/82/174/82174.mp4</url>
</mp3>
<mp3>
	<name>الحلقة الثامنة والعشرون</name>
	<icon>Ahmad-Alajamy.png</icon>
	<type>http:4097:512</type>
	<url>http://5.135.130.8:8081/vod5/vod/82/308/82308.mp4</url>
</mp3>
<mp3>
	<name>الحلقة التاسعة والعشرون</name>
	<icon>Ahmad-Alajamy.png</icon>
	<type>http:4097:512</type>
	<url>http://5.135.130.8:8081/vod5/vod/82/436/82436.mp4</url>
</mp3>
<mp3>
	<name>الحلقة الثلاثون</name>
	<icon>Ahmad-Alajamy.png</icon>
	<type>http:4097:512</type>
	<url>http://5.135.130.8:8081/vod5/vod/82/562/82562.mp4</url>
</mp3>
</stream>
