<?xml version="1.0"?>
<stream>
<mp3>
	<name>الحلقة 1</name>
	<icon>quran.png</icon>
	<type>http:4097:512</type>
	<url>http://www.youtube.com/embed/QzbXNHpU9hI?</url>
</mp3>
<mp3>
	<name>الحلقة2</name>
	<icon>quran.png</icon>
	<type>http:4097:512</type>
	<url>http://www.youtube.com/embed/V3OLubd-SD8?</url>
</mp3>
<mp3>
	<name>الحلقة 3</name>
	<icon>quran.png</icon>
	<type>http:4097:512</type>
	<url>http://www.youtube.com/embed/1lh5c7Pdq4I?</url>
</mp3>
<mp3>
	<name>الحلقة 4</name>
	<icon>quran.png</icon>
	<type>http:4097:512</type>
	<url>http://www.youtube.com/embed/sXqglNQ5blo?</url>
</mp3>
<mp3>
	<name>الحلقة 5</name>
	<icon>quran.png</icon>
	<type>http:4097:512</type>
	<url>http://www.youtube.com/embed/xeSKNGH93bM?</url>
</mp3>
<mp3>
	<name>الحلقة 6</name>
	<icon>quran.png</icon>
	<type>http:4097:512</type>
	<url>http://www.youtube.com/embed/p8N1AuoOmCc?</url>
</mp3>
<mp3>
	<name>الحلقة 7</name>
	<icon>quran.png</icon>
	<type>http:4097:512</type>
	<url>http://www.youtube.com/embed/XGJR8vSyKyg?</url>
</mp3>
<mp3>
	<name>الحلقة 8</name>
	<icon>quran.png</icon>
	<type>http:4097:512</type>
	<url>http://www.youtube.com/embed/2IFLCC2DZ6g?</url>
</mp3>
<mp3>
	<name>الحلقة 9</name>
	<icon>quran.png</icon>
	<type>http:4097:512</type>
	<url>http://www.youtube.com/embed/meUbBNGYvVE?</url>
</mp3>
<mp3>
	<name>الحلقة 10</name>
	<icon>quran.png</icon>
	<type>http:4097:512</type>
	<url>http://www.youtube.com/embed/9T91edNTxnw?</url>
</mp3>
<mp3>
	<name>الحلقة 11</name>
	<icon>quran.png</icon>
	<type>http:4097:512</type>
	<url>http://www.youtube.com/embed/fSASmyJISXU?</url>
</mp3>
<mp3>
	<name>الحلقة 12</name>
	<icon>quran.png</icon>
	<type>http:4097:512</type>
	<url>http://www.youtube.com/embed/_1uytlqRkm0?</url>
</mp3>
<mp3>
	<name>الحلقة 13</name>
	<icon>quran.png</icon>
	<type>http:4097:512</type>
	<url>http://www.youtube.com/embed/dUp9OmUVVWw?</url>
</mp3>
<mp3>
	<name>الحلقة 14</name>
	<icon>quran.png</icon>
	<type>http:4097:512</type>
	<url>http://www.youtube.com/embed/H87lw9W-t2c?</url>
</mp3>
<mp3>
	<name>الحلقة 15</name>
	<icon>quran.png</icon>
	<type>http:4097:512</type>
	<url>http://www.youtube.com/embed/tVOXDC9px9k?</url>
</mp3>
<mp3>
	<name>الحلقة 16</name>
	<icon>quran.png</icon>
	<type>http:4097:512</type>
	<url>http://www.youtube.com/embed/7rzwSI3_w2s?</url>
</mp3>
<mp3>
	<name>الحلقة 17</name>
	<icon>quran.png</icon>
	<type>http:4097:512</type>
	<url>http://www.youtube.com/embed/vxkTlwEZl4g?</url>
</mp3>
<mp3>
	<name>الحلقة 18</name>
	<icon>quran.png</icon>
	<type>http:4097:512</type>
	<url>http://www.youtube.com/embed/gjpQWQnUUSg?</url>
</mp3>
<mp3>
	<name>الحلقة 19</name>
	<icon>quran.png</icon>
	<type>http:4097:512</type>
	<url>http://www.youtube.com/embed/P4LMh0zUHzM?</url>
</mp3>
<mp3>
	<name>الحلقة 20</name>
	<icon>quran.png</icon>
	<type>http:4097:512</type>
	<url>http://www.youtube.com/embed/dSTFvVG4f9w?</url>
</mp3>
<mp3>
	<name>الحلقة 21</name>
	<icon>quran.png</icon>
	<type>http:4097:512</type>
	<url>http://www.youtube.com/embed/jbZcM7t_RoE?</url>
</mp3>
<mp3>
	<name>الحلقة 22</name>
	<icon>quran.png</icon>
	<type>http:4097:512</type>
	<url>http://www.youtube.com/embed/PKxhLw7HewI?</url>
</mp3>
<mp3>
	<name>الحلقة 23</name>
	<icon>quran.png</icon>
	<type>http:4097:512</type>
	<url>http://www.youtube.com/embed/GEutlHKCXzc?</url>
</mp3>
<mp3>
	<name>الحلقة 24</name>
	<icon>quran.png</icon>
	<type>http:4097:512</type>
	<url>http://www.youtube.com/embed/nmABC7mWuiA?</url>
</mp3>
<mp3>
	<name>الحلقة 25</name>
	<icon>quran.png</icon>
	<type>http:4097:512</type>
	<url>http://www.youtube.com/embed/icSTxss2jJ8?</url>
</mp3>
<mp3>
	<name>الحلقة 26</name>
	<icon>quran.png</icon>
	<type>http:4097:512</type>
	<url>http://www.youtube.com/embed/_QaAp9fQxjA?</url>
</mp3>
<mp3>
	<name>الحلقة 27</name>
	<icon>quran.png</icon>
	<type>http:4097:512</type>
	<url>http://www.youtube.com/embed/9-Ww5Bzf_1k?</url>
</mp3>
<mp3>
	<name>الحلقة 28</name>
	<icon>quran.png</icon>
	<type>http:4097:512</type>
	<url>http://www.youtube.com/embed/5fJyHzbou8g?</url>
</mp3>
<mp3>
	<name>الحلقة29</name>
	<icon>quran.png</icon>
	<type>http:4097:512</type>
	<url>http://www.youtube.com/embed/kGWjjFTAUHY?</url>
</mp3>
<mp3>
	<name>الحلقة 30</name>
	<icon>quran.png</icon>
	<type>http:4097:512</type>
	<url>https://www.youtube.com/embed/6gFW3zWsJqE?</url>
</mp3>
</stream>
