<?xml version="1.0"?>
<stream>
<mp3>
	<name>الحلقة 1</name>
	<icon>quran.png</icon>
	<type>http:4097:512</type>
	<url>http://www.youtube.com/embed/RQdRYH8qcbY</url>
</mp3>
<mp3>
	<name>الحلقة2</name>
	<icon>quran.png</icon>
	<type>http:4097:512</type>
	<url>http://www.youtube.com/embed/1H1irm7ltE</url>
</mp3>
<mp3>
	<name>الحلقة 3</name>
	<icon>quran.png</icon>
	<type>http:4097:512</type>
	<url>"http://www.youtube.com/embed/0ccIySd4NGQ</url>
</mp3>
<mp3>
	<name>الحلقة 4</name>
	<icon>quran.png</icon>
	<type>http:4097:512</type>
	<url>http://www.youtube.com/embed/H74ytPCv4aU</url>
</mp3>
<mp3>
	<name>الحلقة 5</name>
	<icon>quran.png</icon>
	<type>http:4097:512</type>
	<url>http://www.youtube.com/embed/ofa3frUpRL0</url>
</mp3>
<mp3>
	<name>الحلقة 6</name>
	<icon>quran.png</icon>
	<type>http:4097:512</type>
	<url>http://www.youtube.com/embed/33YUOHnxqKM</url>
</mp3>
<mp3>
	<name>الحلقة 7</name>
	<icon>quran.png</icon>
	<type>http:4097:512</type>
	<url>http://www.youtube.com/embed/NL2dr8b94uc</url>
</mp3>
<mp3>
	<name>الحلقة 8</name>
	<icon>quran.png</icon>
	<type>http:4097:512</type>
	<url>http://www.youtube.com/embed/BZirEtErM5s</url>
</mp3>
<mp3>
	<name>الحلقة 9</name>
	<icon>quran.png</icon>
	<type>http:4097:512</type>
	<url>http://www.youtube.com/embed/xcwhMJ28AoQ</url>
</mp3>
<mp3>
	<name>الحلقة 10</name>
	<icon>quran.png</icon>
	<type>http:4097:512</type>
	<url>http://www.youtube.com/embed/HcvqM4oEKR8</url>
</mp3>
<mp3>
	<name>الحلقة 11</name>
	<icon>quran.png</icon>
	<type>http:4097:512</type>
	<url>http://www.youtube.com/embed/04QvwaPq5BA</url>
</mp3>
<mp3>
	<name>الحلقة 12</name>
	<icon>quran.png</icon>
	<type>http:4097:512</type>
	<url>http://www.youtube.com/embed/2aIqgs_gsws</url>
</mp3>
<mp3>
	<name>الحلقة 13</name>
	<icon>quran.png</icon>
	<type>http:4097:512</type>
	<url>http://www.youtube.com/embed/8aSxo84sbog</url>
</mp3>
<mp3>
	<name>الحلقة 14</name>
	<icon>quran.png</icon>
	<type>http:4097:512</type>
	<url>http://www.youtube.com/embed/bZlor53-4qM</url>
</mp3>
<mp3>
	<name>الحلقة 15</name>
	<icon>quran.png</icon>
	<type>http:4097:512</type>
	<url>http://www.youtube.com/embed/iwPCKTpKW-o</url>
</mp3>
<mp3>
	<name>الحلقة 16</name>
	<icon>quran.png</icon>
	<type>http:4097:512</type>
	<url>http://www.youtube.com/embed/0CcJN29xI-4</url>
</mp3>
<mp3>
	<name>الحلقة 17</name>
	<icon>quran.png</icon>
	<type>http:4097:512</type>
	<url>http://www.youtube.com/embed/IyGYNkJCSz4</url>
</mp3>
<mp3>
	<name>الحلقة 18</name>
	<icon>quran.png</icon>
	<type>http:4097:512</type>
	<url>http://www.youtube.com/embed/oRfLjNxP0aA</url>
</mp3>
<mp3>
	<name>الحلقة 19</name>
	<icon>quran.png</icon>
	<type>http:4097:512</type>
	<url>http://www.youtube.com/embed/I9daINvA4tg</url>
</mp3>
<mp3>
	<name>الحلقة 20</name>
	<icon>quran.png</icon>
	<type>http:4097:512</type>
	<url>http://www.youtube.com/embed/5NxHpRKLI8s</url>
</mp3>
<mp3>
	<name>الحلقة 21</name>
	<icon>quran.png</icon>
	<type>http:4097:512</type>
	<url>http://www.youtube.com/embed/9uyhgvIv_t8</url>
</mp3>
<mp3>
	<name>الحلقة 22</name>
	<icon>quran.png</icon>
	<type>http:4097:512</type>
	<url>http://www.youtube.com/embed/1GRgGb_XFHw</url>
</mp3>
<mp3>
	<name>الحلقة 23</name>
	<icon>quran.png</icon>
	<type>http:4097:512</type>
	<url>http://www.youtube.com/embed/hvNT3Fcg9n4</url>
</mp3>
<mp3>
	<name>الحلقة 24</name>
	<icon>quran.png</icon>
	<type>http:4097:512</type>
	<url>http://www.youtube.com/embed/JZuTS8zl-30</url>
</mp3>
<mp3>
	<name>الحلقة 25</name>
	<icon>quran.png</icon>
	<type>http:4097:512</type>
	<url>http://www.youtube.com/embed/jEPJ4Q4EEx4</url>
</mp3>
<mp3>
	<name>الحلقة 26</name>
	<icon>quran.png</icon>
	<type>http:4097:512</type>
	<url>http://www.youtube.com/embed/t2FPl46mQRk</url>
</mp3>
<mp3>
	<name>الحلقة 27</name>
	<icon>quran.png</icon>
	<type>http:4097:512</type>
	<url>http://www.youtube.com/embed/7a4wjkaag7s</url>
</mp3>
<mp3>
	<name>الحلقة 28</name>
	<icon>quran.png</icon>
	<type>http:4097:512</type>
	<url>http://www.youtube.com/embed/wEO9ISa3ocI</url>
</mp3>
<mp3>
	<name>الحلقة29</name>
	<icon>quran.png</icon>
	<type>http:4097:512</type>
	<url>http://www.youtube.com/embed/uIbrDgPAQoU</url>
</mp3>
<mp3>
	<name>الحلقة 30</name>
	<icon>quran.png</icon>
	<type>http:4097:512</type>
	<url>https://www.youtube.com/embed/u-tsdtgSN8k</url>
</mp3>
</stream>
