<?xml version="1.0"?>
<stream>
<mp3>
	<name>الحلقة 1</name>
	<icon>quran.png</icon>
	<type>http:4097:512</type>
	<url>http://www.youtube.com/embed/WrP9tHnyfLA</url>
</mp3>
<mp3>
	<name>الحلقة2</name>
	<icon>quran.png</icon>
	<type>http:4097:512</type>
	<url>http://www.youtube.com/embed/O_S_uxrUgdg</url>
</mp3>
<mp3>
	<name>الحلقة 3</name>
	<icon>quran.png</icon>
	<type>http:4097:512</type>
	<url>"http://www.youtube.com/embed/CXuPCK9GmVg</url>
</mp3>
<mp3>
	<name>الحلقة 4</name>
	<icon>quran.png</icon>
	<type>http:4097:512</type>
	<url>http://www.youtube.com/embed/9shrKj8QhRo</url>
</mp3>
<mp3>
	<name>الحلقة 5</name>
	<icon>quran.png</icon>
	<type>http:4097:512</type>
	<url>http://www.youtube.com/embed/bX2tXXIQp50</url>
</mp3>
<mp3>
	<name>الحلقة 6</name>
	<icon>quran.png</icon>
	<type>http:4097:512</type>
	<url>http://www.youtube.com/embed/QCHDpsk9Qgw</url>
</mp3>
<mp3>
	<name>الحلقة 7</name>
	<icon>quran.png</icon>
	<type>http:4097:512</type>
	<url>http://www.youtube.com/embed/mSpX9HmROGM</url>
</mp3>
<mp3>
	<name>الحلقة 8</name>
	<icon>quran.png</icon>
	<type>http:4097:512</type>
	<url>http://www.youtube.com/embed/sdsR-Fn5HnA</url>
</mp3>
<mp3>
	<name>الحلقة 9</name>
	<icon>quran.png</icon>
	<type>http:4097:512</type>
	<url>http://www.youtube.com/embed/OvVox2dKfs4</url>
</mp3>
<mp3>
	<name>الحلقة 10</name>
	<icon>quran.png</icon>
	<type>http:4097:512</type>
	<url>http://www.youtube.com/embed/2CTzAfgHeb4</url>
</mp3>
<mp3>
	<name>الحلقة 11</name>
	<icon>quran.png</icon>
	<type>http:4097:512</type>
	<url>http://www.youtube.com/embed/-iRc71uMhI4</url>
</mp3>
<mp3>
	<name>الحلقة 12</name>
	<icon>quran.png</icon>
	<type>http:4097:512</type>
	<url>http://www.youtube.com/embed/VRSueie4bXg</url>
</mp3>
<mp3>
	<name>الحلقة 13</name>
	<icon>quran.png</icon>
	<type>http:4097:512</type>
	<url>http://www.youtube.com/embed/EI-FriXxzMY</url>
</mp3>
<mp3>
	<name>الحلقة 14</name>
	<icon>quran.png</icon>
	<type>http:4097:512</type>
	<url>http://www.youtube.com/embed/yehr4coJCZQ</url>
</mp3>
<mp3>
	<name>الحلقة 15</name>
	<icon>quran.png</icon>
	<type>http:4097:512</type>
	<url>http://www.youtube.com/embed/BfVlfojXebI</url>
</mp3>
<mp3>
	<name>الحلقة 16</name>
	<icon>quran.png</icon>
	<type>http:4097:512</type>
	<url>http://www.youtube.com/embed/rS0X6eYOwcE</url>
</mp3>
<mp3>
	<name>الحلقة 17</name>
	<icon>quran.png</icon>
	<type>http:4097:512</type>
	<url>http://www.youtube.com/embed/AzFbJXikekE</url>
</mp3>
<mp3>
	<name>الحلقة 18</name>
	<icon>quran.png</icon>
	<type>http:4097:512</type>
	<url>http://www.youtube.com/embed/l-lEhVcEVOo</url>
</mp3>
<mp3>
	<name>الحلقة 19</name>
	<icon>quran.png</icon>
	<type>http:4097:512</type>
	<url>http://www.youtube.com/embed/5GHhP8dVLDQ</url>
</mp3>
<mp3>
	<name>الحلقة 20</name>
	<icon>quran.png</icon>
	<type>http:4097:512</type>
	<url>http://www.youtube.com/embed/s9tEpXhqJQk</url>
</mp3>
<mp3>
	<name>الحلقة 21</name>
	<icon>quran.png</icon>
	<type>http:4097:512</type>
	<url>http://www.youtube.com/embed/DhmT2WSgy9A</url>
</mp3>
<mp3>
	<name>الحلقة 22</name>
	<icon>quran.png</icon>
	<type>http:4097:512</type>
	<url>http://www.youtube.com/embed/482eNn_Cpkw</url>
</mp3>
<mp3>
	<name>الحلقة 23</name>
	<icon>quran.png</icon>
	<type>http:4097:512</type>
	<url>http://www.youtube.com/embed/5CgZ09ZXpQY</url>
</mp3>
<mp3>
	<name>الحلقة 24</name>
	<icon>quran.png</icon>
	<type>http:4097:512</type>
	<url>http://www.youtube.com/embed/567adM_jLfk</url>
</mp3>
<mp3>
	<name>الحلقة 25</name>
	<icon>quran.png</icon>
	<type>http:4097:512</type>
	<url>http://www.youtube.com/embed/v3Sj0chd-o0</url>
</mp3>
<mp3>
	<name>الحلقة 26</name>
	<icon>quran.png</icon>
	<type>http:4097:512</type>
	<url>http://www.youtube.com/embed/9nzvAtu2SVs</url>
</mp3>
<mp3>
	<name>الحلقة 27</name>
	<icon>quran.png</icon>
	<type>http:4097:512</type>
	<url>http://www.youtube.com/embed/p_cEyR6JWUY</url>
</mp3>
<mp3>
	<name>الحلقة 28</name>
	<icon>quran.png</icon>
	<type>http:4097:512</type>
	<url>http://www.youtube.com/embed/edPTVTYQBJw</url>
</mp3>
<mp3>
	<name>الحلقة29</name>
	<icon>quran.png</icon>
	<type>http:4097:512</type>
	<url>http://www.youtube.com/embed/LWXWLHCdgSQ</url>
</mp3>
<mp3>
	<name>الحلقة 30</name>
	<icon>quran.png</icon>
	<type>http:4097:512</type>
	<url>https://www.youtube.com/embed/Z4ckiYrA-MU</url>
</mp3>
<!-- <mp3>
	<name>قصص النساء فى القرآن كاملا</name>
	<icon>quran.png</icon>
	<type>http:4097:512</type>
	<url>....</url>
</mp3> -->
</stream>
