﻿<?xml version="1.0"?>
<stream>

<mp3>
	<name>أحمد العجمي</name>
	<icon>Ahmad-Alajamy.png</icon>
	<type>rtsp:4097:512</type>
	<uri> http://archive.org/download/Ahmed_Al-Ajmi_Quran/</uri>
</mp3>


<mp3>
	<name>ماهر المعيقلي</name>
	<icon>Maher-Almuaiqly.png</icon>
	<type>rtsp:4097:512</type>
	<uri> http://archive.org/download/Maher_Al-Muaiqly_Quran/</uri>
</mp3>

<mp3>
	<name>سعد الغامدي</name>
	<icon>Saad-Alghamdi.png</icon>
	<type>rtsp:4097:512</type>
	<uri> http://archive.org/download/Saad_Alghamdi_Quran/</uri>
</mp3>

<mp3>
	<name>مشاري العفاسي</name>
	<icon>Mishary-Alafasy.png</icon>
	<type>rtsp:4097:512</type>
	<uri> http://archive.org/download/Mishary__Alafasy/</uri>
</mp3>

<mp3>
	<name>عبد الباسط  - مجود</name>
	<icon>Abdulbasit.png</icon>
	<type>rtsp:4097:512</type>
	<uri> http://archive.org/download/Abdulbasit-Abdulsamad/</uri>
</mp3>


<mp3>
	<name>هاني الرفاعي</name>
	<icon>Hani-Alrefai.png</icon>
	<type>rtsp:4097:512</type>
	<uri> http://archive.org/download/Hani_Arrifai/</uri>
</mp3>


<mp3>
	<name>ياسين الجزائري</name>
	<icon>Alqari-Yassen.png</icon>
	<type>rtsp:4097:512</type>
	<uri> http://archive.org/download/Yassine_El-Jazaery-Warsh_MoroccoVoice/</uri>
</mp3>

<mp3>
	<name>عبد الرحمن السديس</name>
	<icon>Abdulrahman-Alsudais.png</icon>
	<type>rtsp:4097:512</type>
	<uri> http://archive.org/download/Abdulrahman__Alsudais/</uri>
</mp3>


<mp3>
	<name>محمد صديق المنشاوي</name>
	<icon>Mohammad-Minshawi.png</icon>
	<type>rtsp:4097:512</type>
	<uri> http://archive.org/download/Al-Minshawy_Muratal_Quran/</uri>
</mp3>

<mp3>
	<name>خالد الجليل</name>
	<icon>Khalid-Jalil.png</icon>
	<type>rtsp:4097:512</type>
	<uri> http://archive.org/download/kaled_jalil/</uri>
</mp3>

<mp3>
	<name>خالد القحطاني</name>
	<icon>Khaled-Alqahtani.png</icon>
	<type>rtsp:4097:512</type>
	<uri> http://archive.org/download/khalid-alkahtaany-192kb-quranic/</uri>
</mp3>

<mp3>
	<name>فارس عباد</name>
	<icon>Fares-Abbad.png</icon>
	<type>rtsp:4097:512</type>
	<uri> http://archive.org/download/Fares___Abbad/</uri>
</mp3>

<mp3>
	<name>ياسر الدوسري</name>
	<icon>Yasser-Aldosari.png</icon>
	<type>rtsp:4097:512</type>
	<uri> http://archive.org/download/Yasser_Aldosari/</uri>
</mp3>

<mp3>
	<name>محمد محمود الطبلاوي</name>
	<icon>Mohamed-Mahmoud-Eltablawy.png</icon>
	<type>rtsp:4097:512</type>
	<uri> http://archive.org/download/Mohamed_ATablawi/</uri>
</mp3>

<mp3>
	<name>محمود خليل الحصري</name>
	<icon>Mahmoud-Khalil-Alhosari.png</icon>
	<type>rtsp:4097:512</type>
	<uri> http://archive.org/download/Mahmoud_Khalil_Al-Hosary/</uri>
</mp3>

<mp3>
	<name>صلاح البدير</name>
	<icon>Salah-Albudair.png</icon>
	<type>rtsp:4097:512</type>
	<uri> http://archive.org/download/Salah_Albudair_MP3_Quran/</uri>
</mp3>

<mp3>
	<name>ناصر القطامي</name>
	<icon>Nasser-Alqatami.png</icon>
	<type>rtsp:4097:512</type>
	<uri> http://archive.org/download/quran-recitation-recited-by---naser-alqttami-high-quality/</uri>
</mp3>

<mp3>
	<name>العيون الكوشي</name>
	<icon>Aleyoon-Alkoshi.png</icon>
	<type>rtsp:4097:512</type>
	<uri> http://archive.org/download/AlOyon_AlKoshi_Warsh/</uri>
</mp3>

<mp3>
	<name>سعود الشريم</name>
	<icon>Saud-Alshuraim.png</icon>
	<type>rtsp:4097:512</type>
	<uri> http://archive.org/download/Saud_Al-Shuraim_Quran/</uri>
</mp3>

<mp3>
	<name>محمد حسان</name>
	<icon>Mohamed-Hassan.png</icon>
	<type>rtsp:4097:512</type>
	<uri> http://archive.org/download/mohammad-hassan-128-160kb-quranic-torrnet-direct/</uri>
</mp3>


<mp3>
	<name>ادريس ابكر</name>
	<icon>edrees.png</icon>
	<type>rtsp:4097:512</type>
	<uri>http://server6.mp3quran.net/abkr/</uri>
	
</mp3>

<mp3>
	<name>ابوبكر الشاطري</name>
	<icon>alshateri.png</icon>
	<type>rtsp:4097:512</type>
	<uri>http://server11.mp3quran.net/shatri/</uri>
	
</mp3>


<mp3>
	<name>علي الحذيفي</name>
	<icon>hthfi.png</icon>
	<type>rtsp:4097:512</type>
	<uri>http://server9.mp3quran.net/hthfi/</uri>
	
</mp3>


<mp3>
	<name>عبدالله الجهني</name>
	<icon>jhn.png</icon>
	<type>rtsp:4097:512</type>
	<uri>http://server13.mp3quran.net/jhn/</uri>
	
</mp3>


<mp3>
	<name>صلاح بوخاطر</name>
	<icon>bu_khtr.png</icon>
	<type>rtsp:4097:512</type>
	<uri>http://server8.mp3quran.net/bu_khtr/</uri>
	
</mp3>
<mp3>
	<name>عادل الكلباني</name>
	<icon>a_klb.png</icon>
	<type>rtsp:4097:512</type>
	<uri>http://server8.mp3quran.net/a_klb/</uri>
	
</mp3>

<mp3>
	<name>نبيل الرفاعي</name>
	<icon>nabil.png</icon>
	<type>rtsp:4097:512</type>
	<uri>http://server9.mp3quran.net/nabil/</uri>
	
</mp3>


<mp3>
	<name>شيرزاد طاهر</name>
	<icon>taher.png</icon>
	<type>rtsp:4097:512</type>
	<uri>http://ia700408.us.archive.org/30/items/TvQuran.com__Shirazad/</uri>
	
</mp3>


<mp3>
	<name>عبدالله خياط</name>
	<icon>kyat.png</icon>
	<type>rtsp:4097:512</type>
	<uri>http://ia600302.us.archive.org/11/items/TvQuran.com__Khayat/</uri>
	
</mp3>
<mp3>
	<name>عبدالولي الاركاني</name>
	<icon>arkani.png</icon>
	<type>rtsp:4097:512</type>
	<uri>http://server6.mp3quran.net/arkani/</uri>
	
</mp3>


</stream>
