<skin>
<screen name="Extraspanel" title="Eight PANEL" backgroundColor="transparent" flags="wfNoBorder" position="0,center" size="1920,1080" transparent="0">
    <eLabel fname="" position="70,center" size="80,1080" zPosition="-10" />
    <eLabel name="" position="30,center" size="1025,940" zPosition="-15" />
    <eLabel name="" foregroundColor="white" backgroundColor="blue_light" position="170,130" size="860,2" zPosition="-9" />
    <!-- Widget -->
    <widget source="Title" render="Label"  font="Regular; 34" position="170,73" size="660,50" transparent="1" halign="left" foregroundColor="white" />
    <widget source="list" render="Listbox" enableWrapAround="1" position="170,150" scrollbarMode="showNever" size="860,810" transparent="1" zPosition="3">
      <convert type="TemplatedMultiContent">
                  {"template": [
                              MultiContentEntryText(pos = (20, 0), size = (930, 45), font=0, text=0, color = 0x00ffffff, color_sel = 0x00ffffff), # text 1 is the menu_entry,
                              MultiContentEntryText(pos = (20, 50), size = (930, 38), font=1, text=2, color = 0x00a4c400, color_sel = 0x00ffffff),# text 2 is the menu_enty_description
                               ],
                             "fonts": [gFont("Regular", 34), gFont("Regular", 27)],
                             "itemHeight": 90
                               }
      </convert>
    </widget>
    <ePixmap alphatest="blend" pixmap="colors/oe8.png" position="843,82" size="187,35" transparent="1" zPosition="10" />
    <!-- Clock -->
  </screen>
  <screen name="ScNewSelection" title="" backgroundColor="transparent" flags="wfNoBorder" position="center,center" size="1920,1080">
    <eLabel name="" position="30,center" size="1460,940" zPosition="-15" />
    <eLabel foregroundColor="white" name="" position="70,center" size="80,1080" zPosition="-11" valign="center" />
    <eLabel name="" foregroundColor="white" position="170,130" size="1300,2" zPosition="-9" />
    <!-- Widget -->
    <eLabel text="Softcam Configuration" font="Regular; 34" backgroundColor="OE_Background" foregroundColor="white" position="170,73" size="1300,50" transparent="1" />
    <widget name="cam" font="Regular; 30" halign="left" position="170,138" size="850,45" transparent="1" />
    <widget name="server" font="Regular; 30" foregroundColor="white" halign="right" position="620,138" size="850,45" transparent="1" />
    <eLabel backgroundColor="white" name="" position="170,188" size="1300,2" zPosition="-9" foregroundColor="white" />
    <widget name="entries" itemHeight="50" font="Regular; 32" scrollbarMode="showOnDemand" enableWrapAround="1" position="170,200" size="1300,300" transparent="1" foregroundColor="white" />
    <eLabel backgroundColor="white" name="" position="170,514" size="1300,2" zPosition="-9" />
    <widget name="text" font="Regular; 27" scrollbarMode="showOnDemand" position="170,490" size="650,450" transparent="1" foregroundColor="white" />
    <widget name="text1" font="Regular; 27" scrollbarMode="showOnDemand" position="820,490" size="650,450" transparent="1" foregroundColor="white" />
    <!-- Buttons-->
    <ePixmap alphatest="blend" pixmap="buttons/key_menu.png" position="78,960" size="64,43" />
    <!-- Buttons-->
    <eLabel backgroundColor="white" name="" position="170,945" size="1300,2" zPosition="-9" />
    <ePixmap alphatest="blend" pixmap="buttons/key_red.png" position="170,960" size="40,40" />
    <ePixmap alphatest="blend" pixmap="buttons/key_green.png" position="500,960" size="40,40" />
    <ePixmap alphatest="blend" pixmap="buttons/key_blue.png" position="830,960" size="40,40" />
    <widget name="key_red" font="Regular; 28" foregroundColor="white" position="220,960" size="270,40" transparent="1" zPosition="1" />
    <widget name="key_green" font="Regular; 28" foregroundColor="white" position="550,960" size="270,40" transparent="1" zPosition="1" />
    <widget name="key_blue" font="Regular; 28" foregroundColor="white" position="880,960" size="270,40" transparent="1" zPosition="1" />
    <!-- Clock -->
   
  </screen>
  <screen name="Ipkuninstall" title="IPK-uninstaller" backgroundColor="transparent" flags="wfNoBorder" position="center,center" size="1920,1080">
    <eLabel name="" position="30,center" size="1460,940" zPosition="-15" />
    <eLabel foregroundColor="white" name="" position="70,center" size="80,1080" zPosition="-11" valign="center" />
    <eLabel name="" foregroundColor="white" position="170,130" size="1300,2" zPosition="-9" />
    <!-- Widget -->
    <eLabel text="IPK - Uninstaller" font="Regular; 34" foregroundColor="white" position="170,73" size="1300,50" transparent="1" />
    <widget name="list" font="Regular; 30" itemHeight="50" scrollbarMode="showOnDemand" enableWrapAround="1" foregroundColor="white" position="170,center" size="1300,750" transparent="1" valign="center" />
    <eLabel backgroundColor="white" name="" position="170,945" size="1300,2" zPosition="-9" />
    <widget name="info" font="Regular; 30" position="170,954" size="1300,45" transparent="1" zPosition="1" halign="left" valign="center" />
    <!-- Clock -->

  </screen>
  <screen name="SelectImage" title="Devices" backgroundColor="transparent" flags="wfNoBorder" position="center,center" size="1920,1080" transparent="0">
    <panel name="ChoiceBox" />
      <eLabel foregroundColor="white" name="" position="70,center" size="80,1080" zPosition="-10" />
    <eLabel name="" position="30,center" size="1110,940" zPosition="-15" />
    <eLabel name="" foregroundColor="white" position="170,130" size="950,2" zPosition="-9" />
   
    <!-- Buttons-->
    <!--eLabel backgroundColor="white" name="" position="170,945" size="1300,2" zPosition="-9" /-->
    <ePixmap alphatest="blend" pixmap="buttons/key_red.png" position="170,960" size="40,40" />
    <ePixmap alphatest="blend" pixmap="buttons/key_green.png" position="500,960" size="40,40" />
    <widget source="key_red" render="Label" font="Regular; 28" foregroundColor="white" position="220,960" size="270,40" transparent="1" zPosition="1" />
    <widget source="key_green" render="Label" font="Regular; 28" foregroundColor="white" position="550,960" size="270,40" transparent="1" zPosition="1" />
    <!-- Clock -->

  </screen>
  <screen name="SoftwarePanel" title="OpenEight Update Manager" backgroundColor="transparent" flags="wfNoBorder" position="0,center" size="1920,1080" transparent="0">
    <eLabel name="" position="30,68" size="1750,940" zPosition="-15" />
    <eLabel backgroundColor="white" name="" position="550,930" size="1210,2" zPosition="-9" />
    <eLabel foregroundColor="white" name="" position="65,center" size="470,1080" zPosition="-11" valign="center" />
    <!-- Widget -->
    <eLabel name="" position="80,142" size="440,2" zPosition="-9" foregroundColor="white" />
    <widget source="Title" render="Label" font="Regular; 34" foregroundColor="white" position="550,85" size="850,50" transparent="1" />
    <eLabel name="" position="550,142" size="600,2" zPosition="-9" foregroundColor="white" />
    <widget source="list" render="Listbox" font="Regular; 30" position="550,180" scrollbarMode="showOnDemand" size="1210,704" transparent="1">
      <convert type="TemplatedMultiContent">
                    {"template": [
                    MultiContentEntryText(pos = (80, 0), size = (1250, 48), font=0, flags = RT_HALIGN_LEFT, text = 0), # index 0 is the name
                    MultiContentEntryText(pos = (80, 45), size = (1250, 36), font=1, flags = RT_HALIGN_LEFT, text = 2), # index 2 is the description
                    MultiContentEntryPixmapAlphaBlend(pos = (5, 5), size = (72, 72), png = 4), # index 4 is the status pixmap
                    MultiContentEntryPixmapAlphaTest(pos = (5, 85), size = (1200, 2), png = 5), # index 4 is the div pixmap
                    ],
                    "fonts": [gFont("Regular", 32),gFont("Regular", 26)],
                    "itemHeight": 88
                    }
        </convert>
    </widget>
    <widget name="packagetext" font="Regular; 32" foregroundColor="white" position="80,85" size="320,50" transparent="1" zPosition="4" halign="left" />
    <widget name="packagenr" font="Regular; 36" foregroundColor="white" halign="left" position="400,82" size="120,55" transparent="1" zPosition="4" />
    <widget name="a_red" pixmap="extraspanel/ared.png" alphatest="blend" position="80,175" size="58,120" zPosition="1" />
    <widget name="a_off" pixmap="extraspanel/aoff.png" alphatest="blend" position="80,175" size="58,120" zPosition="1" />
    <widget name="a_yellow" pixmap="extraspanel/ayellow.png" alphatest="blend" position="80,175" size="58,120" zPosition="1" />
    <widget name="a_green" pixmap="extraspanel/agreen.png" alphatest="blend" position="80,175" size="58,120" zPosition="1" />
    <widget font="Regular; 28" foregroundColor="white" halign="left" name="feedstatusRED" position="153,179" size="300,40" transparent="1" zPosition="1" />
    <widget font="Regular; 28" foregroundColor="white" halign="left" name="feedstatusYELLOW" position="153,213" size="300,40" transparent="1" zPosition="1" />
    <widget font="Regular; 28" foregroundColor="white" halign="left" name="feedstatusGREEN" position="153,246" size="300,40" transparent="1" zPosition="1" />
    <ePixmap alphatest="blend" pixmap="picon_default.png" position="90,903" size="220,132" transparent="1" zPosition="10" />
    <ePixmap alphatest="blend" pixmap="open_8.png" position="93,725" size="240,45" transparent="1" zPosition="10" />
    <eLabel text="OPEN SOURCE" font="Regular; 36" halign="left" position="93,790" size="400,50" transparent="1" foregroundColor="white" />
    <eLabel text="https://github.com/Openeight" font="Regular; 26" halign="left" position="115,840" size="400,45" transparent="1" foregroundColor="white" />
    <eLabel text="https://github.com/oe-alliance" font="Regular; 26" halign="left" position="115,885" size="400,45" transparent="1" foregroundColor="white" />
    <!-- Button -->
    <ePixmap alphatest="blend" pixmap="buttons/key_red.png" position="550,950" size="40,40" />
    <ePixmap alphatest="blend" pixmap="buttons/key_green.png" position="900,950" size="40,40" />
    <ePixmap alphatest="blend" pixmap="buttons/key_yellow.png" position="1250,950" size="40,40" />
    <widget name="key_red" font="Regular; 28" foregroundColor="white" position="595,950" size="300,40" halign="left" valign="center" transparent="1" zPosition="1" />
    <widget name="key_green" font="Regular; 28" foregroundColor="white" position="945,950" size="300,40" halign="left" valign="center" transparent="1" zPosition="1" />
    <eLabel text="Latest Commits" font="Regular; 28" foregroundColor="white" position="1295,950" size="300,40" halign="left" valign="center" transparent="1" zPosition="1" />
    <!-- Clock -->
    
    
    
  </screen>
  
  <screen name="QuickMenu" position="center,center" size="1770,900" backgroundColor="black" flags="wfBorder">
		<widget name="list" position="31,48" size="844,630" backgroundColor="black" itemHeight="60" transparent="1" />
		<widget name="sublist" position="925,38" size="769,630" backgroundColor="black" itemHeight="60" />
		<eLabel position="900,45" size="3,630" backgroundColor="#666666" zPosition="3" />
		
		<widget name="description" position="33,682" size="1725,150" zPosition="1" font="Regular;33" halign="center" valign="center" backgroundColor="black" transparent="1" />
		<widget name="key_red" position="30,856" size="450,45" zPosition="1" font="Regular;33" halign="center" foregroundColor="white" backgroundColor="black" transparent="1" />
		<widget name="key_green" position="487,856" size="450,45" zPosition="1" font="Regular;33" halign="center" foregroundColor="white" backgroundColor="black" transparent="1" />
		<widget name="key_yellow" position="945,856" size="450,45" zPosition="1" font="Regular;33" halign="center" foregroundColor="white" backgroundColor="black" transparent="1" valign="center" />
		<widget name="key_blue" position="1402,856" size="351,45" zPosition="1" font="Regular;33" halign="center" foregroundColor="white" backgroundColor="black" transparent="1" />
		<eLabel name="new eLabel" position="31,850" size="450,4" zPosition="3" backgroundColor="red" />
		<eLabel name="new eLabel" position="487,850" size="450,4" zPosition="3" backgroundColor="green" />
		<eLabel name="new eLabel" position="945,850" size="450,4" zPosition="3" backgroundColor="yellow" />
		<eLabel name="new eLabel" position="1402,850" size="351,4" zPosition="3" backgroundColor="blue" />
</screen>
	
</skin>
