<skin>
<!-- cf#_#begin -->
	<screen name="InfoBar" backgroundColor="transparent" flags="wfNoBorder" position="0,0" size="1920,1080" title="InfoBar">
		<panel name="INFOBARKEYSNONVISIBLE" />
		<panel name="INFOBARSTYLEMODERN" />
		<panel name="CLOCKWIDGET" />
		<panel name="INFOBARWEATHERWIDGET" />
		<widget font="global_large;120" backgroundColor="text-background" foregroundColor="background-text" noWrap="1" position="45,683" render="Label" size="1878,158" source="session.CurrentService" transparent="1" valign="bottom" zPosition="-30">
                <convert type="MetrixHDExtServiceInfo">ServiceNumberAndName</convert>
            </widget>
		<panel name="INFOBARSERVICEINFO" />
		<panel name="INFOBARRECORDSTATE" />
		<panel name="INFOBARRESOLUTION" />
		<!--panel name="INFOBARORBITALPOSITION" /-->
		<!--panel name="INFOBARSNR" /-->
		<widget source="session.FrontendStatus" render="Label" position="828,999" size="117,44" font="infobar_text; 36" valign="center" noWrap="1" backgroundColor="infobarbackground" foregroundColor="infobaraccent1" transparent="1" halign="center">
			<convert type="FrontendInfo">SNRdB</convert>
		</widget>
		<panel name="INFOBARTUNERINFO-X" />
		<panel name="STBINFO" />
		<panel name="INFOBAREXTENDEDINFO" />
		<!-- <panel name="GRIDLINES" /> */ -->
		<panel name="SKINPART_infobar"/>
		<widget source="session.CurrentService" position="1275,6" size="630,32" render="Label" font="global_small;24" halign="center" valign="center" backgroundColor="infobarbackground" foregroundColor="yellow" transparent="1" noWrap="1">
				<convert type="MetrixHDCaidDisplay">Default</convert>
			</widget>
		<!-- <panel name="GRIDLINES" /> */ -->
		<panel name="SKINPART_infobar"/>
		<ePixmap position="1438,176" size="489,654" pixmap="/usr/share/enigma2/MetrixHD/777.png" transparent="0" zPosition="-1" />
		<widget source="session.CurrentService" render="Label" position="1466,191" size="448,60" font="Regular;37" foregroundColor="orange" backgroundColor="background" transparent="1" halign="center" valign="center" noWrap="1" zPosition="2">
		<convert type="MyMod">Hijri</convert>
		</widget>
		<eLabel text="مواقيت الصلاة" position="1486,257" size="439,60" font="Regular;44" foregroundColor="white" backgroundColor="background" transparent="1" halign="center" valign="center" />
  <eLabel text="الفجر   :" position="1709,333" size="220,60" font="Regular;44" foregroundColor="white" backgroundColor="background" transparent="1" halign="center" valign="center" />
  <widget source="session.CurrentService" render="Label" position="1488,334" size="220,60" font="Regular;40" foregroundColor="white" backgroundColor="background" transparent="1" halign="center" valign="center">
    <convert type="MyMod">Fajr</convert>
  </widget>
  <eLabel text="الشروق :" position="1706,406" size="220,60" font="Regular;44" foregroundColor="white" backgroundColor="background" transparent="1" halign="center" valign="center" />
  <widget source="session.CurrentService" render="Label" position="1494,406" size="220,60" font="Regular;40" foregroundColor="white" backgroundColor="background" transparent="1" halign="center" valign="center">
    <convert type="MyMod">Sun</convert>
  </widget>
  <eLabel text="الظهر   :" position="1706,481" size="220,60" font="Regular;43" foregroundColor="white" backgroundColor="background" transparent="1" halign="center" valign="center" />
  <widget source="session.CurrentService" render="Label" position="1491,480" size="220,60" font="Regular;40" foregroundColor="white" backgroundColor="background" transparent="1" halign="center" valign="center">
    <convert type="MyMod">Dhuhr</convert>
  </widget>
  <eLabel text="العصر   :" position="1705,554" size="220,60" font="Regular;44" foregroundColor="white" backgroundColor="background" transparent="1" halign="center" valign="center" />
  <widget source="session.CurrentService" render="Label" position="1487,553" size="220,60" font="Regular;40" foregroundColor="white" backgroundColor="background" transparent="1" halign="center" valign="center">
    <convert type="MyMod">Asr</convert>
  </widget>
  <eLabel text="المغرب  :" position="1702,629" size="220,60" font="Regular;44" foregroundColor="white" backgroundColor="background" transparent="1" halign="center" valign="center" />
  <widget source="session.CurrentService" render="Label" position="1485,628" size="220,60" font="Regular;40" foregroundColor="white" backgroundColor="background" transparent="1" halign="center" valign="center">
    <convert type="MyMod">Maghrib</convert>
  </widget>
  <eLabel text="العشاء   :" position="1701,700" size="220,60" font="Regular;44" foregroundColor="white" backgroundColor="background" transparent="1" halign="center" valign="center" />
  <widget source="session.CurrentService" render="Label" position="1484,700" size="220,60" font="Regular;40" foregroundColor="white" backgroundColor="background" transparent="1" halign="center" valign="center">
    <convert type="MyMod">Ishaa</convert>
  </widget>
  <!-- icon wifi/lan -->
  <widget source="session.CurrentService" render="Pixmap" pixmap="/usr/share/enigma2/MetrixHD/lan.png" position="1664,765"  size="68,56" halign="center" valign="center" zPosition="2" alphatest="blend">
    <convert type="RouteInfo">Lan</convert>
    <convert type="ConditionalShowHide" />
  </widget>
  <widget source="session.CurrentService" render="Pixmap" pixmap="/usr/share/enigma2/MetrixHD/wifi2.png" position="1664,765"  size="68,56" halign="center" valign="center" zPosition="2" alphatest="blend">
    <convert type="RouteInfo">Wifi</convert>
    <convert type="ConditionalShowHide" />
  </widget>
  <widget source="session.CurrentService" render="Label" position="18,660" size="406,35" transparent="1" zPosition="1" font="Regular; 30" valign="center" backgroundColor="black" foregroundColor="blue">
  <convert type="ServiceName2">Bouquet</convert>
</widget>
<widget source="session.CurrentService" render="Label" position="314,649" size="306,35" transparent="1" zPosition="1" font="Regular; 30" valign="center" backgroundColor="black" foregroundColor="red">
  <convert type="ServiceName2">Provider</convert>
</widget>
<!--widget source="session.Event_Now" render="fhdlPoster" position="13,287" size="323,350" scale="on" zPosition="4" /-->
  <!--widget source="session.Event_Now" render="fhdlPoster2" position="206,362" size="50,256" scale="on" zPosition="4" /-->
  <!--widget source="session.Event_Now" render="fhdlLocalStarsbg" position="7,622" size="210,31" alphatest="blend" zPosition="5" /-->
  <!--widget source="session.Event_Now" render="fhdlLocalStars" pixmap="MetrixHD/icons/starsbar_filled.png" position="7,622" size="210,31" transparent="1" zPosition="7" /-->
  <!--widget source="session.Event_Now" render="fhdlInfoEvents" position="0,0" size="0,0" /-->
<!--widget source="session.Event_Now" render="fhdlPoster" position="5,306" size="300,350" scale="on" zPosition="4" /-->
<widget source="session.Event_Now" render="xtraPoster" position="5,306" size="300,350" scale="on" zPosition="4" />
  <widget source="session.Event_Now" render="Pixmap" pixmap="/usr/share/enigma2/psatars/satrs_w.png" position="317,373" size="50,276" zPosition="1" >
    <convert type="mypic">bar1</convert>
    <convert type="ConditionalShowHide" />
  </widget>
<widget source="session.Event_Now" render="Progress" pixmap="/usr/share/enigma2/psatars/satrs_c.png" orientation="orBottomToTop" position="317,373" size="50,276" alphatest="blend" transparent="1" zPosition="3">
  <convert type="Kitte888infoMovie">STARS</convert>
</widget>

<widget source="session.Event_Now" render="Label"   position="308,303"  size="70,70" font="Regular; 35" halign="center" valign="center" transparent="1" foregroundColor="#000000"  zPosition="3">
  <convert type="Kitte888infoMovie">INFO</convert>
</widget>

<widget source="session.Event_Now" render="Pixmap" pixmap="/usr/share/enigma2/psatars/satr1.png" position="308,303" size="70,70" zPosition="2">
    <convert type="mypic">bar1</convert>
    <convert type="ConditionalShowHide" />
  </widget>
<widget source="session.Event_Now" render="Label" position="306,272" size="70,27" font="Bold; 22" halign="center" valign="center" transparent="1" foregroundColor="#00ccff" zPosition="3">
  <convert type="Kitte888infoMovie">YEAR</convert>
</widget>  
<widget source="session.CurrentService" render="PiconEmu" path="/usr/share/enigma2/MetrixHD/icon_cam/" position="421,1005" size="115,35" zPosition="2" alphatest="blend" />
<widget position="515,1000" source="session.CurrentService" render="Label" zPosition="2" valign="center" size="337,44" font="global_small; 34" backgroundColor="infobarbackground" foregroundColor="layer-a-extendedinfo1" transparent="1" halign="center">
  <convert type="ServiceName2">Satellite</convert>
</widget>
</screen>
</skin>
