<skin>
<!-- cf#_#begin -->
<screen name="SecondInfoBar" backgroundColor="transparent" flags="wfNoBorder" position="0,0" size="1920,1080" title="SecondInfoBar">
		<panel name="INFOBARKEYSNONVISIBLE" />
		<panel name="INFOBARSTYLEMODERN" />
		<panel name="CLOCKWIDGET" />
		<panel name="INFOBARWEATHERWIDGET" />
		<panel name="INFOBARSERVICEINFO" />
		<panel name="INFOBARRECORDSTATE" />
		<panel name="INFOBARRESOLUTION" />
		<panel name="INFOBARORBITALPOSITION" />
		<panel name="INFOBARSNR" />
		<panel name="INFOBARTUNERINFO-X" />
		<!--/* EPGWidget -->
			<widget backgroundColor="layer-a-background" foregroundColor="layer-a-accent1" font="epg_event; 39" halign="right" noWrap="1" position="105,720" render="Label" size="833,53" source="session.Event_Now" transparent="1" valign="bottom" zPosition="2">
				<convert type="EventName">Name</convert>
			</widget>
			<widget backgroundColor="layer-b-background" foregroundColor="layer-b-accent1" font="epg_event; 39" halign="left" noWrap="1" position="983,687" render="Label" size="833,53" source="session.Event_Next" transparent="1" valign="bottom" zPosition="2">
				<convert type="EventName">Name</convert>
			</widget>
			<widget source="session.Event_Now" render="MetrixHDRunningText" options="movetype=none,startdelay=600,steptime=60,direction=top,startpoint=0,wrap=1,always=0,repeat=2,oneshot=1" size="737,473" position="201,237" backgroundColor="layer-a-background" foregroundColor="layer-a-foreground" font="epg_info; 30" halign="left" transparent="1" zPosition="1">
			<convert type="EventName">FullDescription</convert>
		</widget>
		<widget source="session.Event_Next" render="MetrixHDRunningText" options="movetype=none,startdelay=600,steptime=60,direction=top,startpoint=0,wrap=1,always=0,repeat=2,oneshot=1" size="692,398" position="983,276" backgroundColor="layer-b-background" foregroundColor="layer-b-foreground" font="epg_info; 30" halign="left" transparent="1" zPosition="1">
			<convert type="EventName">FullDescription</convert>
		</widget>
			<eLabel backgroundColor="layer-a-background" name="NowBG" position="7,222" size="953,564" zPosition="-1" />
			<eLabel backgroundColor="layer-b-background" name="NextBG" position="960,261" size="953,492" zPosition="-1" />
<!--widget source="session.Event_Next" render="fhdlPoster" position="1675,425" size="225,256" scale="on" zPosition="4" /-->
<!--widget source="session.Event_Next" render="fhdlPoster2" position="1675,425" size="50,256" scale="on" zPosition="4" /-->
<!--widget source="session.Event_Now" render="fhdlPoster" position="9,452" size="193,256" scale="on" zPosition="4" /-->
			
			<!-- EPGWidget */-->
		<panel name="STBINFO" />
		<panel name="SKINPART_secondinfobar" />
		<!--widget source="session.Event_Next" render="xtraParental" position="1819,332" size="82,82" alphatest="blend" zPosition="5" transparent="1" /-->
<!--widget source="session.Event_Next" render="fhdlPoster" position="1728,425" size="172,256" scale="on" zPosition="4" /-->
<widget source="session.Event_Next" render="xtraPoster" position="1728,425" size="172,256" scale="on" zPosition="4" />
<widget source="session.Event_Next" render="Pixmap" pixmap="/usr/share/enigma2/psatars/satrs_w1.png" position="1676,426" size="46,256"   zPosition="1" >
    <convert type="mypic">bar1</convert>
    <convert type="ConditionalShowHide" />
  </widget>
  
  <widget source="session.Event_Next" render="Progress" pixmap="/usr/share/enigma2/psatars/satrs_c1.png" orientation="orBottomToTop" position="1676,426" size="50,256" alphatest="blend" transparent="1" zPosition="3">
  <convert type="Kitte888infoMovie">STARS</convert>
</widget>

<widget source="session.Event_Next" render="Pixmap" pixmap="/usr/share/enigma2/psatars/satr11.png" position="1667,357" size="66,66" zPosition="2">
    <convert type="mypic">bar1</convert>
    <convert type="ConditionalShowHide" />
  </widget>
<widget source="session.Event_Next" render="Label"   position="1667,357"  size="66,66" font="Regular; 32" halign="center" valign="center" transparent="1" foregroundColor="#000000"  zPosition="3">
  <convert type="Kitte888infoMovie">INFO</convert>
</widget>

<widget source="session.Event_Next" render="Label" position="1781,389" size="70,27" font="Bold; 22" halign="center" valign="center" transparent="1" foregroundColor="#00ccff" zPosition="3">
  <convert type="Kitte888infoMovie">YEAR</convert>
</widget>  	
	
	
	
	</screen>
</skin>
