<skin>
<!-- cf#_#begin -->
	<!-- SKIN DESIGN -->
	<screen name="SkinDesign-s">
		<!--eLabel name="upperleftcorner-s" position="0,0" zPosition="-105" size="60,38" backgroundColor="#1A27408B" /-->
		<!--eLabel name="lowerleftcorner-s" position="0,1013" zPosition="-105" size="60,68" backgroundColor="#1A27408B" /-->
		<!--eLabel name="upperrightcorner-s" position="1860,0" zPosition="-105" size="60,90" backgroundColor="#1A0F0F0F" /-->
		<!--eLabel name="lowerrightcorner-s" position="1860,960" zPosition="-105" size="60,120" backgroundColor="#1A0F0F0F" /-->
		<!--eLabel name="optionallayerhorizontal-s" position="0,983" zPosition="-105" size="1691,45" backgroundColor="#1A27408B" /-->
		<!--eLabel name="optionallayervertical-s" position="153,77" zPosition="-105" size="90,1004" backgroundColor="#1A27408B" /-->
	</screen>
	<screen name="SkinDesign-m">
		<!--eLabel name="upperleftcorner-m" position="0,0" zPosition="-105" size="60,38" backgroundColor="#1A27408B" /-->
		<!--eLabel name="lowerleftcorner-m" position="0,1013" zPosition="-105" size="60,68" backgroundColor="#1A27408B" /-->
		<!--eLabel name="upperrightcorner-m" position="1860,0" zPosition="-105" size="60,90" backgroundColor="#1A0F0F0F" /-->
		<!--eLabel name="lowerrightcorner-m" position="1860,960" zPosition="-105" size="60,120" backgroundColor="#1A0F0F0F" /-->
		<!--eLabel name="optionallayerhorizontal-m" position="0,983" zPosition="-105" size="1691,45" backgroundColor="#1A27408B" /-->
		<!--eLabel name="optionallayervertical-m" position="153,77" zPosition="-105" size="90,1004" backgroundColor="#1A27408B" /-->
	</screen>
<!-- SKIN DESIGN - screen title underline -->
	<screen name="ul-layer1_1">
		<!--eLabel name="underline" position="60,132" size="1800,2" backgroundColor="layer-a-underline" zPosition="-1" /-->
	</screen>
	<screen name="ul-layer1_1_overlay">
		<eLabel name="underline" position="60,132" size="1800,1" backgroundColor="layer-a-background" zPosition="0" />
	</screen>
	<screen name="ul-layer1_2">
		<!--eLabel name="underline" position="60,132" size="1133,2" backgroundColor="layer-a-underline" zPosition="-1" /-->
	</screen>
	<screen name="ul-layer1_2_overlay">
		<eLabel name="underline" position="60,132" size="1133,1" backgroundColor="layer-a-background" zPosition="0" />
	</screen>
	<screen name="ul-layer2_1">
		<eLabel name="underline" position="8,99" size="1050,1" backgroundColor="layer-a-underline" />
	</screen>
	<screen name="ul-messagebox">
		<eLabel name="underline" position="0,102" size="1920,1" backgroundColor="layer-a-underline" />
	</screen>
	<screen name="ul-historyzap">
		<eLabel name="underline" position="14,90" size="798,1" backgroundColor="layer-a-underline" />
	</screen>
	<screen name="ul-numberzap">
		<eLabel name="underline" position="0,90" size="690,1" backgroundColor="layer-a-underline" />
	</screen>
	<screen name="ul-autodiseqc">
		<eLabel name="underline" position="435,338" size="1050,1" backgroundColor="layer-a-underline" />
	</screen>
	<screen name="ul-antilogo">
		<eLabel name="underline" position="0,90" size="255,1" backgroundColor="layer-a-underline" />
	</screen>
	<screen name="ul-jobview">
		<eLabel name="underline" position="435,338" size="1050,1" backgroundColor="layer-a-underline" />
	</screen>
	<screen name="ul-sleeptimer">
		<eLabel name="underline" position="2,99" size="747,1" backgroundColor="layer-a-underline" />
	</screen>
	<screen name="ul-multibootstartup">
		<eLabel name="underline" position="2,99" size="1047,1" backgroundColor="layer-a-underline" />
	</screen>
	<screen name="ul-restoreinfo">
		<eLabel name="underline" position="0,102" size="1020,1" backgroundColor="layer-a-underline" />
	</screen>
	<screen name="ul-pininput">
		<eLabel name="underline" position="2,105" size="897,1" backgroundColor="layer-a-underline" />
	</screen>
	<screen name="ul-inputbox">
		<eLabel name="underline" position="2,75" size="1797,1" backgroundColor="layer-a-underline" />
	</screen>
<!-- SKIN DESIGN - SCREENS -->
	<screen name="template1_2layer">
		<panel name="SkinDesign-s" />
		<panel name="template1_2layer-1" />
	</screen>
	<screen name="template1_1layer">
		<panel name="SkinDesign-s" />
		<panel name="template1_1layer-1" />
	</screen>
	<screen name="template1_1layer_graphicalepg">
		<panel name="SkinDesign-s" />
		<panel name="template1_1layer-2" />
	</screen>
	<screen name="INFOBAREPGWIDGET_Layer">
		<panel name="INFOBAREPGWIDGET_Layer-1" />
	</screen>
	<screen name="QuickMenu_Layer">
		<panel name="QuickMenu_Layer-1" />
	</screen>
<!-- SKIN DESIGN - BUTTONS -->
	<screen name="ime-buttons_template1">
		<ePixmap position="1425,900" size="122,60" zPosition="10" pixmap="MetrixHD/buttons/info.png" transparent="1" alphatest="blend" />
		<ePixmap position="1568,900" size="122,60" zPosition="10" pixmap="MetrixHD/buttons/menu.png" transparent="1" alphatest="blend" />
		<ePixmap position="1710,900" size="122,60" zPosition="10" pixmap="MetrixHD/buttons/key_exit.png" transparent="1" alphatest="blend" />
	</screen>
	<screen name="_me-buttons_template1">
		<ePixmap position="1568,900" size="122,60" zPosition="10" pixmap="MetrixHD/buttons/menu.png" transparent="1" alphatest="blend" />
		<ePixmap position="1710,900" size="122,60" zPosition="10" pixmap="MetrixHD/buttons/key_exit.png" transparent="1" alphatest="blend" />
	</screen>
	<screen name="__e-buttons_template1">
		<ePixmap position="1710,900" size="122,60" zPosition="10" pixmap="MetrixHD/buttons/key_exit.png" transparent="1" alphatest="blend" />
	</screen>
	<screen name="_ie-buttons_template1">
		<ePixmap position="1568,900" size="122,60" zPosition="10" pixmap="MetrixHD/buttons/info.png" transparent="1" alphatest="blend" />
		<ePixmap position="1710,900" size="122,60" zPosition="10" pixmap="MetrixHD/buttons/key_exit.png" transparent="1" alphatest="blend" />
	</screen>
	<screen name="_oe-buttons_template1">
		<ePixmap position="1568,900" size="122,60" zPosition="10" pixmap="MetrixHD/buttons/ok.png" transparent="1" alphatest="blend" />
		<ePixmap position="1710,900" size="122,60" zPosition="10" pixmap="MetrixHD/buttons/key_exit.png" transparent="1" alphatest="blend" />
	</screen>
	<screen name="moe-buttons_template1">
		<ePixmap position="1425,900" size="122,60" zPosition="10" pixmap="MetrixHD/buttons/menu.png" transparent="1" alphatest="blend" />
		<ePixmap position="1568,900" size="122,60" zPosition="10" pixmap="MetrixHD/buttons/ok.png" transparent="1" alphatest="blend" />
		<ePixmap position="1710,900" size="122,60" zPosition="10" pixmap="MetrixHD/buttons/key_exit.png" transparent="1" alphatest="blend" />
	</screen>
	<screen name="ioe-buttons_template1">
		<ePixmap position="1425,900" size="122,60" zPosition="10" pixmap="MetrixHD/buttons/info.png" transparent="1" alphatest="blend" />
		<ePixmap position="1568,900" size="122,60" zPosition="10" pixmap="MetrixHD/buttons/ok.png" transparent="1" alphatest="blend" />
		<ePixmap position="1710,900" size="122,60" zPosition="10" pixmap="MetrixHD/buttons/key_exit.png" transparent="1" alphatest="blend" />
	</screen>
<!-- SKIN DESIGN - MENUS -->
	<screen name="MENU_template">
		<panel name="SkinDesign-m" />
		<panel name="MENU_template-1" />
		<widget source="Title" render="Label" position="8,803" size="1920,300" font="global_large_menu; 150" noWrap="0" backgroundColor="text-background" transparent="1" foregroundColor="background-text" valign="bottom" zPosition="-50" />
	</screen>
	<screen name="MENU_textTitle_template">
		<panel name="SkinDesign-m" />
		<panel name="MENU_template-1" />
	</screen>
	<screen name="CONTEXTMENU_template">
		<panel name="SkinDesign-m" />
		<panel name="CONTEXTMENU_template-1" />
		<widget source="Title" render="Label" position="8,803" size="1920,300" font="global_large_menu; 150" noWrap="0" backgroundColor="text-background" transparent="1" foregroundColor="background-text" valign="bottom" zPosition="-50" />
	</screen>
	<screen name="CONTEXTMENU_textTitle_template">
		<panel name="SkinDesign-m" />
		<panel name="CONTEXTMENU_template-1" />
	</screen>
	<screen name="CONTEXTMENU2_template">
		<panel name="SkinDesign-m" />
		<panel name="CONTEXTMENU2_template-1" />
		<widget source="Title" render="Label" position="8,803" size="1920,300" font="global_large_menu; 150" noWrap="0" backgroundColor="text-background" transparent="1" foregroundColor="background-text" valign="bottom" zPosition="-50" />
	</screen>
	<screen name="CONTEXTMENU2_textTitle_template">
		<panel name="SkinDesign-m" />
		<panel name="CONTEXTMENU2_template-1" />
	</screen>
<!-- SKIN DESIGN - INFOBAR EXTENDED INFO -->
	<screen name="INFOBAREXTENDEDINFO">
		<panel name="INFOBAREXTENDEDINFO-1" />
	</screen>
<!-- SKIN DESIGN - INFOBAR COLOR GRADIENT -->
	<screen name="COLORGRADIENT_bottom_IB">
<!-- cf#_#pixnore -->
		<!--ePixmap alphatest="blend" pixmap="MetrixHD/colorgradient_bottom_ib.png" position="0,960" size="1920,120" zPosition="-1" /-->
	</screen>
	<screen name="COLORGRADIENT_top_IB">
<!-- cf#_#pixnore -->
		<!--ePixmap alphatest="blend" pixmap="MetrixHD/colorgradient_top_ib.png" position="0,0" size="1920,45" zPosition="-1" /-->
	</screen>
	<screen name="COLORGRADIENT_bottom_EPG">
<!-- cf#_#pixnore -->
		<!--ePixmap alphatest="blend" pixmap="MetrixHD/colorgradient_bottom_epg.png" position="0,225" size="1920,120" zPosition="-1" /-->
	</screen>
	<screen name="COLORGRADIENT_top_QM">
<!-- cf#_#pixnore -->
		<!--ePixmap alphatest="blend" pixmap="MetrixHD/colorgradient_top_qm.png" position="0,0" size="1920,45" zPosition="-1" /-->
	</screen>
<!-- SKIN DESIGN - Infobar ZZZPicon -->
	<screen name="IB_ZZZPicon">
		<widget alphatest="blend" position="0,860" size="401,171" render="MetrixHDXPicon" source="session.CurrentService" transparent="1" zPosition="4">
			<convert type="ServiceName">Reference</convert>
		</widget>
	</screen>
<!-- SKIN DESIGN - Infobar XPicon -->
	<screen name="IB_XPicon">
<!-- cf#_#picon -->
		<widget alphatest="blend" position="50,861" size="330,198" render="MetrixHDXPicon" source="session.CurrentService" transparent="1" zPosition="4">
			<convert type="ServiceName">Reference</convert>
		</widget>
	</screen>
<!-- SKIN DESIGN - Infobar Picon -->
	<screen name="InfoBar_Picon">
		<panel name="IB_ZZZPicon" />
	</screen>
<!-- Player PVRState -->
	<screen name="PVRState" position="345,357" zPosition="2" size="1230,345" backgroundColor="transparent" flags="wfNoBorder" >
		<panel name="PVRState_1" />
	</screen>
	<screen name="PVRState_Top" position="0,0" zPosition="2" size="1920,45" backgroundColor="transparent" flags="wfNoBorder" >
		<panel name="PVRState_3" />
		<!--panel name="PVRState_3_mt" /-->
		<!--panel name="PVRState_3_ct" /-->
	</screen>
<!-- graphical EPG Style -->
	<screen name="GraphicalEPG" position="0,0" size="1920,1080" title="Electronic Program Guide" flags="wfNoBorder" backgroundColor="transparent">
		<panel name="GraphicalEPG_1" />
	</screen>
	<screen name="GraphicalEPGPIG" position="0,0" size="1920,1080" title="Electronic Program Guide" flags="wfNoBorder" backgroundColor="transparent">
		<panel name="GraphicalEPGPIG_1" />
	</screen>
<!-- graphical EPG Style -->
<!-- EPG/Channellist list, description - running text and scrollbar settings (RTSB__...) -->
	<screen name="RTSB_gEPGPIG1_description">
		<widget source="Event" render="MetrixHDRunningText" options="movetype=none,startdelay=600,steptime=60,direction=top,startpoint=0,wrap=1,always=0,repeat=2,oneshot=1" position="105,216" size="1230,192" font="epg_info;29" backgroundColor="epg-eventdescription-background" foregroundColor="epg-eventdescription-foreground" transparent="1" valign="top" zPosition="1">
			<convert type="EventName">ExtendedDescription</convert>
		</widget>
	</screen>
	<screen name="RTSB_gEPGPIG2_description">
		<widget source="Event" render="MetrixHDRunningText" options="movetype=none,startdelay=600,steptime=60,direction=top,startpoint=0,wrap=1,always=0,repeat=2,oneshot=1" position="105,215" size="972,339" font="epg_info;29" backgroundColor="epg-eventdescription-background" foregroundColor="epg-eventdescription-foreground" transparent="1" valign="top" zPosition="1">
			<convert type="EventName">ExtendedDescription</convert>
		</widget>
	</screen>
	<screen name="RTSB_gEPG1_description">
		<widget source="Event" render="MetrixHDRunningText" options="movetype=none,startdelay=600,steptime=60,direction=top,startpoint=0,wrap=1,always=0,repeat=2,oneshot=1" position="105,216" size="1725,192" font="epg_info;29" backgroundColor="epg-eventdescription-background" foregroundColor="epg-eventdescription-foreground" transparent="1" valign="top" zPosition="1">
			<convert type="EventName">ExtendedDescription</convert>
		</widget>
	</screen>
	<screen name="RTSB_gEPG2_description">
		<widget source="Event" render="MetrixHDRunningText" options="movetype=none,startdelay=600,steptime=60,direction=top,startpoint=0,wrap=1,always=0,repeat=2,oneshot=1" position="105,216" size="1725,77" font="epg_info;29" backgroundColor="epg-eventdescription-background" foregroundColor="epg-eventdescription-foreground" transparent="1" valign="top" zPosition="1">
			<convert type="EventName">ExtendedDescription</convert>
		</widget>
	</screen>
	<screen name="RTSB_QuickEPG_description">
		<widget source="Event" render="MetrixHDRunningText" options="movetype=none,startdelay=600,steptime=60,direction=top,startpoint=0,wrap=1,always=0,repeat=2,oneshot=1" position="975,116" size="923,153" font="epg_info;29" backgroundColor="epg-eventdescription-background" foregroundColor="epg-eventdescription-foreground" transparent="1" valign="top" zPosition="1">
			<convert type="EventName">ExtendedDescription</convert>
		</widget>
	</screen>
	<screen name="RTSB_EPGselectionMulti_description">
		<widget source="Event" render="MetrixHDRunningText" options="movetype=none,startdelay=600,steptime=60,direction=top,startpoint=0,wrap=1,always=0,repeat=2,oneshot=1" position="1238,120" size="578,785" font="epg_info;29" backgroundColor="layer-b-background" foregroundColor="layer-b-foreground" transparent="1" valign="top">
			<convert type="EventName">FullDescription</convert>
		</widget>
	</screen>
	<screen name="RTSB_EPGSelection_description">
		<panel name="RTSB_EPGselectionMulti_description"/>
	</screen>
	<screen name="RTSB_ChannelList_StandardList">
		<widget name="list" position="105,143" size="1050,810" scrollbarMode="showNever" fieldMargins="8" itemsDistances="8" progressbarHeight="12" progressBarWidth="75" progressbarBorderWidth="2" colorServiceRecorded="layer-a-channelselection-foreground-colorServiceRecorded" colorServicePseudoRecorded="layer-a-channelselection-foreground-colorServicePseudoRecorded" colorServiceStreamed="layer-a-channelselection-foreground-colorServiceStreamed" colorServiceDescription="layer-a-channelselection-foreground-ServiceDescription" colorServiceDescriptionSelected="layer-a-channelselection-foreground-ServiceDescriptionSelected" colorEventProgressbarBorder="layer-a-selection-background" colorEventProgressbarBorderSelected="layer-a-channelselection-foregroundColorSelected" foregroundColorServiceNotAvail="#00555555" serviceItemHeight="45" serviceNumberFont="epg_event;33" serviceNameFont="epg_event;33" serviceInfoFont="epg_text;30" transparent="0" backgroundColor="layer-a-background" foregroundColor="layer-a-channelselection-foreground" backgroundColorSelected="layer-a-selection-background" foregroundColorSelected="layer-a-channelselection-foregroundColorSelected" />
	</screen>
	<screen name="RTSB_SlimChannelSelection_list_plus_description">
		<widget name="list" position="105,143" size="900,803" scrollbarMode="showNever" fieldMargins="8" itemsDistances="8" progressbarHeight="12" progressBarWidth="75" progressbarBorderWidth="2" colorServiceRecorded="layer-a-channelselection-foreground-colorServiceRecorded" colorServicePseudoRecorded="layer-a-channelselection-foreground-colorServicePseudoRecorded" colorServiceStreamed="layer-a-channelselection-foreground-colorServiceStreamed" colorServiceDescription="layer-a-channelselection-foreground-ServiceDescription" colorServiceDescriptionSelected="layer-a-channelselection-foreground-ServiceDescriptionSelected" colorEventProgressbarBorder="layer-a-selection-background" colorEventProgressbarBorderSelected="layer-a-channelselection-foregroundColorSelected" foregroundColorServiceNotAvail="#00555555" serviceItemHeight="45" serviceNumberFont="epg_event;33" serviceNameFont="epg_event;33" serviceInfoFont="epg_text;30" transparent="0" backgroundColor="layer-a-background" foregroundColor="layer-a-channelselection-foreground" backgroundColorSelected="layer-a-selection-background" foregroundColorSelected="layer-a-channelselection-foregroundColorSelected" />
		<widget source="ServiceEvent" render="MetrixHDRunningText" options="movetype=none,startdelay=600,steptime=60,direction=top,startpoint=0,wrap=1,always=0,repeat=2,oneshot=1" position="1028,642" size="780,260" font="epg_info; 29" zPosition="2" backgroundColor="layer-b-background" foregroundColor="layer-b-accent1" transparent="0" halign="left" valign="top">
			<convert type="EventName">FullDescription</convert>
		</widget>
	</screen>
	<screen name="RTSB_ChannelSelection-1_list_plus_description">
		<panel name="RTSB_ChannelList_StandardList"/>
		<widget source="ServiceEvent" render="MetrixHDRunningText" options="movetype=none,startdelay=600,steptime=60,direction=top,startpoint=0,wrap=1,always=0,repeat=2,oneshot=1" position="1238,293" size="578,375" font="epg_info; 29" backgroundColor="layer-b-background" foregroundColor="layer-b-foreground" transparent="0" halign="left" valign="top">
			<convert type="EventName">FullDescription</convert>
		</widget>
	</screen>
	<screen name="RTSB_ChannelSelection-1P_list_plus_description">
		<panel name="RTSB_ChannelList_StandardList"/>
		<widget source="ServiceEvent" render="MetrixHDRunningText" options="movetype=none,startdelay=600,steptime=60,direction=top,startpoint=0,wrap=1,always=0,repeat=2,oneshot=1" position="1238,285" size="578,375" font="epg_info; 29" backgroundColor="layer-b-background" foregroundColor="layer-b-foreground" transparent="0" halign="left" valign="top">
			<convert type="EventName">FullDescription</convert>
		</widget>
	</screen>
	<screen name="RTSB_ChannelSelection-2_list_plus_description">
		<panel name="RTSB_ChannelList_StandardList"/>
		<widget source="ServiceEvent" render="MetrixHDRunningText" options="movetype=none,startdelay=600,steptime=60,direction=top,startpoint=0,wrap=1,always=0,repeat=2,oneshot=1" position="1238,465" size="578,339" font="epg_info; 29" backgroundColor="layer-b-background" foregroundColor="layer-b-foreground" transparent="0" halign="left" valign="top">
			<convert type="EventName">FullDescription</convert>
		</widget>
	</screen>
	<screen name="RTSB_ChannelSelection-2P_list_plus_description">
		<panel name="RTSB_ChannelList_StandardList"/>
		<widget source="ServiceEvent" render="MetrixHDRunningText" options="movetype=none,startdelay=600,steptime=60,direction=top,startpoint=0,wrap=1,always=0,repeat=2,oneshot=1" position="1238,453" size="578,339" font="epg_info; 29" backgroundColor="layer-b-background" foregroundColor="layer-b-foreground" transparent="0" halign="left" valign="top">
			<convert type="EventName">FullDescription</convert>
		</widget>
	</screen>
	<screen name="RTSB_ChannelSelection-3_list_plus_description">
		<widget name="list" position="636,158" size="1188,765" scrollbarMode="showNever" fieldMargins="8" itemsDistances="8" progressbarHeight="12" progressBarWidth="75" progressbarBorderWidth="2" colorServiceRecorded="layer-a-channelselection-foreground-colorServiceRecorded" colorServicePseudoRecorded="layer-a-channelselection-foreground-colorServicePseudoRecorded" colorServiceStreamed="layer-a-channelselection-foreground-colorServiceStreamed" colorServiceDescription="#00bdbd" colorServiceDescriptionSelected="#ffcc66" colorEventProgressbarBorder="layer-a-selection-background" colorEventProgressbarBorderSelected="layer-a-channelselection-foregroundColorSelected" foregroundColorServiceNotAvail="#00555555" serviceItemHeight="45" serviceNumberFont="epg_event;33" serviceNameFont="epg_event;33" serviceInfoFont="epg_text;30" transparent="0" backgroundColor="layer-a-background" foregroundColor="layer-a-channelselection-foreground" backgroundColorSelected="layer-a-selection-background" foregroundColorSelected="layer-a-channelselection-foregroundColorSelected" />
		<widget source="ServiceEvent" render="MetrixHDRunningText" options="movetype=none,startdelay=600,steptime=60,direction=top,startpoint=0,wrap=1,always=0,repeat=2,oneshot=1" position="90,425" size="483,339" font="epg_info; 29" backgroundColor="layer-b-background" foregroundColor="layer-b-foreground" transparent="0" halign="left" valign="top">
			<convert type="EventName">FullDescription</convert>
		</widget>
	</screen>
	<screen name="RTSB_ChannelSelection-4_list_plus_description">
		<widget name="list" position="636,158" size="1188,765" scrollbarMode="showNever" fieldMargins="8" itemsDistances="8" progressbarHeight="12" progressBarWidth="75" progressbarBorderWidth="2" colorServiceRecorded="layer-a-channelselection-foreground-colorServiceRecorded" colorServicePseudoRecorded="layer-a-channelselection-foreground-colorServicePseudoRecorded" colorServiceStreamed="layer-a-channelselection-foreground-colorServiceStreamed" colorServiceDescription="layer-a-channelselection-foreground-ServiceDescription" colorServiceDescriptionSelected="layer-a-channelselection-foreground-ServiceDescriptionSelected" colorEventProgressbarBorder="layer-a-selection-background" colorEventProgressbarBorderSelected="layer-a-channelselection-foregroundColorSelected" foregroundColorServiceNotAvail="#00555555" serviceItemHeight="45" serviceNumberFont="epg_event;33" serviceNameFont="epg_event;33" serviceInfoFont="epg_text;30" transparent="0" backgroundColor="layer-a-background" foregroundColor="layer-a-channelselection-foreground" backgroundColorSelected="layer-a-selection-background" foregroundColorSelected="layer-a-channelselection-foregroundColorSelected" />
		<widget source="ServiceEvent" render="MetrixHDRunningText" options="movetype=none,startdelay=600,steptime=60,direction=top,startpoint=0,wrap=1,always=0,repeat=2,oneshot=1" position="90,260" size="483,375" font="epg_info; 29" backgroundColor="layer-b-background" foregroundColor="layer-b-foreground" transparent="0" halign="left" valign="top">
			<convert type="EventName">FullDescription</convert>
		</widget>
	</screen>
	<screen name="RTSB_ChannelSelectionRadio_list_plus_description">
		<widget name="list" position="105,198" size="1050,570" scrollbarMode="showNever" fieldMargins="8" itemsDistances="8" progressbarHeight="12" progressBarWidth="75" progressbarBorderWidth="2" colorServiceRecorded="layer-a-channelselection-foreground-colorServiceRecorded" colorServicePseudoRecorded="layer-a-channelselection-foreground-colorServicePseudoRecorded" colorServiceStreamed="layer-a-channelselection-foreground-colorServiceStreamed" colorServiceDescription="layer-a-channelselection-foreground-ServiceDescription" colorServiceDescriptionSelected="layer-a-channelselection-foreground-ServiceDescriptionSelected" colorEventProgressbarBorder="layer-a-selection-background" colorEventProgressbarBorderSelected="layer-a-channelselection-foregroundColorSelected" foregroundColorServiceNotAvail="#00555555" serviceItemHeight="45" serviceNumberFont="epg_event;33" serviceNameFont="epg_event;33" serviceInfoFont="epg_text;30" transparent="0" backgroundColor="layer-a-background" foregroundColor="layer-a-channelselection-foreground" backgroundColorSelected="layer-a-selection-background" foregroundColorSelected="layer-a-channelselection-foregroundColorSelected" />
		<widget source="ServiceEvent" render="MetrixHDRunningText" options="movetype=none,startdelay=600,steptime=60,direction=top,startpoint=0,wrap=1,always=0,repeat=2,oneshot=1" position="1223,285" size="578,375" font="epg_info; 29" backgroundColor="layer-a-background" foregroundColor="layer-a-foreground" transparent="0" halign="left" valign="top">
			<convert type="EventName">FullDescription</convert>
		</widget>
	</screen>
<!-- cf#_#stop -->
	<screen name="RTSB_Infobarepgwidget_description">
		<widget source="session.Event_Now" render="MetrixHDRunningText" options="movetype=none,startdelay=600,steptime=60,direction=top,startpoint=0,wrap=1,always=0,repeat=2,oneshot=1" size="833,473" position="105,237" backgroundColor="layer-a-background" foregroundColor="layer-a-foreground" font="epg_info; 30" halign="right" transparent="1" zPosition="1">
			<convert type="EventName">FullDescription</convert>
		</widget>
		<widget source="session.Event_Next" render="MetrixHDRunningText" options="movetype=none,startdelay=600,steptime=60,direction=top,startpoint=0,wrap=1,always=0,repeat=2,oneshot=1" size="833,398" position="983,276" backgroundColor="layer-b-background" foregroundColor="layer-b-foreground" font="epg_info; 30" halign="left" transparent="1" zPosition="1">
			<convert type="EventName">FullDescription</convert>
		</widget>
	</screen>
	<screen name="RTSB_Infobarepgwidgetfhd_description">
		<widget source="session.Event_Now" render="MetrixHDRunningText" options="movetype=none,startdelay=600,steptime=60,direction=top,startpoint=0,wrap=1,always=0,repeat=2,oneshot=1" size="1248,696" position="158,353" backgroundColor="layer-a-background" foregroundColor="layer-a-foreground" font="epg_info;45" halign="right" transparent="1" zPosition="1">
			<convert type="EventName">FullDescription</convert>
		</widget>
		<widget source="session.Event_Next" render="MetrixHDRunningText" options="movetype=none,startdelay=600,steptime=60,direction=top,startpoint=0,wrap=1,always=0,repeat=2,oneshot=1" size="1248,582" position="1473,413" backgroundColor="layer-b-background" foregroundColor="layer-b-foreground" font="epg_info;45" halign="left" transparent="1" zPosition="1">
			<convert type="EventName">FullDescription</convert>
		</widget>
	</screen>
	<screen name="RTSB_Infobarepgwidgetuhd_description">
		<widget source="session.Event_Now" render="MetrixHDRunningText" options="movetype=none,startdelay=600,steptime=60,direction=top,startpoint=0,wrap=1,always=0,repeat=2,oneshot=1" size="2498,1418" position="315,711" backgroundColor="layer-a-background" foregroundColor="layer-a-foreground" font="epg_info; 90" halign="right" transparent="1" zPosition="1">
			<convert type="EventName">FullDescription</convert>
		</widget>
		<widget source="session.Event_Next" render="MetrixHDRunningText" options="movetype=none,startdelay=600,steptime=60,direction=top,startpoint=0,wrap=1,always=0,repeat=2,oneshot=1" size="2498,1193" position="2948,830" backgroundColor="layer-b-background" foregroundColor="layer-b-foreground" font="epg_info; 90" halign="left" transparent="1" zPosition="1">
			<convert type="EventName">FullDescription</convert>
		</widget>
	</screen>
<!--EPG/Channellist list, description - running text and scrollbar settings -->
<!-- cf#_#begin -->
<!-- Show Menu Buttons -->
	<screen name="MenuButtons">
		<panel name="MenuButtons_template"/>
	</screen>
<!-- Menu Buttons -->
</skin>
