<skin>
	<screen name="VIXMenu" position="center,center" size="915,615">
			<ePixmap pixmap="skin_default/buttons/red.png" position="0,0" size="210,60" alphatest="on" />
			<widget source="key_red" render="Label" position="0,0" zPosition="1" size="210,60" font="Regular;30" halign="center" valign="center" backgroundColor="#9f1313" transparent="1" />
			<widget source="menu" render="Listbox" position="22,90" size="495,435" scrollbarMode="showOnDemand">
				<convert type="TemplatedMultiContent">
					{"template": [
							MultiContentEntryText(pos = (3,3), size = (495,36), flags = RT_HALIGN_LEFT, text = 1), # index 0 is the MenuText,
						],
					"fonts": [gFont("Regular",33)],
					"itemHeight":38
					}
				</convert>
			</widget>
			<widget source="menu" render="Listbox" position="540,75" size="360,450" scrollbarMode="showNever" selectionDisabled="1">
				<convert type="TemplatedMultiContent">
					{"template": [
							MultiContentEntryText(pos = (3,3), size = (360,450), flags = RT_HALIGN_CENTER|RT_VALIGN_CENTER|RT_WRAP, text = 2), # index 2 is the Description,
						],
					"fonts": [gFont("Regular",33)],
					"itemHeight":450
					}
				</convert>
			</widget>
			<widget source="status" render="Label" position="7,540" zPosition="10" size="900,75" halign="center" valign="center" font="Regular;33" transparent="1" shadowColor="black" shadowOffset="-1,-1" />
		</screen>

	<!-- VIXImageManager -->
	<screen name="VIXImageManager" position="center,center" size="840,600">
		<ePixmap pixmap="skin_default/buttons/red.png" position="0,0" size="210,60" alphatest="on" />
		<ePixmap pixmap="skin_default/buttons/green.png" position="210,0" size="210,60" alphatest="on" />
		<ePixmap pixmap="skin_default/buttons/yellow.png" position="420,0" size="210,60" alphatest="on" />
		<ePixmap pixmap="skin_default/buttons/blue.png" position="630,0" size="210,60" alphatest="on" />
		<widget name="key_red" position="0,0" zPosition="1" size="210,60" font="Regular;30" halign="center" valign="center" backgroundColor="#9f1313" transparent="1" />
		<widget name="key_green" position="210,0" zPosition="1" size="210,60" font="Regular;30" halign="center" valign="center" backgroundColor="#1f771f" transparent="1" />
		<widget name="key_yellow" position="420,0" zPosition="1" size="210,60" font="Regular;30" halign="center" valign="center" backgroundColor="#a08500" transparent="1" />
		<widget name="key_blue" position="630,0" zPosition="1" size="210,60" font="Regular;30" halign="center" valign="center" backgroundColor="#18188b" transparent="1" />
		<ePixmap pixmap="skin_default/buttons/key_menu.png" position="0,60" size="52,37" alphatest="blend" transparent="1" zPosition="3" />
		<widget name="lab1" position="0,75" size="840,75" font="Regular; 18" zPosition="2" transparent="0" halign="center" />
		<widget name="list" position="15,157" size="810,390" scrollbarMode="showOnDemand" />
		<widget name="backupstatus" position="15,555" size="600,45" font="Regular;30" zPosition="5" />
		<applet type="onLayoutFinish">
			self["list"].instance.setItemHeight(38)
		</applet>
	</screen>

	<screen name="VIXBackupManagerLogView" position="center,center" size="840,600">
		<widget name="list" position="0,0" size="840,600" font="Regular;24"/>
	</screen>
	
	<screen name="VIXBackupManager" position="center,center" size="840,600">
		<ePixmap pixmap="skin_default/buttons/red.png" position="0,0" size="210,60" alphatest="on" />
		<ePixmap pixmap="skin_default/buttons/green.png" position="210,0" size="210,60" alphatest="on" />
		<ePixmap pixmap="skin_default/buttons/yellow.png" position="420,0" size="210,60" alphatest="on" />
		<widget name="key_red" position="0,0" zPosition="1" size="210,60" font="Regular;30" halign="center" valign="center" backgroundColor="#9f1313" transparent="1" />
		<widget name="key_green" position="210,0" zPosition="1" size="210,60" font="Regular;30" halign="center" valign="center" backgroundColor="#1f771f" transparent="1" />
		<widget name="key_yellow" position="420,0" zPosition="1" size="210,60" font="Regular;30" halign="center" valign="center" backgroundColor="#a08500" transparent="1" />
		<ePixmap pixmap="skin_default/buttons/key_menu.png" position="0,60" size="52,37" alphatest="blend" transparent="1" zPosition="3" />
		<ePixmap pixmap="skin_default/buttons/key_info.png" position="60,60" size="52,37" alphatest="blend" transparent="1" zPosition="3" />
		<widget name="lab1" position="0,75" size="840,75" font="Regular; 18" zPosition="2" transparent="0" halign="center"/>
		<widget name="list" position="15,157" size="810,390" scrollbarMode="showOnDemand" />
		<widget name="backupstatus" position="15,555" size="600,45" font="Regular;30" zPosition="5" />
		<applet type="onLayoutFinish">
			self["list"].instance.setItemHeight(38)
		</applet>
	</screen>
	
	<screen name="BackupSelection" position="center,center" size="840,600">
			<ePixmap pixmap="skin_default/buttons/red.png" position="0,0" size="210,60" alphatest="on"/>
			<ePixmap pixmap="skin_default/buttons/green.png" position="210,0" size="210,60" alphatest="on"/>
			<ePixmap pixmap="skin_default/buttons/yellow.png" position="420,0" size="210,60" alphatest="on"/>
			<widget source="key_red" render="Label" position="0,0" zPosition="1" size="210,60" font="Regular;30" halign="center" valign="center" backgroundColor="#9f1313" transparent="1"/>
			<widget source="key_green" render="Label" position="210,0" zPosition="1" size="210,60" font="Regular;30" halign="center" valign="center" backgroundColor="#1f771f" transparent="1"/>
			<widget source="key_yellow" render="Label" position="420,0" zPosition="1" size="210,60" font="Regular;30" halign="center" valign="center" backgroundColor="#a08500" transparent="1"/>
			<widget name="checkList" position="7,75" size="825,375" transparent="1" scrollbarMode="showOnDemand"/>
	</screen>
	
	<screen name="VIXBackupManagerMenu" position="center,center" size="840,825">
		<ePixmap pixmap="skin_default/buttons/red.png" position="0,0" size="210,60" alphatest="on"/>
		<ePixmap pixmap="skin_default/buttons/green.png" position="210,0" size="210,60" alphatest="on"/>
		<ePixmap pixmap="skin_default/buttons/yellow.png" position="420,0" size="210,60" alphatest="on"/>
		<ePixmap pixmap="skin_default/buttons/blue.png" position="630,0" size="210,60" alphatest="on"/>
		<widget name="key_red" position="0,0" zPosition="1" size="210,60" font="Regular;30" halign="center" valign="center" backgroundColor="#9f1313" transparent="1"/>
		<widget name="key_green" position="210,0" zPosition="1" size="210,60" font="Regular;30" halign="center" valign="center" backgroundColor="#1f771f" transparent="1"/>
		<widget name="key_yellow" position="420,0" zPosition="1" size="210,60" font="Regular;30" halign="center" valign="center" backgroundColor="#a08500" transparent="1"/>
		<widget name="key_blue" position="630,0" zPosition="1" size="210,60" font="Regular;30" halign="center" valign="center" backgroundColor="#18188b" transparent="1"/>
		<widget name="HelpWindow" pixmap="buttons/vkey_icon.png" position="675,765" zPosition="1" size="1,1" transparent="1" alphatest="on"/>
		<widget source="VKeyIcon" render="Pixmap" pixmap="buttons/key_text.png" position="0,750" zPosition="1" size="52,37" transparent="1" alphatest="on">
			<convert type="ConditionalShowHide"/>
		</widget>
		<widget name="footnote" position="0,75" size="450,30" zPosition="1" font="Regular;30" halign="left" transparent="1" valign="top"/>
		<widget name="config" position="0,135" size="840,562" transparent="0" enableWrapAround="1" scrollbarMode="showOnDemand"/>
		<widget name="description" position="0,e-75" size="840,112" font="Regular;27" halign="center" valign="top" transparent="0" zPosition="1"/>
	</screen>
	
	<screen name="VIXIPKInstaller" position="center,center" size="840,600">
		<ePixmap pixmap="skin_default/buttons/red.png" position="0,0" size="210,60" alphatest="on"/>
		<ePixmap pixmap="skin_default/buttons/green.png" position="210,0" size="210,60" alphatest="on"/>
		<ePixmap pixmap="skin_default/buttons/yellow.png" position="420,0" size="210,60" alphatest="on"/>
		<widget name="key_red" position="0,0" zPosition="1" size="210,60" font="Regular;30" halign="center" valign="center" backgroundColor="#9f1313" transparent="1"/>
		<widget name="key_green" position="210,0" zPosition="1" size="210,60" font="Regular;30" halign="center" valign="center" backgroundColor="#1f771f" transparent="1"/>
		<widget name="key_yellow" position="420,0" zPosition="1" size="210,60" font="Regular;30" halign="center" valign="center" backgroundColor="#1f771f" transparent="1"/>
		<widget name="lab1" position="0,75" size="840,75" font="Regular; 20" zPosition="2" transparent="0" halign="center"/>
		<widget name="list" position="15,157" size="810,450" scrollbarMode="showOnDemand"/>
		<applet type="onLayoutFinish">
			self["list"].instance.setItemHeight(38)
		</applet>
	</screen>
	
	<screen name="IpkgInstaller" position="center,center" size="825,675" >
			<ePixmap pixmap="skin_default/buttons/red.png" position="0,0" size="210,60" alphatest="on"/>
			<ePixmap pixmap="skin_default/buttons/green.png" position="210,0" size="210,60" alphatest="on"/>
			<ePixmap pixmap="skin_default/buttons/yellow.png" position="420,0" size="210,60" alphatest="on"/>
			<ePixmap pixmap="skin_default/buttons/blue.png" position="630,0" size="210,60" alphatest="on"/>
			<widget source="key_red" render="Label" position="0,0" zPosition="1" size="210,60" font="Regular;30" halign="center" valign="center" backgroundColor="#9f1313" transparent="1"/>
			<widget source="key_green" render="Label" position="210,0" zPosition="1" size="210,60" font="Regular;30" halign="center" valign="center" backgroundColor="#1f771f" transparent="1"/>
			<widget source="key_yellow" render="Label" position="420,0" zPosition="1" size="210,60" font="Regular;30" halign="center" valign="center" backgroundColor="#a08500" transparent="1"/>
			<widget source="key_blue" render="Label" position="630,0" zPosition="1" size="210,60" font="Regular;30" halign="center" valign="center" backgroundColor="#18188b" transparent="1"/>
			<widget name="list" position="7,75" size="810,540"/>
			<ePixmap pixmap="skin_default/div-h.png" position="0,615" zPosition="10" size="840,3" transparent="1" alphatest="on"/>
			<widget source="introduction" render="Label" position="7,630" zPosition="10" size="825,45" halign="center" valign="center" font="Regular;33" transparent="1" shadowColor="black" shadowOffset="-1,-1"/>
	</screen>
	
	<screen name="VIXSoftcamManager" position="center,center" size="840,600">
		<ePixmap pixmap="skin_default/buttons/red.png" position="0,0" size="210,60" alphatest="on" />
		<ePixmap pixmap="skin_default/buttons/green.png" position="210,0" size="210,60" alphatest="on" />
		<ePixmap pixmap="skin_default/buttons/yellow.png" position="420,0" size="210,60" alphatest="on" />
		<ePixmap pixmap="skin_default/buttons/blue.png" position="630,0" size="210,60" alphatest="on" />
		<widget name="key_red" position="0,0" zPosition="1" size="210,60" font="Regular;30" halign="center" valign="center" backgroundColor="#9f1313" transparent="1" />
		<widget name="key_green" position="210,0" zPosition="1" size="210,60" font="Regular;30" halign="center" valign="center" backgroundColor="#1f771f" transparent="1" />
		<widget name="key_yellow" position="420,0" zPosition="1" size="210,60" font="Regular;30" halign="center" valign="center" backgroundColor="#a08500" transparent="1" />
		<widget name="key_blue" position="630,0" zPosition="1" size="210,60" font="Regular;30" halign="center" valign="center" backgroundColor="#a08500" transparent="1" />
		<widget name="lab1" position="60,90" size="255,30" font="Regular; 22" halign="right" zPosition="2" transparent="0" />
		<widget name="list" position="337,90" size="360,300" transparent="0" scrollbarMode="showOnDemand" />
		<widget name="lab2" position="75,467" size="255,45" font="Regular; 22" halign="right" zPosition="2" transparent="0" />
		<widget name="activecam" position="346,423" size="360,150" font="Regular; 20" valign="center" halign="left" zPosition="2" transparent="0" noWrap="1" />
		<applet type="onLayoutFinish">
			self["list"].instance.setItemHeight(38)
		</applet>
	</screen>
	
	<screen name="VIXStartCam" position="center,center" size="484, 450" title="Starting Softcam">
		<widget name="connect" position="217, 0" size="96,96" zPosition="2" pixmaps="ViX_HD_Common/busy/busy1.png,ViX_HD_Common/busy/busy2.png,ViX_HD_Common/busy/busy3.png,ViX_HD_Common/busy/busy4.png,ViX_HD_Common/busy/busy5.png,ViX_HD_Common/busy/busy6.png,ViX_HD_Common/busy/busy7.png,ViX_HD_Common/busy/busy8.png,ViX_HD_Common/busy/busy9.png,ViX_HD_Common/busy/busy9.png,ViX_HD_Common/busy/busy10.png,ViX_HD_Common/busy/busy11.png,ViX_HD_Common/busy/busy12.png,ViX_HD_Common/busy/busy13.png,ViX_HD_Common/busy/busy14.png,ViX_HD_Common/busy/busy15.png,ViX_HD_Common/busy/busy17.png,ViX_HD_Common/busy/busy18.png,ViX_HD_Common/busy/busy19.png,ViX_HD_Common/busy/busy20.png,ViX_HD_Common/busy/busy21.png,ViX_HD_Common/busy/busy22.png,ViX_HD_Common/busy/busy23.png,ViX_HD_Common/busy/busy24.png"  transparent="1" alphatest="blend"/>
		<widget name="lab1" position="10, 80" halign="center" size="460, 220" zPosition="1" font="Regular;30" valign="top" transparent="1"/>
	</screen>
	
	<screen name="VIXStopCam" position="center,center" size="484, 450">
		<widget name="connect" position="217, 0" size="96,96" zPosition="2" pixmaps="ViX_HD_Common/busy/busy1.png,ViX_HD_Common/busy/busy2.png,ViX_HD_Common/busy/busy3.png,ViX_HD_Common/busy/busy4.png,ViX_HD_Common/busy/busy5.png,ViX_HD_Common/busy/busy6.png,ViX_HD_Common/busy/busy7.png,ViX_HD_Common/busy/busy8.png,ViX_HD_Common/busy/busy9.png,ViX_HD_Common/busy/busy9.png,ViX_HD_Common/busy/busy10.png,ViX_HD_Common/busy/busy11.png,ViX_HD_Common/busy/busy12.png,ViX_HD_Common/busy/busy13.png,ViX_HD_Common/busy/busy14.png,ViX_HD_Common/busy/busy15.png,ViX_HD_Common/busy/busy17.png,ViX_HD_Common/busy/busy18.png,ViX_HD_Common/busy/busy19.png,ViX_HD_Common/busy/busy20.png,ViX_HD_Common/busy/busy21.png,ViX_HD_Common/busy/busy22.png,ViX_HD_Common/busy/busy23.png,ViX_HD_Common/busy/busy24.png"  transparent="1" alphatest="blend"/>
		<widget name="lab1" position="10, 80" halign="center" size="460, 220" zPosition="1" font="Regular;30" valign="top" transparent="1"/>
	</screen>
	
	<screen name="VIXSoftcamLog" position="center,center" size="560,400">
		<widget name="list" position="0,0" size="560,400" font="Regular;14"/>
	</screen>
	
	
	
</skin>
