﻿<?xml version="1.0"?>
<stream>

<mp3>
	<name>أحمد العجمي</name>
	<icon>Ahmad-Alajamy.png</icon>
	<type>rtsp:4097:512</type>
	<uri> http://archive.org/download/Ahmed_Al-Ajmi_Quran/</uri>
</mp3>


<mp3>
	<name>ماهر المعيقلي</name>
	<icon>Maher-Almuaiqly.png</icon>
	<type>rtsp:4097:512</type>
	<uri> http://archive.org/download/Maher_Al-Muaiqly_Quran/</uri>
</mp3>

<mp3>
	<name>سعد الغامدي</name>
	<icon>Saad-Alghamdi.png</icon>
	<type>rtsp:4097:512</type>
	<uri> http://archive.org/download/Saad_Alghamdi_Quran/</uri>
</mp3>

<mp3>
	<name>مشاري العفاسي</name>
	<icon>Mishary-Alafasy.png</icon>
	<type>rtsp:4097:512</type>
	<uri> http://archive.org/download/Mishary__Alafasy/</uri>
</mp3>

<mp3>
	<name>عبد الباسط  - مجود</name>
	<icon>Abdulbasit.png</icon>
	<type>rtsp:4097:512</type>
	<uri> https://server13.mp3quran.net/basit_mjwd/</uri>
</mp3>


<mp3>
	<name>هاني الرفاعي</name>
	<icon>Hani-Alrefai.png</icon>
	<type>rtsp:4097:512</type>
	<uri> http://archive.org/download/Hani_Arrifai/</uri>
</mp3>


<mp3>
	<name>ياسين الجزائري</name>
	<icon>Alqari-Yassen.png</icon>
	<type>rtsp:4097:512</type>
	<uri> http://archive.org/download/Yassine_El-Jazaery-Warsh_MoroccoVoice/</uri>
</mp3>

<mp3>
	<name>عبد الرحمن السديس</name>
	<icon>Abdulrahman-Alsudais.png</icon>
	<type>rtsp:4097:512</type>
	<uri> http://archive.org/download/Abdulrahman__Alsudais/</uri>
</mp3>


<mp3>
	<name>محمد صديق المنشاوي</name>
	<icon>Mohammad-Minshawi.png</icon>
	<type>rtsp:4097:512</type>
	<uri> http://archive.org/download/Al-Minshawy_Muratal_Quran/</uri>
</mp3>

<mp3>
	<name>خالد الجليل</name>
	<icon>Khalid-Jalil.png</icon>
	<type>rtsp:4097:512</type>
	<uri> http://archive.org/download/kaled_jalil/</uri>
	
</mp3>

<mp3>
	<name>ياسر الدوسري</name>
	<icon>Yasser_Al-Dossari.png</icon>
	<type>rtsp:4097:512</type>
	<uri>http://www.archive.org/download/Yasser_Al-Dossari_Quran/</uri>
	
</mp3>


<mp3>
	<name>ناصر القطامي</name>
	<icon>naser-alqtami.png</icon>
	<type>rtsp:4097:512</type>
	<uri>http://www.archive.org/download/Nasser_Alqtami_Quran/</uri>
	
</mp3>

 <mp3>
	<name>ادريس ابكر</name>
	<icon>edrees.png</icon>
	<type>rtsp:4097:512</type>
	<uri>http://server6.mp3quran.net/abkr/</uri>
	
</mp3>

<mp3>
	<name>ابوبكر الشاطري</name>
	<icon>alshateri.png</icon>
	<type>rtsp:4097:512</type>
	<uri>http://server11.mp3quran.net/shatri/</uri>
	
</mp3>


<mp3>
	<name>فارس عباد</name>
	<icon>fares-3bad.png</icon>
	<type>rtsp:4097:512</type>
	<uri>http://server8.mp3quran.net/frs_a/</uri>
	
</mp3>

<mp3>
	<name>علي الحذيفي</name>
	<icon>hthfi.png</icon>
	<type>rtsp:4097:512</type>
	<uri>http://server9.mp3quran.net/hthfi/</uri>
	
</mp3>


<mp3>
	<name>عبدالله الجهني</name>
	<icon>jhn.png</icon>
	<type>rtsp:4097:512</type>
	<uri>http://server13.mp3quran.net/jhn/</uri>
	
</mp3>

<mp3>
	<name>بندر بليله</name>
	<icon>bander-belila.png</icon>
	<type>rtsp:4097:512</type>
	<uri>http://server6.mp3quran.net/balilah/</uri>
	
</mp3>

<mp3>
	<name>سعود الشريم</name>
	<icon>Saud-Alshuraim.png</icon>
	<type>rtsp:4097:512</type>
	<uri>http://server7.mp3quran.net/shur/</uri>
	
</mp3>

<mp3>
	<name>علي جابر</name>
	<icon>ali-djaber.png</icon>
	<type>rtsp:4097:512</type>
	<uri>http://server11.mp3quran.net/a_jbr/</uri>
	
</mp3>

<mp3>
	<name>صلاح البدير</name>
	<icon>Salah-Albudair.png</icon>
	<type>rtsp:4097:512</type>
	<uri>http://server6.mp3quran.net/s_bud/</uri>
	
</mp3>

<mp3>
	<name>عبدالرحمن العوسي</name>
	<icon>aliouassi.png</icon>
	<type>rtsp:4097:512</type>
	<uri>http://server6.mp3quran.net/aloosi/</uri>
	
</mp3>

<mp3>
	<name>وديع اليمني</name>
	<icon>wadi3-yemani.png</icon>
	<type>rtsp:4097:512</type>
	<uri>http://server6.mp3quran.net/wdee3/</uri>
	
</mp3>

<mp3>
	<name>محمد أيوب</name>
	<icon>med-ayoub.png</icon>
	<type>rtsp:4097:512</type>
	<uri>http://server8.mp3quran.net/ayyub/</uri>
	
</mp3>

<mp3>
	<name>صلاح بوخاطر</name>
	<icon>saleh-boukhater.png</icon>
	<type>rtsp:4097:512</type>
	<uri>http://server8.mp3quran.net/bu_khtr/</uri>
	
</mp3>

<mp3>
	<name>عبد الله المطرود</name>
	<icon>abdellah-matrod.png</icon>
	<type>rtsp:4097:512</type>
	<uri>http://server8.mp3quran.net/mtrod/</uri>
	
</mp3>

<mp3>
	<name>عمر القزابري</name>
	<icon>omar-kazaberi.png</icon>
	<type>rtsp:4097:512</type>
	<uri>http://server9.mp3quran.net/omar_warsh/</uri>
	
</mp3>

<mp3>
	<name>محمد المحيسني</name>
	<icon>mohamed-mhsni.png</icon>
	<type>rtsp:4097:512</type>
	<uri>http://server11.mp3quran.net/mhsny/</uri>
	
</mp3>

<mp3>
	<name>محمد الصديق المنشاوي مجود</name>
	<icon>med-sedik-menchwi.png</icon>
	<type>rtsp:4097:512</type>
	<uri>http://server11.mp3quran.net/minsh_mjwd/</uri>
	
</mp3>

<mp3>
	<name>الشيخ محمد رشاد الشريف</name>
	<icon>Mohammad_Rashad_Al_Shareef.png</icon>
	<type>rtsp:4097:512</type>
	<uri>http://server10.mp3quran.net/rashad/</uri>
	
</mp3>

<mp3>
	<name>محمد الأيراوي - ورش</name>
	<icon>Mohammad_Irawi.png</icon>
	<type>rtsp:4097:512</type>
	<uri>http://server6.mp3quran.net/earawi/</uri>
	
</mp3>

<mp3>
	<name>خليفة الطنيجي</name>
	<icon>Khalifah_At-Tonaeijy.png</icon>
	<type>rtsp:4097:512</type>
	<uri> https://archive.org/download/Khalifah_At-Tonaeijy_MP3_Quran/</uri>
</mp3>

</stream>
